gender,senior_citizen,Partner,Dependents,tenure,contract,paperless_billing,monthly_charges,total_charges,phone_service,charge_per_tenure,total_addons,high_risk_flag,payment_risk_flag,tenure_group,multiple_lines_No phone service,multiple_lines_Yes,internet_service_Fiber optic,internet_service_No,online_security_No internet service,online_security_Yes,online_backup_No internet service,online_backup_Yes,device_protection_No internet service,device_protection_Yes,tech_support_No internet service,tech_support_Yes,streaming_tv_No internet service,streaming_tv_Yes,streaming_movies_No internet service,streaming_movies_Yes,payment_method_Credit card (automatic),payment_method_Electronic check,payment_method_Mailed check,churn
1,0,0,0,0.1023712383613841,0,0,-0.5219756496159262,-0.26225719995201097,0,-0.5023626608459871,0.5079352703082123,0,1,2.0,1,0,0,0,0,0,0,0,0,1,0,0,0,1,0,1,0,1,0,0
1,0,1,1,-0.7117434584104956,0,0,0.3374778078243394,-0.5036347857749957,1,-0.11921851821206929,-0.5705298937831644,0,1,1.0,0,0,1,0,0,1,0,0,0,0,0,0,0,0,0,0,0,0,1,0
1,0,1,1,-0.7931549280876836,2,0,-0.8090131942822701,-0.7498829245931361,0,-0.3261965553680071,0.5079352703082123,0,1,1.0,1,0,0,0,0,1,0,1,0,0,0,1,0,0,0,0,0,0,1,0
0,0,1,0,-0.2639803751859618,2,1,0.2843841579438598,-0.17272239466719,1,-0.3462580132940339,1.0471678523539008,0,0,2.0,0,0,0,0,0,0,0,1,0,1,0,0,0,1,0,1,1,0,0,0
1,0,1,1,-1.2816237461508113,0,0,-0.6762790695810708,-0.9893737196161955,1,1.9054235730137492,-1.109762475828853,1,1,0.0,0,0,0,0,0,0,0,0,0,0,0,0,0,0,0,0,0,1,0,0
1,0,0,1,1.3642490183577978,2,1,0.48348534499565887,1.2710674769778725,1,-0.5231027693903254,1.5864004343995892,0,0,3.0,0,0,0,0,0,0,0,1,0,1,0,1,0,1,0,1,1,0,0,0
0,0,0,0,-1.2816237461508113,0,0,-1.497571466169742,-1.0002337364297182,1,0.4803288909564722,-1.109762475828853,0,0,0.0,0,0,0,1,1,0,1,0,1,0,1,0,1,0,1,0,1,0,0,0
0,0,1,0,0.30589991255435406,0,0,-0.27641751891870747,0.03500010874782714,1,-0.5007710300932582,-0.5705298937831644,0,0,2.0,0,1,0,0,0,0,0,1,0,0,0,0,0,0,0,0,1,0,0,0
0,0,1,0,1.3235432835192036,2,1,-0.17023021915774814,0.6620728371601656,1,-0.5554056707444153,-0.031297311737476054,0,0,3.0,0,0,0,0,0,0,0,0,0,0,0,1,0,1,0,0,1,0,0,0
0,0,0,0,1.1200146093262338,1,0,0.5183280527297236,1.1179083307653424,1,-0.5076801196143853,1.0471678523539008,0,0,3.0,0,1,0,0,0,0,0,0,0,1,0,1,0,1,0,1,1,0,0,0
0,1,0,0,-1.1188008067964355,0,0,-0.1669118660402181,-0.8826164634250809,1,0.48992548814204295,0.5079352703082123,0,0,0.0,0,0,0,0,0,1,0,1,0,0,0,1,0,0,0,0,1,0,0,0
0,0,1,1,-1.1188008067964355,0,1,-0.5153389433808665,-0.9068814706892347,1,0.2883969472450542,-0.5705298937831644,1,1,0.0,0,0,0,0,0,1,0,0,0,0,0,0,0,0,0,0,0,0,1,0
0,0,0,0,-1.2409180113122174,0,0,-0.46390447005915153,-0.9549288178036082,1,1.296039651729998,-0.5705298937831644,1,1,0.0,0,0,0,0,0,1,0,0,0,0,0,0,0,0,0,0,0,0,1,0
1,0,1,1,-0.10115743583158582,0,0,0.08860132400959055,-0.13125687592464852,1,-0.4086255760785398,1.0471678523539008,0,1,2.0,0,1,0,0,0,1,0,1,0,1,0,1,0,0,0,0,0,1,0,0
1,0,1,0,0.14307697319997809,0,1,1.0111034906829266,0.5155174587473736,1,-0.36282295041795626,-0.031297311737476054,0,1,2.0,0,1,1,0,0,0,0,0,0,0,0,0,0,1,0,1,0,1,0,0
0,0,1,1,0.9164859351332638,2,1,0.1367174442137754,0.677167163559567,1,-0.5177514899042776,-1.109762475828853,0,0,3.0,0,0,1,0,0,0,0,0,0,0,0,0,0,0,0,0,1,0,0,0
0,0,0,0,-0.06045170099299184,0,1,0.6576988836659831,0.1378082679158427,1,-0.3547550003854248,-0.031297311737476054,0,0,2.0,0,1,1,0,0,1,0,0,0,1,0,0,0,0,0,0,1,0,0,0
0,1,1,1,-0.1825689055087738,0,1,-0.9633166142474143,-0.5816952702649228,0,-0.5171877489119725,-0.5705298937831644,0,1,2.0,1,0,0,0,0,0,0,0,0,0,0,0,0,1,0,0,0,1,0,0
1,0,0,0,-0.6710377235719016,2,0,-1.5257774676687466,-0.8655256490862239,1,-0.5313782546894191,-1.109762475828853,0,0,1.0,0,0,0,1,1,0,1,0,1,0,1,0,1,0,1,0,1,0,0,0
1,0,0,0,-1.0780950719578415,0,0,-1.4859572302583868,-0.9516598430455984,1,-0.32825296905062945,-1.109762475828853,0,0,0.0,0,0,0,1,1,0,1,0,1,0,1,0,1,0,1,0,0,0,0,0
1,1,1,0,-0.22327464034736777,1,1,0.695859944517578,-0.034767271993591815,1,-0.30645498401483273,-0.031297311737476054,0,1,2.0,0,1,1,0,0,1,0,0,0,1,0,0,0,0,0,0,0,1,0,0
1,0,0,0,1.0386031396490458,2,1,-1.3150620447055927,-0.3619938392131716,1,-0.6103650427310561,-1.109762475828853,0,0,3.0,0,1,0,1,1,0,1,0,1,0,1,0,1,0,1,0,1,0,0,0
1,0,1,1,1.6084834273893616,2,1,1.326347036848275,2.3840765940825652,1,-0.49426471034419023,1.5864004343995892,0,0,3.0,0,1,1,0,0,1,0,1,0,1,0,1,0,0,0,1,1,0,0,0
0,0,0,0,-0.1825689055087738,0,1,-0.9682941439237093,-0.587070430101919,0,-0.5177833997717665,-0.031297311737476054,0,1,2.0,1,0,0,0,0,0,0,0,0,1,0,1,0,0,0,0,0,0,1,0
1,0,1,1,0.30589991255435406,1,1,0.667653943018573,0.463499075181995,1,-0.4208618037724314,-0.031297311737476054,0,1,2.0,0,0,1,0,0,0,0,0,0,1,0,0,0,1,0,0,0,1,0,0
1,0,0,0,-1.2816237461508113,0,0,-1.4743429943470319,-0.9999265844390328,1,0.5206345991358698,-1.109762475828853,0,1,0.0,0,0,0,1,1,0,1,0,1,0,1,0,1,0,1,0,0,0,1,1
0,0,0,0,-1.1188008067964355,0,1,0.5000771105833088,-0.8279214696551572,1,0.8757086950019929,-0.5705298937831644,1,1,0.0,0,0,1,0,0,0,0,0,0,0,0,0,0,0,0,1,0,1,0,1
0,0,0,0,-1.2816237461508113,0,1,0.14169497389007057,-0.978557581658485,1,3.3247602967596843,-1.109762475828853,1,1,0.0,0,0,1,0,0,0,0,0,0,0,0,0,0,0,0,0,0,1,0,1
0,0,0,1,-0.8338606629262776,0,1,1.3396204493183947,-0.4491811257120391,1,0.2730423917481409,1.0471678523539008,0,1,1.0,0,1,1,0,0,0,0,1,0,1,0,0,0,1,0,1,0,1,0,0
1,0,0,0,-1.1188008067964355,0,1,1.034331962505636,-0.809975017627962,1,1.1847191243773754,0.5079352703082123,0,1,0.0,0,0,1,0,0,0,0,0,0,0,0,1,0,1,0,1,0,1,0,1
1,0,1,0,1.5677776925507676,2,1,0.7024966507526377,1.64394999367006,1,-0.5220356850764073,2.1256330164452777,0,0,3.0,0,0,0,0,0,1,0,1,0,1,0,1,0,1,0,1,0,0,0,0
1,0,0,0,-1.2002122764736234,0,1,0.39886734049864436,-0.9087024432054416,1,1.5556276055996905,-1.109762475828853,1,1,0.0,0,1,1,0,0,0,0,0,0,0,0,0,0,0,0,0,0,1,0,1
0,0,1,0,-0.10115743583158582,0,0,-1.5025489958460367,-0.7211422740361364,1,-0.5867508025487814,-1.109762475828853,0,0,2.0,0,0,0,1,1,0,1,0,1,0,1,0,1,0,1,0,0,0,0,1
0,0,1,0,-0.30468611002455576,1,1,-1.4842980536996218,-0.7860610412103057,1,-0.5702770409284887,-1.109762475828853,0,0,2.0,0,0,0,1,1,0,1,0,1,0,1,0,1,0,1,0,0,0,0,0
1,0,1,1,0.7943687306174818,2,0,-1.3399496930870676,-0.42487223959207304,1,-0.6064042597672896,-1.109762475828853,0,1,3.0,0,1,0,1,1,0,1,0,1,0,1,0,1,0,1,0,0,0,1,0
0,1,0,0,0.5501343215859179,1,1,1.495583045842304,1.1300847132532315,1,-0.390225401817997,1.5864004343995892,0,1,2.0,0,1,1,0,0,1,0,1,0,1,0,0,0,1,0,1,0,1,0,1
1,0,0,0,-0.9559778674420595,0,1,0.18483356441796028,-0.7465700709793139,1,0.15212526720994765,-1.109762475828853,1,1,1.0,0,0,1,0,0,0,0,0,0,0,0,0,0,0,0,0,0,1,0,0
0,0,1,0,-0.5489205190561197,0,1,0.7273842991341125,-0.32248092955427354,1,-0.15966817534925062,-0.5705298937831644,0,1,1.0,0,1,1,0,0,0,0,0,0,0,0,0,0,1,0,0,0,1,0,0
0,0,0,0,-0.8338606629262776,0,1,-0.5153389433808665,-0.7405367283051346,1,-0.2221420230273171,-0.5705298937831644,0,1,1.0,0,0,0,0,0,0,0,1,0,0,0,0,0,0,0,0,0,1,0,0
1,1,1,0,0.5094285867473239,1,1,1.1206091435614158,0.9769475064686075,1,-0.4126553393286939,1.0471678523539008,0,0,2.0,0,1,1,0,0,0,0,1,0,1,0,1,0,1,0,0,0,0,0,0
0,0,1,1,0.14307697319997809,0,1,1.313073624378155,0.6079921473716129,1,-0.33450002034594706,1.0471678523539008,0,0,2.0,0,1,1,0,0,1,0,0,0,1,0,0,0,1,0,1,1,0,0,0
1,0,0,0,0.22448844287716607,0,1,1.0011484313303363,0.6107345758598762,1,-0.37893565704387533,0.5079352703082123,0,0,2.0,0,1,1,0,0,0,0,1,0,1,0,0,0,0,0,1,1,0,0,0
1,0,1,1,-1.2816237461508113,0,0,-1.5174815848749215,-1.0004970095645918,1,0.4457811410884169,-1.109762475828853,0,1,0.0,0,0,0,1,1,0,1,0,1,0,1,0,1,0,1,0,0,0,1,0
1,0,1,0,-0.9152721326034655,0,1,1.113972437326356,-0.5535689236892943,1,0.37145113379654066,0.5079352703082123,1,1,1.0,0,1,1,0,0,0,0,0,0,1,0,0,0,1,0,1,0,1,0,1
1,0,1,1,-0.7931549280876836,0,0,-0.6679831867872458,-0.7635511881786404,1,-0.2912375227634275,-1.109762475828853,0,0,1.0,0,0,0,0,0,0,0,0,0,0,0,0,0,0,0,0,0,0,0,0
1,0,0,0,-0.5896262538947137,1,1,0.5664441729339085,-0.3834505997053438,1,-0.1627441372892572,1.0471678523539008,0,0,1.0,0,1,0,0,0,0,0,0,0,1,0,1,0,1,0,1,1,0,0,1
0,0,1,0,0.18378270803857208,2,0,-0.6480730680820658,-0.30988769793616844,0,-0.522161956092007,0.5079352703082123,0,1,2.0,1,0,0,0,0,1,0,0,0,0,0,1,0,1,0,0,0,1,0,0
1,0,0,1,-1.1188008067964355,0,0,-1.4793205240233267,-0.9553895457896364,1,-0.2691653492366144,-1.109762475828853,0,0,0.0,0,0,0,1,1,0,1,0,1,0,1,0,1,0,1,0,1,0,0,0
1,0,0,0,-0.8745663977648716,0,0,0.33250027814804467,-0.6510896807319381,1,0.05951810436918861,-0.5705298937831644,1,1,1.0,0,0,1,0,0,0,0,1,0,0,0,0,0,0,0,0,0,1,0,1
1,0,0,1,1.2828375486806096,0,1,1.135541732590301,1.698930200002763,1,-0.484084834206392,1.0471678523539008,0,0,3.0,0,0,1,0,0,0,0,1,0,0,0,1,0,1,0,1,1,0,0,0
1,0,0,0,-1.2816237461508113,0,0,-0.3112602266527725,-0.984547045476852,1,2.538798987261428,-0.5705298937831644,1,1,0.0,0,0,0,0,0,0,0,0,0,0,0,0,0,0,0,1,0,0,1,0
1,1,1,0,0.18378270803857208,0,1,0.9148712502745568,0.5151664279008761,1,-0.37942520005819996,-0.031297311737476054,0,1,2.0,0,1,1,0,0,0,0,0,0,0,0,0,0,1,0,1,0,1,0,1
0,0,1,1,0.631545791263106,0,1,1.3379612727596297,1.183924069334817,1,-0.4123896660082061,1.0471678523539008,0,0,2.0,0,1,1,0,0,1,0,1,0,0,0,0,0,1,0,1,1,0,0,0
1,1,1,0,-0.5082147842175256,0,1,0.9828974891839214,-0.17537706544382886,1,-0.14125641817750526,-0.031297311737476054,0,1,1.0,0,1,1,0,0,0,0,0,0,0,0,0,0,1,0,1,0,1,0,1
0,0,0,0,-0.2639803751859618,0,1,0.15165003324266044,-0.21908040583279326,1,-0.3633186305128266,0.5079352703082123,0,0,2.0,0,1,0,0,0,1,0,1,0,0,0,0,0,1,0,0,0,0,0,0
0,0,0,0,-0.10115743583158582,2,0,-1.5108448786398618,-0.7550825690068833,1,-0.5876795055022237,-1.109762475828853,0,0,2.0,0,0,0,1,1,0,1,0,1,0,1,0,1,0,1,0,1,0,0,0
0,0,0,0,1.4863662228735797,2,1,0.06537285218688103,0.9998083903467704,1,-0.5496875943954024,0.5079352703082123,0,1,3.0,0,1,0,0,0,1,0,1,0,0,0,1,0,0,0,0,0,0,1,0
1,0,1,1,1.2421318138420157,2,1,0.8120023036311275,1.4472630224918142,1,-0.49888389436621755,2.1256330164452777,0,0,3.0,0,1,0,0,0,1,0,1,0,1,0,1,0,1,0,1,1,0,0,0
1,0,1,0,-1.1188008067964355,0,0,-1.5125040551986266,-0.9536124521292417,1,-0.2883585436077562,-1.109762475828853,0,1,0.0,0,0,0,1,1,0,1,0,1,0,1,0,1,0,1,0,0,0,1,1
1,0,1,0,0.26519417771576004,2,1,-1.4760021709057967,-0.6622787889640525,1,-0.6008717309558723,-1.109762475828853,0,0,2.0,0,0,0,1,1,0,1,0,1,0,1,0,1,0,1,0,0,0,0,0
1,0,0,1,-1.1595065416350294,0,1,1.2201597370873154,-0.8489613810171134,1,1.6825905863647932,0.5079352703082123,1,1,0.0,0,1,1,0,0,0,0,1,0,0,0,0,0,1,0,1,0,1,0,1
1,0,1,0,1.1200146093262338,2,0,1.2019087949409006,1.6533839476696857,1,-0.46879030282302264,0.5079352703082123,0,0,3.0,0,1,1,0,0,0,0,0,0,1,0,0,0,1,0,1,1,0,0,0
1,0,1,1,-0.5489205190561197,0,0,1.273253386967795,-0.12577201894812187,1,-0.06494976112766586,1.0471678523539008,0,1,1.0,0,1,1,0,0,0,0,0,0,1,0,1,0,1,0,1,0,1,0,1
0,0,1,0,-0.8745663977648716,0,1,1.2301147964399053,-0.5063552748353529,1,0.31910605823888116,0.5079352703082123,1,1,1.0,0,1,1,0,0,0,0,1,0,0,0,0,0,1,0,1,0,1,0,1
0,1,0,0,-0.06045170099299184,0,1,1.1620885575305409,0.3893438088593547,1,-0.30005439642767073,0.5079352703082123,0,1,2.0,0,1,1,0,0,0,0,1,0,0,0,0,0,1,0,1,0,1,0,1
1,0,0,0,-0.10115743583158582,0,1,0.642766294637098,0.061108027956093984,1,-0.3465882187885912,0.5079352703082123,0,0,2.0,0,0,1,0,0,1,0,1,0,1,0,0,0,0,0,0,1,0,0,0
1,0,0,0,0.8350744654560759,2,0,-1.3382905165283026,-0.44771118404233,1,-0.6072854567415621,-1.109762475828853,0,1,3.0,0,1,0,1,1,0,1,0,1,0,1,0,1,0,1,0,0,0,1,0
0,0,0,0,-1.1188008067964355,0,1,0.8103431270723621,-0.8063330725955483,1,1.0551650623721682,0.5079352703082123,0,1,0.0,0,0,1,0,0,0,0,1,0,0,0,1,0,0,0,1,0,1,0,1
1,1,0,0,0.7536629957788878,1,1,0.4868036981131887,0.7351311320875006,1,-0.4834647463882475,-0.5705298937831644,0,0,3.0,0,1,1,0,0,0,0,1,0,0,0,0,0,0,0,0,0,0,0,0
0,0,1,0,1.5677776925507676,2,0,0.8086839505135972,1.7943447719664205,1,-0.5169174999107695,2.1256330164452777,0,0,3.0,0,1,0,0,0,1,0,1,0,1,0,1,0,1,0,1,1,0,0,0
0,0,0,1,1.1607203441648277,2,1,-1.3250171040581826,-0.3514629138182404,1,-0.6133117070172325,-1.109762475828853,0,0,3.0,0,1,0,1,1,0,1,0,1,0,1,0,1,0,1,0,1,0,0,0
1,1,0,0,-0.9966836022806536,0,1,0.31756768911915967,-0.7427745499515576,1,0.2935151324106922,-0.5705298937831644,1,1,1.0,0,0,1,0,0,0,0,1,0,0,0,0,0,0,0,0,0,1,0,1
1,0,1,0,-0.9152721326034655,0,1,-0.3311703453579522,-0.7593168785927619,1,-0.08447447431067276,-0.031297311737476054,0,0,1.0,0,0,0,0,0,1,0,0,0,0,0,1,0,0,0,0,1,0,0,0
0,0,1,0,-0.8338606629262776,0,1,-0.5004063543519814,-0.7381233912354629,0,-0.21815574419638759,0.5079352703082123,0,0,1.0,1,0,0,0,0,0,0,0,0,1,0,0,0,1,0,1,0,0,0,0
1,0,1,0,1.3642490183577978,0,0,-0.03583691789778363,0.8623359350871068,1,-0.5500018880686868,-0.031297311737476054,0,1,3.0,0,1,0,0,0,0,0,0,0,0,0,1,0,0,0,1,0,1,0,0
1,0,0,0,-0.3453918448631497,0,0,-0.14866092389380306,-0.3767371347660752,1,-0.3812919907528247,0.5079352703082123,0,0,1.0,0,0,0,0,0,1,0,1,0,0,0,1,0,0,0,0,0,0,0,0
0,0,1,1,-1.1595065416350294,0,0,-0.2797358720362375,-0.9057625598660234,1,0.6415517236740632,-0.031297311737476054,0,1,0.0,0,0,0,0,0,0,0,1,0,0,0,1,0,0,0,0,0,0,1,1
0,0,0,0,-1.1595065416350294,0,1,0.7970697146022425,-0.8530640540355553,1,1.3889347124863238,-0.031297311737476054,1,1,0.0,0,1,1,0,0,0,0,1,0,0,0,0,0,0,0,1,0,1,0,1
0,0,0,1,0.1023712383613841,1,0,-0.30960105009400735,-0.1241265618551639,1,-0.48188992018343585,-0.031297311737476054,0,0,2.0,0,0,0,0,0,1,0,1,0,0,0,0,0,0,0,0,1,0,0,0
0,1,0,0,0.5094285867473239,0,1,0.689223238282518,0.6488653015606894,1,-0.44520032108845614,0.5079352703082123,0,0,2.0,0,0,1,0,0,1,0,1,0,0,0,1,0,0,0,0,0,0,0,0
1,0,0,0,1.3235432835192036,1,1,1.495583045842304,2.123436190558019,1,-0.4678149109779318,1.5864004343995892,0,0,3.0,0,1,1,0,0,1,0,0,0,1,0,1,0,1,0,1,1,0,0,0
0,0,1,1,-0.7524491932490895,0,1,0.5299422886410788,-0.503086300077343,1,-0.0386550848392016,-0.5705298937831644,0,0,1.0,0,0,1,0,0,0,0,0,0,0,0,0,0,0,0,1,0,0,0,0
0,0,1,1,1.1607203441648277,1,1,-0.4722003528529765,0.346386409019198,0,-0.565576375210296,1.0471678523539008,0,0,3.0,1,0,0,0,0,1,0,1,0,0,0,1,0,0,0,1,0,0,0,0
1,0,1,1,1.4456604880349857,2,0,0.5116913464946635,1.34963256830964,1,-0.5256448401048938,-0.031297311737476054,0,0,3.0,0,0,1,0,0,1,0,0,0,1,0,0,0,0,0,0,1,0,0,0
0,0,1,1,-0.38609757970174374,1,1,-0.2382564580671127,-0.4460218480935598,1,-0.3826451109559902,0.5079352703082123,0,1,1.0,0,0,0,0,0,1,0,1,0,0,0,1,0,0,0,0,0,0,1,0
0,0,0,0,0.9164859351332638,0,1,0.5515115839050234,0.9697952529712167,1,-0.49204631887149836,-0.031297311737476054,0,1,3.0,0,0,1,0,0,0,0,1,0,1,0,0,0,0,0,0,0,1,0,0
1,0,1,1,1.4863662228735797,2,0,-1.3432680462045974,-0.2549952493150897,1,-0.6195234030572568,-1.109762475828853,0,0,3.0,0,1,0,1,1,0,1,0,1,0,1,0,1,0,1,0,0,0,0,0
0,0,1,0,-1.0373893371192475,0,0,0.5415565245524336,-0.754380507313888,1,0.5098384273021026,1.5864004343995892,0,0,1.0,0,0,0,0,0,1,0,0,0,1,0,1,0,1,0,1,0,0,0,0
0,0,1,1,1.6084834273893616,2,0,0.4685527559667738,1.5056438401499639,1,-0.5350436753710955,-0.5705298937831644,0,0,3.0,0,1,1,0,0,1,0,0,0,0,0,0,0,0,0,0,0,0,0,0
0,0,1,1,1.1607203441648277,1,1,-0.5053838840282764,0.29050668614234454,1,-0.5674337811171807,-0.5705298937831644,0,0,3.0,0,0,0,0,0,1,0,0,0,0,0,0,0,0,0,0,0,0,0,0
1,1,1,0,1.2828375486806096,1,0,0.5100321699358986,1.192787598208884,1,-0.5174809924121788,-0.031297311737476054,0,0,3.0,0,0,1,0,0,1,0,0,0,1,0,0,0,0,0,0,1,0,0,0
0,1,1,0,-0.019745966154397852,0,1,0.9380997220972668,0.2771675139754317,1,-0.3345094518910926,-0.031297311737476054,0,1,2.0,0,1,1,0,0,0,0,0,0,0,0,0,0,1,0,1,0,1,0,1
0,0,0,0,-1.2816237461508113,0,1,0.4851445215544238,-0.9740161200819208,1,3.920708981983636,-0.5705298937831644,1,1,0.0,0,1,1,0,0,0,0,0,0,1,0,0,0,0,0,0,0,0,1,1
1,0,0,0,-1.2002122764736234,0,1,0.5763992322864984,-0.9148454830191515,1,1.709652990428103,-0.031297311737476054,0,1,0.0,0,0,1,0,0,1,0,0,0,0,0,1,0,0,0,0,0,0,1,0
1,0,0,1,-1.2002122764736234,0,0,-1.4842980536996218,-0.9867190488395567,1,-0.07819306524375372,-1.109762475828853,0,0,0.0,0,0,0,1,1,0,1,0,1,0,1,0,1,0,1,0,0,0,0,0
0,0,1,0,1.6084834273893616,2,1,0.6460846477546283,1.6661307552831337,1,-0.5266039282572099,1.5864004343995892,0,0,3.0,0,1,0,0,0,1,0,0,0,1,0,1,0,1,0,1,1,0,0,0
0,0,0,1,-0.2639803751859618,0,1,-1.1657361544167435,-0.6638145489174799,0,-0.5326452564093441,-0.5705298937831644,0,1,2.0,1,0,0,0,0,0,0,0,0,1,0,0,0,0,0,0,0,0,1,0
1,0,0,0,0.26519417771576004,2,1,1.1786803231181906,0.6592207115323717,1,-0.3705533985021709,1.0471678523539008,0,1,2.0,0,0,1,0,0,1,0,0,0,1,0,0,0,1,0,1,0,1,0,0
0,0,0,0,-1.2816237461508113,0,0,-1.5058673489635668,-1.0003434335692487,1,0.46593399517811585,-1.109762475828853,0,1,0.0,0,0,0,1,1,0,1,0,1,0,1,0,1,0,1,0,0,0,1,0
0,0,0,0,-1.2816237461508113,0,1,-1.5075265255223318,-1.000365372997155,1,0.46305501602244453,-1.109762475828853,0,1,0.0,0,0,0,1,1,0,1,0,1,0,1,0,1,0,1,0,0,0,1,0
0,0,1,1,0.9571916699718578,1,0,0.7954105380434776,1.1709798068702142,1,-0.4801389621004545,-0.031297311737476054,0,0,3.0,0,0,1,0,0,0,0,0,0,0,0,0,0,1,0,1,0,0,0,0
0,1,1,0,0.428017117070136,1,1,1.4142833944628193,0.9805016937893966,1,-0.3782612108780362,1.0471678523539008,0,1,2.0,0,1,1,0,0,0,0,0,0,1,0,1,0,1,0,1,0,1,0,1
0,0,0,1,-1.2816237461508113,0,0,-1.3117436915880627,-0.9977765205042344,1,0.802774556391654,-1.109762475828853,0,1,0.0,0,1,0,1,1,0,1,0,1,0,1,0,1,0,1,0,0,0,1,0
1,0,0,0,-0.1418631706701798,1,0,0.1981069768880804,-0.1468777485937965,1,-0.3875873585065592,0.5079352703082123,0,0,2.0,0,1,0,0,0,0,0,1,0,1,0,0,0,0,0,1,1,0,0,0
1,0,0,0,-1.2409180113122174,0,1,0.5664441729339085,-0.9278994426232848,1,2.4879370221779022,-0.5705298937831644,1,1,0.0,0,1,1,0,0,0,0,1,0,0,0,0,0,0,0,0,0,1,0,1
1,0,0,0,1.4456604880349857,1,0,0.4868036981131887,1.3875000208755799,1,-0.526896570172577,-0.031297311737476054,0,0,3.0,0,0,1,0,0,0,0,1,0,1,0,0,0,0,0,0,1,0,0,0
1,0,1,1,1.4049547531963917,0,1,0.8169798333074222,1.7875216098876217,1,-0.5080923938714896,-0.031297311737476054,0,0,3.0,0,1,1,0,0,0,0,1,0,0,0,0,0,0,0,1,0,0,0,0
0,0,1,1,-0.5489205190561197,2,1,-1.3283354571757127,-0.8037003412468154,1,-0.5163736927369206,-1.109762475828853,0,0,1.0,0,1,0,1,1,0,1,0,1,0,1,0,1,0,1,0,0,0,0,0
1,0,1,1,1.3642490183577978,2,1,-0.2714399892424126,0.618281739059577,0,-0.5622053221016814,1.0471678523539008,0,0,3.0,1,0,0,0,0,0,0,1,0,1,0,0,0,1,0,1,1,0,0,0
0,0,1,0,-1.1595065416350294,0,1,-1.1906238027982183,-0.9520547527479083,0,0.009327901088652887,-0.5705298937831644,1,1,0.0,1,0,0,0,0,1,0,0,0,0,0,0,0,0,0,0,0,1,0,0
0,0,1,1,-0.9559778674420595,2,0,-1.4992306427285067,-0.9164909401121094,1,-0.43230750139131957,-1.109762475828853,0,1,1.0,0,0,0,1,1,0,1,0,1,0,1,0,1,0,1,0,0,0,1,0
1,1,1,0,0.8350744654560759,0,1,1.2915043291142099,1.3980528856984173,1,-0.438278717417897,1.0471678523539008,0,1,3.0,0,1,1,0,0,0,0,1,0,1,0,0,0,1,0,1,0,1,0,1
0,0,0,0,-0.38609757970174374,0,1,-1.5075265255223318,-0.8026033698515102,1,-0.5661800321300335,-1.109762475828853,0,1,1.0,0,0,0,1,1,0,1,0,1,0,1,0,1,0,1,0,0,0,1,0
0,0,1,0,0.7129572609402939,1,0,1.4474669256381192,1.4529892131753082,1,-0.41463847245553315,1.5864004343995892,0,1,3.0,0,1,1,0,0,1,0,1,0,0,0,1,0,1,0,1,0,1,0,1
1,0,0,0,-1.2409180113122174,0,0,0.33250027814804467,-0.9423355861855031,1,2.2173129815448034,-0.5705298937831644,1,1,0.0,0,0,1,0,0,0,0,1,0,0,0,0,0,0,0,0,0,1,0,0
0,0,1,0,1.0793088744876398,1,0,-1.4793205240233267,-0.4529766467397956,1,-0.6206887041440762,-1.109762475828853,0,1,3.0,0,0,0,1,1,0,1,0,1,0,1,0,1,0,1,0,0,0,1,0
1,0,1,1,1.2421318138420157,2,0,0.6162194696968583,1.3758940635132497,1,-0.5095001300027554,1.5864004343995892,0,0,3.0,0,1,0,0,0,1,0,1,0,1,0,0,0,1,0,1,1,0,0,0
0,0,1,0,-0.30468611002455576,0,1,0.2030845065643751,-0.20256001661949494,1,-0.345052286980975,1.0471678523539008,0,1,2.0,0,0,0,0,0,1,0,1,0,0,0,1,0,0,0,1,0,0,1,0
0,0,0,0,-0.7524491932490895,0,1,0.5150096996121938,-0.5385404155736113,1,-0.04210985982600715,-0.5705298937831644,0,1,1.0,0,1,1,0,0,0,0,0,0,1,0,0,0,0,0,0,0,1,0,1
1,0,1,0,1.3235432835192036,1,0,0.07035038186317573,0.8820594807746965,1,-0.542755610817981,0.5079352703082123,0,0,3.0,0,1,0,0,0,1,0,1,0,1,0,0,0,0,0,0,1,0,0,0
1,1,1,0,1.4863662228735797,2,0,-0.2780766954774726,0.7254558443809077,0,-0.5667146996875153,1.0471678523539008,0,0,3.0,1,0,0,0,0,1,0,1,0,0,0,0,0,1,0,1,1,0,0,0
0,0,1,1,-0.4675090493789317,0,1,0.3026351000902746,-0.32191050442871477,1,-0.2721315701848818,-0.5705298937831644,0,0,1.0,0,0,1,0,0,0,0,1,0,0,0,0,0,0,0,0,0,0,0,1
1,0,1,1,0.428017117070136,1,1,0.873391836305432,0.7522877647100761,1,-0.42092244745752866,0.5079352703082123,0,0,2.0,0,1,1,0,0,1,0,0,0,1,0,1,0,0,0,0,1,0,0,0
1,1,1,0,1.5677776925507676,1,1,0.8982794846869069,1.8805886630653257,1,-0.5125990311772627,1.0471678523539008,0,1,3.0,0,1,1,0,0,1,0,1,0,1,0,1,0,0,0,0,0,1,0,0
1,0,0,1,-0.5489205190561197,0,1,-1.3134028681468275,-0.7605235471275977,0,-0.5137826114968164,-1.109762475828853,0,0,1.0,1,0,0,0,0,0,0,0,0,0,0,0,0,0,0,0,1,0,0,0
0,0,0,0,0.30589991255435406,2,0,-1.5025489958460367,-0.6446175494996367,1,-0.6045547177050176,-1.109762475828853,0,0,2.0,0,0,0,1,1,0,1,0,1,0,1,0,1,0,1,0,1,0,0,0
0,0,0,0,-0.9559778674420595,0,1,0.6095827634617982,-0.6564429011410281,1,0.29952899998031657,-0.5705298937831644,1,1,1.0,0,1,1,0,0,0,0,0,0,0,0,0,0,0,0,1,0,1,0,1
1,0,0,0,1.0386031396490458,1,1,1.27159421040903,1.6315542169031096,1,-0.45821831379236094,1.0471678523539008,0,0,3.0,0,1,1,0,0,0,0,1,0,1,0,0,0,1,0,1,0,0,0,1
0,0,0,0,-1.2816237461508113,0,0,-1.4942531130522119,-1.000189857573906,1,0.4860868492678146,-1.109762475828853,0,0,0.0,0,0,0,1,1,0,1,0,1,0,1,0,1,0,1,0,0,0,0,0
1,0,1,1,0.590840056424512,1,1,1.6100662283970886,1.324468044501336,1,-0.3875633670135953,2.1256330164452777,0,0,2.0,0,1,1,0,0,1,0,1,0,1,0,1,0,1,0,1,0,0,0,0
0,0,1,0,1.0386031396490458,2,1,0.642766294637098,1.148338317271112,1,-0.4952058765042054,1.5864004343995892,0,1,3.0,0,1,0,0,0,1,0,0,0,1,0,1,0,1,0,1,0,1,0,0
1,0,0,0,0.30589991255435406,0,1,1.2516840917038503,0.793687465168899,1,-0.37142762509944177,1.0471678523539008,0,1,2.0,0,1,1,0,0,0,0,1,0,1,0,0,0,1,0,1,0,0,1,0
0,0,0,0,0.346605647392948,1,1,0.12178485518489039,0.2534948712647428,1,-0.4716535498521602,0.5079352703082123,0,1,2.0,0,1,0,0,0,0,0,0,0,1,0,1,0,0,0,1,0,1,0,0
1,0,1,0,1.4049547531963917,1,1,1.1936129121470758,1.9455074302394948,1,-0.48887097421450804,1.0471678523539008,0,0,3.0,0,0,1,0,0,1,0,1,0,0,0,0,0,1,0,1,1,0,0,0
1,1,0,0,0.06166550352279012,1,1,1.1587702044130104,0.45801421820546834,1,-0.33121420475360563,1.0471678523539008,0,1,2.0,0,0,1,0,0,0,0,1,0,1,0,0,0,1,0,1,0,1,0,0
1,0,0,0,-1.2002122764736234,0,1,-1.5207999379924515,-0.9856440168721574,1,-0.10986183595613759,-1.109762475828853,0,1,0.0,0,0,0,1,1,0,1,0,1,0,1,0,1,0,1,0,0,0,1,0
0,1,1,0,1.1200146093262338,2,1,1.696343409452868,2.0300839248175357,1,-0.44066126058072635,2.1256330164452777,0,0,3.0,0,1,1,0,0,1,0,1,0,1,0,1,0,1,0,1,0,0,0,0
0,1,0,0,-0.9966836022806536,0,1,0.9015978378044367,-0.6886280418792864,1,0.5187152796987556,0.5079352703082123,1,1,1.0,0,0,1,0,0,0,0,0,0,1,0,0,0,1,0,1,0,1,0,1
1,0,1,1,-0.7117434584104956,0,1,0.33084110158927976,-0.5230731188998061,1,-0.12065800778990485,-1.109762475828853,0,0,1.0,0,1,1,0,0,0,0,0,0,0,0,0,0,0,0,0,0,0,0,1
1,0,0,0,1.4456604880349857,2,1,1.233433149557435,2.1281312281299263,1,-0.48934466814208216,1.0471678523539008,0,0,3.0,0,1,1,0,0,1,0,1,0,1,0,0,0,0,0,1,0,0,0,0
1,1,1,0,1.5677776925507676,2,0,-1.3100845150292975,-0.22364380683726337,1,-0.6190412882938865,-1.109762475828853,0,0,3.0,0,1,0,1,1,0,1,0,1,0,1,0,1,0,1,0,1,0,0,0
0,0,0,0,1.0386031396490458,0,1,0.4934404043482487,0.9774082344546359,1,-0.5039892027418466,-0.5705298937831644,0,0,3.0,0,1,1,0,0,1,0,0,0,0,0,0,0,0,0,0,0,0,0,0
1,1,0,0,-1.2409180113122174,0,0,-1.5174815848749215,-0.9925988155183934,1,0.07727180916249468,-1.109762475828853,0,1,0.0,0,0,0,1,1,0,1,0,1,0,1,0,1,0,1,0,0,1,0,0
0,0,1,1,-0.7524491932490895,0,1,0.8202981864249524,-0.4787115956736586,1,0.028521095459794702,0.5079352703082123,0,0,1.0,0,0,1,0,0,0,0,1,0,0,0,1,0,0,0,1,1,0,0,1
0,0,1,0,1.5677776925507676,2,1,-1.461069581876912,-0.35372267489256937,1,-0.6263187078262777,-1.109762475828853,0,0,3.0,0,0,0,1,1,0,1,0,1,0,1,0,1,0,1,0,0,0,0,0
1,0,0,0,-0.7524491932490895,0,1,1.1819986762357204,-0.3877946064307529,1,0.11220342291797275,0.5079352703082123,0,1,1.0,0,1,1,0,0,0,0,1,0,0,0,0,0,1,0,1,0,1,0,1
0,0,0,0,-1.0780950719578415,0,0,-0.46390447005915153,-0.8739503894021688,0,0.17844736234751366,1.0471678523539008,0,0,0.0,1,0,0,0,0,1,0,1,0,0,0,1,0,0,0,1,1,0,0,0
1,0,1,1,-0.7117434584104956,0,1,0.15165003324266044,-0.5388036887084845,1,-0.159524226391467,1.0471678523539008,0,1,1.0,0,0,0,0,0,0,0,1,0,1,0,1,0,0,0,1,0,0,1,0
1,0,1,1,0.9978974048104517,1,1,1.0824480827098208,1.4474165984871572,1,-0.46606105011298277,1.0471678523539008,0,0,3.0,0,0,1,0,0,0,0,1,0,1,0,0,0,1,0,1,1,0,0,0
0,0,0,0,1.3642490183577978,2,1,-0.1254324520710933,0.7538893429472217,1,-0.5546426305882763,0.5079352703082123,0,0,3.0,0,0,0,0,0,1,0,1,0,1,0,0,0,0,0,0,0,0,0,0
1,1,1,0,1.4863662228735797,0,1,0.8302532457775423,1.686622180947437,1,-0.5117673260878465,-0.031297311737476054,0,1,3.0,0,1,1,0,0,0,0,1,0,0,0,0,0,1,0,0,0,1,0,1
0,0,1,0,1.4456604880349857,1,0,-0.29964599074141746,0.6798876526199243,1,-0.5664512403113648,-0.031297311737476054,0,0,3.0,0,0,0,0,0,1,0,0,0,0,0,1,0,0,0,0,0,0,0,0
1,1,0,1,0.9571916699718578,1,0,0.9911933719777464,1.3009928566418019,1,-0.46821897822785064,0.5079352703082123,0,0,3.0,0,0,1,0,0,1,0,0,0,0,0,0,0,1,0,1,1,0,0,0
1,1,0,0,0.1023712383613841,0,1,1.1322233794727707,0.48111643579059865,1,-0.3428992042790841,0.5079352703082123,0,1,2.0,0,1,1,0,0,0,0,0,0,1,0,0,0,1,0,1,0,1,0,1
0,0,1,1,0.428017117070136,0,0,-0.29135010794759253,0.0877424934341075,1,-0.5127880550612208,-0.5705298937831644,0,1,2.0,0,0,0,0,0,0,0,0,0,0,0,0,0,1,0,0,0,1,0,1
1,0,1,0,-0.06045170099299184,0,1,0.04878108659923111,-0.12265662018545478,1,-0.4207915847686345,0.5079352703082123,0,0,2.0,0,0,0,0,0,0,0,0,0,1,0,1,0,0,0,1,1,0,0,0
0,0,1,1,0.020959768684196134,1,1,-0.21502798624440272,-0.15091460332852003,1,-0.46177469980819014,0.5079352703082123,0,1,2.0,0,0,0,0,0,1,0,1,0,1,0,0,0,0,0,0,0,0,1,0
1,0,0,0,-1.2816237461508113,0,1,0.14667250356636527,-0.9784917633747667,1,3.3333972342266973,-1.109762475828853,1,1,0.0,0,0,1,0,0,0,0,0,0,0,0,0,0,0,0,0,0,1,0,1
1,0,0,0,0.46872285190873,2,0,1.1670660872068355,0.9122481335734993,1,-0.40358168714917736,1.0471678523539008,0,0,2.0,0,0,1,0,0,0,0,0,0,1,0,1,0,1,0,1,0,0,0,0
0,0,1,1,0.9978974048104517,1,0,-0.38094564212090193,0.3306997180663318,1,-0.5536217265027088,-0.031297311737476054,0,1,3.0,0,0,0,0,0,1,0,1,0,0,0,0,0,0,0,0,0,1,0,0
1,0,0,1,1.5270719577121736,1,0,0.0006649663950462456,0.9882243724123463,1,-0.5544005469930968,0.5079352703082123,0,0,3.0,0,1,0,0,0,1,0,1,0,0,0,1,0,0,0,0,0,0,0,0
1,0,0,0,-1.2816237461508113,0,0,-1.472683817788267,-0.9999046450111266,1,0.5235135782915412,-1.109762475828853,0,0,0.0,0,0,0,1,1,0,1,0,1,0,1,0,1,0,1,0,1,0,0,0
1,0,1,1,0.9164859351332638,2,1,-0.3212152860053623,0.3600546726047024,1,-0.5461299987244657,-0.031297311737476054,0,0,3.0,0,0,0,0,0,0,0,0,0,1,0,1,0,0,0,0,1,0,0,0
1,1,1,0,-0.1418631706701798,0,1,0.9795791360663916,0.1554695073802585,1,-0.2971874130184814,-0.031297311737476054,0,1,2.0,0,1,1,0,0,0,0,0,0,0,0,0,0,1,0,1,0,1,0,1
0,0,0,0,0.020959768684196134,0,1,-0.13372833486491825,-0.11649164094383886,1,-0.4534764657712554,-0.031297311737476054,0,1,2.0,0,1,0,0,0,1,0,1,0,0,0,0,0,0,0,0,0,0,1,0
1,1,1,0,-1.1595065416350294,0,0,0.33250027814804467,-0.8734677219882344,1,1.0664890470511423,-1.109762475828853,1,1,0.0,0,1,1,0,0,0,0,0,0,0,0,0,0,0,0,0,0,1,0,1
1,0,0,0,1.5270719577121736,2,1,-0.82560495986992,0.2195765157219019,0,-0.5947873531768797,-0.031297311737476054,0,1,3.0,1,0,0,0,0,0,0,0,0,0,0,1,0,0,0,1,0,0,1,0
1,0,0,0,0.1023712383613841,0,1,-1.3051069853530026,-0.6134635618729652,1,-0.5778558920391447,-1.109762475828853,0,1,2.0,0,1,0,1,1,0,1,0,1,0,1,0,1,0,1,0,0,1,0,0
0,0,0,0,-1.2409180113122174,0,1,-0.6331404790531808,-0.9625856781428395,1,1.1002690691443517,-1.109762475828853,1,1,0.0,0,0,0,0,0,0,0,0,0,0,0,0,0,0,0,0,0,0,1,0
1,1,1,0,-0.9152721326034655,0,1,0.8252757161012472,-0.6077373711894715,1,0.28037070232621325,-0.031297311737476054,1,1,1.0,0,1,1,0,0,0,0,0,0,1,0,0,0,0,0,1,0,1,0,1
1,0,1,1,-1.2816237461508113,0,0,0.32088604223668943,-0.9761881234446256,1,3.6356900455721806,-0.5705298937831644,1,0,0.0,0,0,1,0,0,0,0,1,0,0,0,0,0,0,0,0,1,0,0,0
1,0,0,0,-0.06045170099299184,2,0,-1.477661347464562,-0.7416556391283461,1,-0.5863328862197323,-1.109762475828853,0,0,2.0,0,0,0,1,1,0,1,0,1,0,1,0,1,0,1,0,0,0,0,0
1,1,0,0,-0.10115743583158582,0,1,0.8485041879239571,0.1301075287207992,1,-0.323556385543221,-0.031297311737476054,0,0,2.0,0,1,1,0,0,1,0,0,0,0,0,0,0,0,0,1,1,0,0,0
1,1,1,1,1.1200146093262338,0,1,0.9397588986560317,1.5248847184236196,1,-0.48370435877699186,0.5079352703082123,0,1,3.0,0,1,1,0,0,1,0,1,0,0,0,0,0,0,0,1,0,1,0,0
0,0,1,1,1.6084834273893616,2,0,0.06371367562811567,1.0791852405110642,1,-0.5542894538364048,0.5079352703082123,0,0,3.0,0,1,0,0,0,1,0,0,0,1,0,1,0,0,0,0,0,0,0,0
1,0,0,0,-1.1595065416350294,0,1,-1.4677062881119718,-0.972173208137808,1,-0.18298790651018787,-1.109762475828853,0,0,0.0,0,0,0,1,1,0,1,0,1,0,1,0,1,0,1,0,1,0,0,0
1,0,1,1,-1.1595065416350294,0,1,0.15330920980142534,-0.8839108896715412,1,0.9421171475261433,-1.109762475828853,1,1,0.0,0,0,1,0,0,0,0,0,0,0,0,0,0,0,0,0,0,0,1,0
0,0,0,0,-0.30468611002455576,0,1,1.1471559685016557,0.030590283738699833,1,-0.21904158393659412,1.0471678523539008,0,1,2.0,0,0,1,0,0,0,0,1,0,1,0,0,0,1,0,1,0,1,0,1
1,0,1,0,1.5270719577121736,2,1,0.39886734049864436,1.3121819648739161,1,-0.5349370259406714,1.0471678523539008,0,0,3.0,0,1,0,0,0,1,0,0,0,0,0,1,0,1,0,1,1,0,0,0
1,0,0,0,-1.2816237461508113,0,1,-1.4760021709057967,-0.999948523866939,1,0.5177556199801986,-1.109762475828853,0,1,0.0,0,0,0,1,1,0,1,0,1,0,1,0,1,0,1,0,0,0,1,0
0,0,0,0,-0.5489205190561197,0,0,-1.4942531130522119,-0.847645015342747,1,-0.5451634842936333,-1.109762475828853,0,1,1.0,0,0,0,1,1,0,1,0,1,0,1,0,1,0,1,0,0,0,1,0
0,0,0,0,-1.2816237461508113,0,0,-1.5075265255223318,-1.000365372997155,1,0.46305501602244453,-1.109762475828853,0,1,0.0,0,0,0,1,1,0,1,0,1,0,1,0,1,0,1,0,0,0,1,1
0,0,1,1,-0.8338606629262776,2,0,-1.480979700582092,-0.910413718582118,1,-0.4799213874274213,-1.109762475828853,0,0,1.0,0,0,0,1,1,0,1,0,1,0,1,0,1,0,1,0,0,0,0,0
1,0,0,0,1.6084834273893616,2,0,-1.5141632317573919,-0.38812369784934453,1,-0.6293006641663603,-1.109762475828853,0,0,3.0,0,0,0,1,1,0,1,0,1,0,1,0,1,0,1,0,0,0,0,0
0,0,0,0,-1.2409180113122174,0,0,-1.480979700582092,-0.9908436612859048,1,0.11949683677900665,-1.109762475828853,0,1,0.0,0,0,0,1,1,0,1,0,1,0,1,0,1,0,1,0,0,0,1,0
1,0,1,1,0.06166550352279012,0,1,0.8269348926600121,0.3477027746935644,1,-0.364116823675563,0.5079352703082123,0,1,2.0,0,0,1,0,0,0,0,1,0,1,0,0,0,1,0,0,0,1,0,0
1,0,0,0,0.18378270803857208,2,1,-0.8090131942822701,-0.39863268381636957,0,-0.5368599023078025,0.5079352703082123,0,1,2.0,1,0,0,0,0,1,0,1,0,0,0,1,0,0,0,0,0,0,1,0
1,1,1,1,1.0386031396490458,1,1,0.8269348926600121,1.2401987019139804,1,-0.4843731074777813,0.5079352703082123,0,0,3.0,0,1,1,0,0,1,0,1,0,0,0,1,0,0,0,0,0,0,0,0
1,0,0,0,-1.2816237461508113,0,1,-0.6430955384057709,-0.9889349310580734,1,1.9630031561271746,-1.109762475828853,1,1,0.0,0,0,0,0,0,0,0,0,0,0,0,0,0,0,0,0,0,0,1,0
0,1,0,0,-1.2816237461508113,0,1,0.20972121279943517,-0.9776580651143346,1,3.442798442142206,-1.109762475828853,1,1,0.0,0,0,1,0,0,0,0,0,0,0,0,0,0,0,0,0,0,1,0,0
1,0,0,0,-1.2816237461508113,0,1,-0.4804962356468015,-0.9867848671232751,1,2.245143113382959,-1.109762475828853,1,1,0.0,0,1,0,0,0,0,0,0,0,0,0,0,0,0,0,0,0,1,0,1
1,0,1,0,1.6084834273893616,2,0,0.10685226615600583,1.1010807895613586,1,-0.552238674163872,1.0471678523539008,0,1,3.0,0,1,0,0,0,1,0,1,0,1,0,1,0,0,0,0,0,0,1,0
0,1,1,1,-0.8338606629262776,0,1,-1.1823279200043932,-0.8527569020448698,0,-0.4001958108088324,-0.5705298937831644,0,1,1.0,1,0,0,0,0,0,0,0,0,0,0,1,0,0,0,0,0,0,1,0
0,0,0,0,-1.2409180113122174,0,0,-1.5075265255223318,-0.9950779708717832,1,0.08878772578517981,-1.109762475828853,0,1,0.0,0,0,0,1,1,0,1,0,1,0,1,0,1,0,1,0,0,0,1,1
0,0,1,0,0.590840056424512,2,0,-1.5025489958460367,-0.604556154143086,1,-0.6126035710152327,-1.109762475828853,0,0,2.0,0,0,0,1,1,0,1,0,1,0,1,0,1,0,1,0,0,0,0,0
1,0,1,1,-1.0780950719578415,0,1,-0.6746198930223056,-0.8944856939222846,1,0.07398154727029906,-1.109762475828853,1,0,0.0,0,0,0,0,0,0,0,0,0,0,0,0,0,0,0,0,0,0,0,1
0,0,0,0,1.1200146093262338,2,0,-0.37596811244460704,0.4114587521887102,0,-0.5585578168244448,1.0471678523539008,0,1,3.0,1,0,0,0,0,1,0,0,0,1,0,0,0,1,0,1,0,1,0,0
0,1,0,0,-1.2409180113122174,0,1,0.6261745290494481,-0.9370920629159436,1,2.557032521914013,-0.031297311737476054,1,0,0.0,0,0,1,0,0,0,0,1,0,0,0,0,0,1,0,0,0,0,0,0
1,0,1,0,0.7536629957788878,2,1,0.6278337056082129,0.8809844488072974,1,-0.47405269914855297,2.1256330164452777,0,0,3.0,0,0,0,0,0,1,0,1,0,1,0,1,0,1,0,1,1,0,0,0
0,0,1,1,1.6084834273893616,2,0,1.4806504568134191,2.4519133051682473,1,-0.4869292292078224,1.5864004343995892,0,0,3.0,0,1,1,0,0,1,0,1,0,1,0,0,0,1,0,1,1,0,0,0
1,0,1,0,1.6084834273893616,2,1,0.6742906492536329,1.6602729280322035,1,-0.5252630338559384,1.5864004343995892,0,1,3.0,0,1,0,0,0,1,0,1,0,1,0,0,0,1,0,1,0,1,0,0
0,0,1,1,0.7943687306174818,2,0,-1.3897249898500175,-0.458198230581449,1,-0.6096634814529551,-1.109762475828853,0,1,3.0,0,1,0,1,1,0,1,0,1,0,1,0,1,0,1,0,0,0,1,0
0,0,1,0,1.5677776925507676,2,0,0.9380997220972668,1.8459024275457707,1,-0.5106797117401485,2.1256330164452777,0,0,3.0,0,1,0,0,0,1,0,1,0,1,0,1,0,1,0,1,1,0,0,0
0,0,1,0,-0.1825689055087738,1,0,-1.3067661619117676,-0.7139680811108395,1,-0.5582876582377622,-1.109762475828853,0,1,2.0,0,1,0,1,1,0,1,0,1,0,1,0,1,0,1,0,0,0,1,0
1,1,1,0,1.5677776925507676,2,0,-0.6165487134655309,0.46251180092622024,0,-0.5856131414308146,1.0471678523539008,0,0,3.0,1,0,0,0,0,1,0,1,0,1,0,1,0,0,0,0,1,0,0,0
1,0,1,1,1.4456604880349857,2,1,1.1488151450604207,1.916920355677838,1,-0.49360055037220496,1.0471678523539008,0,1,3.0,0,0,1,0,0,1,0,0,0,0,0,1,0,1,0,1,0,1,0,0
1,0,0,0,-1.2816237461508113,0,1,0.17985603474166512,-0.9780529748166447,1,3.390976817340123,-1.109762475828853,1,1,0.0,0,0,1,0,0,0,0,0,0,0,0,0,0,0,0,0,0,1,0,0
0,0,0,0,-0.8745663977648716,0,1,0.8053655973960674,-0.5743894407721895,1,0.1962696142635738,-0.031297311737476054,1,1,1.0,0,1,1,0,0,0,0,0,0,1,0,0,0,1,0,0,0,1,0,0
1,0,1,1,-1.2002122764736234,0,1,-0.29135010794759253,-0.9351394538323,1,0.956799941220067,-0.031297311737476054,1,1,0.0,0,0,0,0,0,0,0,1,0,1,0,0,0,0,0,0,0,0,1,1
0,0,1,0,1.1607203441648277,1,1,1.273253386967795,1.8512556479548612,1,-0.46787682450816137,1.0471678523539008,0,0,3.0,0,1,1,0,0,0,0,0,0,1,0,1,0,1,0,1,0,0,0,0
1,0,1,0,-1.0780950719578415,0,1,0.3507512202944595,-0.8167323614230428,1,0.58232700961454,-1.109762475828853,1,1,0.0,0,1,1,0,0,0,0,0,0,0,0,0,0,0,0,0,0,1,0,1
0,0,1,0,0.5501343215859179,0,0,-0.39255987803225695,0.0704103453882833,1,-0.5296414988032694,-0.5705298937831644,0,1,2.0,0,1,0,0,0,1,0,0,0,0,0,0,0,0,0,0,0,1,0,0
0,0,0,1,0.7129572609402939,2,0,0.17985603474166512,0.5415814990998283,1,-0.5008949459823114,-1.109762475828853,0,0,3.0,0,0,1,0,0,0,0,0,0,0,0,0,0,0,0,0,1,0,0,0
1,0,0,0,1.4863662228735797,1,1,1.29814103534927,2.1775607592023842,1,-0.4885709797478666,1.5864004343995892,0,0,3.0,0,0,1,0,0,0,0,1,0,1,0,1,0,1,0,1,0,0,0,1
1,0,1,1,0.22448844287716607,2,1,0.6792681789299281,0.43776412624813194,1,-0.4075778086438869,1.5864004343995892,0,0,2.0,0,1,0,0,0,1,0,0,0,1,0,1,0,1,0,1,0,0,0,0
0,0,0,0,-1.2002122764736234,0,1,0.3092718063253347,-0.9166445161074521,1,1.4778951683965662,-1.109762475828853,1,1,0.0,0,1,1,0,0,0,0,0,0,0,0,0,0,0,0,0,0,1,0,1
0,1,1,0,1.4456604880349857,0,1,0.8186390098661871,1.6797990188686382,1,-0.5102068359368015,-0.031297311737476054,0,0,3.0,0,1,1,0,0,0,0,1,0,0,0,0,0,0,0,1,0,0,0,1
1,0,0,1,-0.30468611002455576,0,0,-1.464387934994442,-0.8069912554327314,1,-0.5676195217078691,-1.109762475828853,0,1,2.0,0,0,0,1,1,0,1,0,1,0,1,0,1,0,1,0,0,0,1,0
0,1,1,0,-0.5896262538947137,0,0,1.1554518512954808,-0.20319626002877206,1,-0.055161231998383554,0.5079352703082123,0,0,1.0,0,1,1,0,0,0,0,0,0,0,0,1,0,1,0,1,0,0,0,1
1,0,0,0,-1.0373893371192475,0,1,0.6726314726948681,-0.7445297041840461,1,0.5666982656266102,-0.5705298937831644,1,1,1.0,0,1,1,0,0,0,0,0,0,0,0,0,0,0,0,1,0,0,1,1
0,0,0,0,1.3235432835192036,2,0,-0.16525268948145297,0.7116120653721544,0,-0.5551439453666269,1.5864004343995892,0,0,3.0,1,0,0,0,0,1,0,0,0,1,0,1,0,1,0,1,1,0,0,0
0,0,0,0,-0.8338606629262776,1,0,-1.5141632317573919,-0.9085488672100989,1,-0.4887797848294867,-1.109762475828853,0,1,1.0,0,0,0,1,1,0,1,0,1,0,1,0,1,0,1,0,0,0,1,0
1,0,0,0,-1.2816237461508113,0,0,-1.3316538102932427,-0.9980397936391076,0,0.7682268065235989,-1.109762475828853,1,0,0.0,1,0,0,0,0,0,0,0,0,0,0,0,0,0,0,0,0,0,0,1
1,0,0,0,-0.5896262538947137,0,0,-1.5241182911099815,-0.855872300807537,1,-0.5445876884624989,-1.109762475828853,0,1,1.0,0,0,0,1,1,0,1,0,1,0,1,0,1,0,1,0,0,1,0,0
0,0,1,0,1.2828375486806096,2,1,0.665994766459808,1.397570218284483,1,-0.5091540988542372,1.5864004343995892,0,0,3.0,0,1,0,0,0,1,0,0,0,1,0,1,0,1,0,1,1,0,0,0
1,0,0,0,-0.2639803751859618,0,1,0.7207475928990529,-0.03974752212827797,1,-0.29017123418725294,-0.031297311737476054,0,0,2.0,0,1,1,0,0,1,0,1,0,0,0,0,0,0,0,0,1,0,0,0
0,0,0,1,-1.1595065416350294,0,0,0.8186390098661871,-0.8484787136031791,1,1.4039054040958143,-0.031297311737476054,1,1,0.0,0,1,1,0,0,0,0,1,0,0,0,0,0,1,0,0,0,0,1,1
1,0,1,0,1.5677776925507676,2,0,-0.3461029343868372,0.6489091804165017,1,-0.5725777635870807,-0.031297311737476054,0,0,3.0,0,0,0,0,0,1,0,0,0,0,0,1,0,0,0,0,0,0,0,0
0,0,0,0,0.6722515261016999,0,1,-0.17188939571651304,0.27861551621723485,1,-0.5221316510482631,-0.031297311737476054,0,0,3.0,0,1,0,0,0,1,0,1,0,0,0,0,0,0,0,0,1,0,0,1
1,0,0,0,-1.0373893371192475,0,1,0.7257251225753476,-0.7367192678494722,1,0.5897300988719802,-0.5705298937831644,1,1,1.0,0,1,1,0,0,0,0,0,0,0,0,0,0,0,0,1,0,1,0,1
0,1,0,0,0.1023712383613841,1,1,1.522129870782544,0.6744027956433977,1,-0.3053125319689315,2.1256330164452777,0,0,2.0,0,1,1,0,0,1,0,1,0,1,0,1,0,1,0,1,0,0,0,0
1,1,1,0,-1.2816237461508113,0,1,0.1781968581829002,-0.9780749142445506,1,3.3880978381844518,-1.109762475828853,1,1,0.0,0,0,1,0,0,0,0,0,0,0,0,0,0,0,0,0,0,1,0,1
0,0,0,0,-1.0780950719578415,0,0,0.8086839505135972,-0.7554774787091932,1,0.8093550801760454,-0.031297311737476054,1,1,0.0,0,0,1,0,0,0,0,0,0,0,0,0,0,1,0,1,0,1,0,1
1,0,1,1,-0.30468611002455576,1,1,0.8451858348064274,-0.05297699715566028,1,-0.2593472921159919,-0.031297311737476054,0,1,2.0,0,0,1,0,0,0,0,0,0,0,0,0,0,1,0,1,0,1,0,1
0,0,0,1,-0.7931549280876836,0,0,-0.38094564212090193,-0.6938276862930337,1,-0.2200856093446947,-0.031297311737476054,0,1,1.0,0,0,0,0,0,0,0,0,0,1,0,1,0,0,0,0,0,0,1,0
1,1,0,0,-0.9559778674420595,0,0,-0.3444437578280723,-0.7921382627402973,1,-0.031553602921879156,-0.5705298937831644,1,1,1.0,0,1,0,0,0,1,0,0,0,0,0,0,0,0,0,0,0,1,0,1
0,0,1,0,1.6084834273893616,2,1,0.6626764133422782,1.6524624916976294,1,-0.5258151668446973,1.5864004343995892,0,0,3.0,0,1,0,0,0,1,0,0,0,1,0,1,0,1,0,1,0,0,0,0
1,0,1,1,-0.4268033145403377,1,1,0.45527934349665417,-0.2788872863048398,1,-0.26595257539622763,1.0471678523539008,0,1,1.0,0,1,0,0,0,0,0,0,0,1,0,1,0,1,0,1,0,0,1,0
1,0,0,0,0.020959768684196134,2,0,0.5199872292884885,0.15435059655704697,1,-0.38675189004569777,-0.031297311737476054,0,0,2.0,0,0,1,0,0,0,0,1,0,0,0,1,0,0,0,0,0,0,0,0
1,1,0,0,-0.5896262538947137,0,1,-0.21668716280316785,-0.5855346701484916,1,-0.3057839437605034,-0.031297311737476054,0,0,1.0,0,1,0,0,0,1,0,1,0,0,0,0,0,0,0,0,1,0,0,0
1,0,1,1,0.06166550352279012,1,0,0.40716322329246935,0.19941418147619003,1,-0.40573863661183895,0.5079352703082123,0,0,2.0,0,1,0,0,0,0,0,0,0,1,0,0,0,1,0,1,0,0,0,0
0,0,0,0,-1.0780950719578415,0,1,0.8352307754538371,-0.7801812745314692,1,0.8225161277448283,-0.031297311737476054,1,1,0.0,0,1,1,0,0,0,0,1,0,0,0,0,0,1,0,0,0,1,0,1
0,0,0,1,-0.3453918448631497,1,0,-1.456092052200617,-0.7756836918107174,1,-0.5627828367263414,-1.109762475828853,0,0,1.0,0,0,0,1,1,0,1,0,1,0,1,0,1,0,1,0,0,0,0,0
1,0,0,0,-0.7117434584104956,0,1,0.9430772517735615,-0.3750258593893988,1,0.012134905765432275,-0.031297311737476054,0,1,1.0,0,1,1,0,0,0,0,0,0,0,0,0,0,1,0,1,0,1,0,1
1,0,0,0,1.2421318138420157,0,0,1.342938802435925,1.9367535985049587,1,-0.47009410280950487,1.0471678523539008,0,1,3.0,0,1,1,0,0,0,0,1,0,0,0,1,0,1,0,1,0,1,0,0
1,1,0,0,-1.1595065416350294,0,0,0.14667250356636527,-0.8941127236478807,1,0.9375107808770694,-1.109762475828853,1,1,0.0,0,0,1,0,0,0,0,0,0,0,0,0,0,0,0,0,0,1,0,0
0,1,1,0,1.3642490183577978,1,1,0.19644780032931503,1.0704314087765279,1,-0.5379703333882695,0.5079352703082123,0,0,3.0,0,1,0,0,0,0,0,1,0,1,0,0,0,1,0,0,0,0,0,0
0,0,1,0,0.387311382231542,0,0,-1.4793205240233267,-0.6272195831700941,1,-0.6052471097424563,-1.109762475828853,0,0,2.0,0,0,0,1,1,0,1,0,1,0,1,0,1,0,1,0,1,0,0,0
0,1,0,0,-1.1595065416350294,0,1,0.5083729933771337,-0.8756616647788451,1,1.1885577632516038,-0.5705298937831644,1,1,0.0,0,1,1,0,0,1,0,0,0,0,0,0,0,0,0,0,0,1,0,0
0,0,0,0,-0.2639803751859618,0,1,1.1803394996769556,0.1319065618090999,1,-0.2310988470671832,0.5079352703082123,0,0,2.0,0,1,1,0,0,0,0,0,0,1,0,0,0,1,0,1,0,0,0,0
1,0,0,0,0.26519417771576004,1,0,0.5631258198163787,0.4038677101331973,1,-0.42395846183987285,-0.031297311737476054,0,1,2.0,0,0,1,0,0,0,0,0,0,1,0,1,0,0,0,0,0,1,0,0
0,0,1,0,1.5270719577121736,2,0,-1.4959122896109767,-0.42605696869900284,1,-0.6275509469484625,-1.109762475828853,0,0,3.0,0,0,0,1,1,0,1,0,1,0,1,0,1,0,1,0,1,0,0,0
1,0,0,0,-1.2002122764736234,0,0,-0.32453363912289235,-0.9390885508553992,1,0.9280101496633543,-0.5705298937831644,1,1,0.0,0,0,0,0,0,0,0,0,0,0,0,0,0,1,0,0,0,0,1,1
1,0,0,0,0.8350744654560759,0,0,0.680927355488693,0.9731958642966633,1,-0.4775181370211202,-0.5705298937831644,0,0,3.0,0,1,1,0,0,0,0,0,0,0,0,0,0,1,0,0,0,0,0,1
0,0,1,0,-1.2409180113122174,0,1,-0.6613464805521857,-0.9695404767890752,1,1.0676406387134105,-1.109762475828853,1,1,0.0,0,0,0,0,0,0,0,0,0,0,0,0,0,0,0,0,0,1,0,0
0,0,1,1,1.6084834273893616,2,1,0.3125901594428645,1.2891894444283163,1,-0.5424580326487147,1.5864004343995892,0,1,3.0,0,0,0,0,0,1,0,1,0,1,0,1,0,0,0,1,0,1,0,0
1,0,1,1,1.6084834273893616,2,1,-0.004312563281248919,1.062050547316395,0,-0.5575233756277069,2.1256330164452777,0,0,3.0,1,0,0,0,0,1,0,1,0,1,0,1,0,1,0,1,1,0,0,0
0,0,0,0,-1.2816237461508113,0,1,-0.31457857977030224,-0.9845909243326644,1,2.5330410289500858,-0.5705298937831644,1,1,0.0,0,0,0,0,0,0,0,0,0,0,0,0,0,0,0,1,0,1,0,0
1,0,0,0,0.631545791263106,2,0,0.46357522629047915,0.6459692970770835,1,-0.47431709519346155,1.5864004343995892,0,0,2.0,0,0,0,0,0,0,0,1,0,1,0,1,0,1,0,1,1,0,0,0
1,0,1,1,1.2421318138420157,2,0,0.31756768911915967,1.0422173044892746,1,-0.5256943877534063,1.5864004343995892,0,0,3.0,0,0,0,0,0,1,0,1,0,1,0,1,0,1,0,0,1,0,0,0
1,0,1,1,1.6084834273893616,2,0,-1.3548822821159523,-0.2477771775339806,1,-0.6217285546062387,-1.109762475828853,0,0,3.0,0,1,0,1,1,0,1,0,1,0,1,0,1,0,1,0,1,0,0,0
1,0,0,0,1.0793088744876398,2,0,-0.3577171702981922,0.35840921551174443,1,-0.5558157071696169,-0.5705298937831644,0,0,3.0,0,1,0,0,0,0,0,0,0,1,0,0,0,0,0,0,1,0,0,0
1,0,0,0,-0.1418631706701798,1,0,-0.9732716736000042,-0.538277142438738,0,-0.5230913107668202,-0.031297311737476054,0,1,2.0,1,0,0,0,0,1,0,0,0,0,0,1,0,0,0,0,0,0,1,0
0,0,1,1,0.9978974048104517,1,1,-0.18682198474539805,0.4278255654066656,1,-0.5420065347367248,0.5079352703082123,0,1,3.0,0,0,0,0,0,1,0,0,0,1,0,1,0,0,0,0,0,0,1,0
0,0,0,0,-0.10115743583158582,1,0,1.510515634871189,0.4509497224197021,1,-0.24944588985852198,1.5864004343995892,0,0,2.0,0,1,1,0,0,0,0,1,0,1,0,1,0,1,0,1,1,0,0,0
1,0,0,0,0.22448844287716607,0,0,0.16658262227154547,0.15718078275693487,1,-0.4531985552645239,1.0471678523539008,0,1,2.0,0,1,0,0,0,1,0,1,0,1,0,1,0,0,0,0,0,1,0,0
0,0,1,0,-0.7117434584104956,0,0,-1.4760021709057967,-0.8637704948537354,1,-0.5125590453556561,-1.109762475828853,0,0,1.0,0,0,0,1,1,0,1,0,1,0,1,0,1,0,1,0,1,0,0,0
0,1,0,0,1.5677776925507676,0,1,1.152133498177951,2.0411633359101193,1,-0.5003633697656598,0.5079352703082123,0,0,3.0,0,1,1,0,0,0,0,1,0,0,0,0,0,1,0,1,1,0,0,0
1,0,0,0,-1.0373893371192475,0,1,0.9729424298313315,-0.7153722044968304,1,0.696972072420735,0.5079352703082123,1,1,1.0,0,0,1,0,0,0,0,1,0,0,0,0,0,1,0,1,0,1,0,1
0,0,0,0,-0.22327464034736777,2,1,-1.5042081724048018,-0.7626955504903022,1,-0.5791354383305541,-1.109762475828853,0,1,2.0,0,0,0,1,1,0,1,0,1,0,1,0,1,0,1,0,0,0,1,0
0,0,1,0,0.30589991255435406,2,0,-1.5207999379924515,-0.6666227956894616,1,-0.6060995357885485,-1.109762475828853,0,1,2.0,0,0,0,1,1,0,1,0,1,0,1,0,1,0,1,0,0,0,1,0
0,1,0,0,-1.2816237461508113,0,1,0.6991782976351079,-0.9711859338820332,1,4.29209729306523,-0.031297311737476054,1,1,0.0,0,0,1,0,0,0,0,1,0,0,0,0,0,0,0,1,0,1,0,1
1,0,1,0,1.3235432835192036,0,1,0.8933019550106117,1.5978552556393302,1,-0.4994836816903158,-0.031297311737476054,0,0,3.0,0,1,1,0,0,0,0,1,0,0,0,0,0,1,0,0,0,0,0,1
0,0,0,0,-1.2816237461508113,0,1,0.5365789948761385,-0.9733359978168317,1,4.009957335809445,-0.5705298937831644,1,1,0.0,0,0,1,0,0,0,0,0,0,0,0,0,0,0,0,1,0,1,0,1
0,0,0,0,-1.2816237461508113,0,1,-0.6912116586099555,-0.9895711744673505,1,1.879512760612708,-1.109762475828853,1,1,0.0,0,0,0,0,0,0,0,0,0,0,0,0,0,0,0,0,0,1,0,1
0,0,1,0,-1.2002122764736234,0,1,-1.4942531130522119,-0.988847173346449,1,-0.08683000271076753,-1.109762475828853,0,1,0.0,0,0,0,1,1,0,1,0,1,0,1,0,1,0,1,0,0,0,1,0
0,1,1,0,-0.1418631706701798,0,1,1.1322233794727707,0.28675504397040025,1,-0.27952967419703095,0.5079352703082123,0,0,2.0,0,1,1,0,0,0,0,0,0,1,0,0,0,1,0,1,0,0,0,1
1,0,0,0,-0.7117434584104956,1,0,-1.497571466169742,-0.8752667550765353,1,-0.5172373864836219,-1.109762475828853,0,1,1.0,0,0,0,1,1,0,1,0,1,0,1,0,1,0,1,0,0,0,1,0
0,0,1,1,1.5270719577121736,2,0,0.49012205123071895,1.511172575982303,1,-0.5304766356994904,1.5864004343995892,0,0,3.0,0,1,0,0,0,1,0,1,0,1,0,1,0,1,0,0,0,0,0,0
0,1,1,0,-0.2639803751859618,0,1,0.9596690173612115,0.03607514071522648,1,-0.2594621231934261,0.5079352703082123,0,1,2.0,0,1,1,0,0,0,0,1,0,1,0,0,0,0,0,1,0,1,0,1
1,0,0,0,0.1023712383613841,0,1,1.0559012577695812,0.4844512288323268,1,-0.35025659545468846,1.0471678523539008,0,1,2.0,0,1,1,0,0,1,0,1,0,1,0,1,0,0,0,0,0,0,1,0
1,0,1,1,1.4456604880349857,2,1,0.266133215797445,1.1645076756379127,1,-0.5379952434393677,1.0471678523539008,0,0,3.0,0,0,0,0,0,0,0,0,0,1,0,1,0,1,0,1,0,0,0,0
1,0,0,0,-1.2816237461508113,0,1,0.33084110158927976,-0.9760564868771888,1,3.6529639205062088,-1.109762475828853,1,1,0.0,0,1,1,0,0,0,0,0,0,0,0,0,0,0,0,0,0,1,0,1
1,0,0,0,-1.2816237461508113,0,0,-1.4826388771408567,-1.0000362815785633,1,0.5062397033575136,-1.109762475828853,0,1,0.0,0,0,0,1,1,0,1,0,1,0,1,0,1,0,1,0,0,0,1,0
1,0,1,1,1.4863662228735797,2,1,0.473530285643069,1.369597447704197,1,-0.5294524837583986,-0.5705298937831644,0,0,3.0,0,1,1,0,0,0,0,0,0,1,0,0,0,0,0,0,1,0,0,0
0,0,0,0,-1.1595065416350294,0,0,-1.4892755833759168,-0.9723706629889629,1,-0.19795859811967845,-1.109762475828853,0,1,0.0,0,0,0,1,1,0,1,0,1,0,1,0,1,0,1,0,0,0,1,0
1,0,0,0,-0.06045170099299184,0,1,0.24954145020979507,-0.06278392142968989,1,-0.3990193049038705,1.5864004343995892,0,0,2.0,0,0,0,0,0,1,0,1,0,1,0,1,0,1,0,0,0,0,0,0
1,1,1,0,1.0386031396490458,1,1,1.457421984990709,1.7498516121728365,1,-0.4472879522521853,1.5864004343995892,0,1,3.0,0,1,1,0,0,1,0,1,0,1,0,0,0,1,0,1,0,1,0,1
0,0,1,1,1.3235432835192036,2,0,0.8833468956580218,1.6079912713319513,1,-0.5000071324458925,2.1256330164452777,0,0,3.0,0,1,0,0,0,1,0,1,0,1,0,1,0,1,0,1,0,0,0,0
0,0,1,1,0.7536629957788878,1,1,0.1599459160364854,0.5542624884295579,1,-0.5052785499908335,1.0471678523539008,0,0,3.0,0,0,0,0,0,1,0,1,0,0,0,1,0,0,0,1,1,0,0,0
0,0,0,0,-1.2816237461508113,0,0,-1.5207999379924515,-1.000540888420404,1,0.4400231827770745,-1.109762475828853,0,1,0.0,0,0,0,1,1,0,1,0,1,0,1,0,1,0,1,0,0,0,1,0
1,0,1,0,-0.7117434584104956,0,1,1.2002496183821352,-0.34896181903694423,1,0.06791512690656308,0.5079352703082123,0,1,1.0,0,1,1,0,0,0,0,0,0,1,0,0,0,1,0,1,0,1,0,1
0,0,1,1,0.7943687306174818,1,1,-0.46390447005915153,0.13660159938100683,1,-0.5490419580995752,-0.5705298937831644,0,0,3.0,0,0,0,0,0,0,0,0,0,1,0,0,0,0,0,0,0,0,0,0
1,0,0,0,-1.2816237461508113,0,1,-1.3200395743818876,-0.9978862176437648,0,0.7883796606132977,-1.109762475828853,1,1,0.0,1,0,0,0,0,0,0,0,0,0,0,0,0,0,0,0,0,1,0,1
1,0,0,1,-1.2002122764736234,0,0,-1.4925939364934466,-0.9833403769420161,1,-0.08539051313293189,-1.109762475828853,0,1,0.0,0,0,0,1,1,0,1,0,1,0,1,0,1,0,1,0,0,0,1,0
0,1,0,0,-0.7931549280876836,0,1,-0.33614787503424737,-0.6880356773258216,1,-0.20898097545853414,-0.031297311737476054,0,1,1.0,0,0,0,0,0,0,0,1,0,1,0,0,0,0,0,0,0,1,0,0
1,0,0,0,-1.2816237461508113,0,1,0.16990097538907525,-0.9781846113840811,1,3.3737029424060956,-1.109762475828853,1,1,0.0,0,0,1,0,0,0,0,0,0,0,0,0,0,0,0,0,0,1,0,1
0,1,0,0,-1.1188008067964355,0,1,0.6610172367835129,-0.8265831645528847,1,0.9687956877020303,-0.031297311737476054,1,1,0.0,0,0,1,0,0,0,0,0,0,1,0,0,0,1,0,0,0,0,1,1
0,0,0,0,-0.30468611002455576,0,1,0.37232051555840456,-0.13443809297103398,1,-0.3224633736057081,1.0471678523539008,0,0,2.0,0,0,0,0,0,1,0,0,0,0,0,1,0,1,0,1,1,0,0,0
0,0,0,0,1.4863662228735797,2,1,1.512174811429954,2.262444405771111,1,-0.4779598851455354,1.5864004343995892,0,0,3.0,0,1,1,0,0,0,0,1,0,1,0,1,0,1,0,1,0,0,0,0
1,0,0,0,-1.1595065416350294,0,0,0.020575085100225963,-0.904841103893967,1,0.8499898145446628,-0.031297311737476054,0,1,0.0,0,1,0,0,0,0,0,0,0,0,0,1,0,0,0,1,0,0,1,0
0,0,0,0,-1.2002122764736234,0,0,-1.477661347464562,-0.9812122524351239,1,-0.0724351069324112,-1.109762475828853,0,1,0.0,0,0,0,1,1,0,1,0,1,0,1,0,1,0,1,0,0,0,1,0
1,0,0,0,-1.1188008067964355,0,0,-1.3482455758808924,-0.964955136356699,0,-0.1933522314706044,-1.109762475828853,1,1,0.0,1,0,0,0,0,0,0,0,0,0,0,0,0,0,0,0,0,0,1,0
1,0,0,0,-1.1595065416350294,0,1,0.5033954637008385,-0.861422976067782,1,1.1851029882647983,-0.5705298937831644,1,1,0.0,0,1,1,0,0,1,0,0,0,0,0,0,0,0,0,0,0,1,0,0
1,1,0,0,-0.6710377235719016,0,1,0.458597696614184,-0.4743675889482495,1,-0.12628895231496776,-0.5705298937831644,0,1,1.0,0,0,1,0,0,0,0,0,0,0,0,0,0,0,0,1,0,1,0,0
0,0,0,1,0.7129572609402939,1,1,0.19478862377055015,0.5172506735519562,1,-0.49987883569207464,1.0471678523539008,0,0,3.0,0,0,0,0,0,1,0,0,0,1,0,1,0,1,0,0,1,0,0,0
1,0,1,1,-0.6710377235719016,1,1,-0.30130516730018236,-0.632528924723372,1,-0.28141512329113727,-0.031297311737476054,0,1,1.0,0,0,0,0,0,1,0,1,0,0,0,0,0,0,0,0,0,0,1,0
0,0,1,1,0.6722515261016999,0,1,1.0111034906829266,1.0156267178670733,1,-0.4400231655285185,-0.031297311737476054,0,0,3.0,0,1,1,0,0,0,0,0,0,0,0,0,0,1,0,1,0,0,0,0
1,0,0,1,-0.38609757970174374,0,0,-0.3577171702981922,-0.4330337067731447,1,-0.3999189858900178,-0.031297311737476054,0,1,1.0,0,0,0,0,0,0,0,1,0,0,0,1,0,0,0,0,0,1,0,0
0,0,1,0,0.590840056424512,0,1,1.1803394996769556,1.05649987205615,1,-0.418632350401881,0.5079352703082123,0,1,2.0,0,1,1,0,0,0,0,0,0,1,0,0,0,1,0,1,0,1,0,0
0,0,0,0,-0.4268033145403377,0,1,-0.5352490620860464,-0.5461753364849364,1,-0.41540914547759694,-0.5705298937831644,0,0,1.0,0,0,0,0,0,1,0,0,0,0,0,0,0,0,0,0,1,0,0,1
0,0,1,1,1.2828375486806096,1,0,1.6067478752795583,2.1603383082960907,1,-0.45892698558452616,2.1256330164452777,0,1,3.0,0,1,1,0,0,1,0,1,0,1,0,1,0,1,0,1,0,1,0,0
1,0,1,1,-0.5082147842175256,0,1,-0.5087022371458064,-0.5965482629573571,1,-0.387751871601169,-0.5705298937831644,0,1,1.0,0,0,0,0,0,0,0,0,0,1,0,0,0,0,0,0,0,1,0,0
1,0,1,1,0.7536629957788878,1,0,0.6394479415195682,0.8777593529050995,1,-0.4732775893758723,-0.031297311737476054,0,0,3.0,0,1,1,0,0,0,0,1,0,0,0,1,0,0,0,0,0,0,0,0
0,0,0,0,-0.7524491932490895,0,1,0.2014253300056102,-0.6078690077569081,1,-0.11466013454892307,-1.109762475828853,0,0,1.0,0,0,1,0,0,0,0,0,0,0,0,0,0,0,0,0,1,0,0,1
0,0,0,0,0.7536629957788878,1,1,-0.28305422515376755,0.27607054258012637,0,-0.534843451320227,1.0471678523539008,0,0,3.0,1,0,0,0,0,0,0,1,0,1,0,0,0,1,0,1,1,0,0,0
1,0,1,0,0.30589991255435406,0,1,-0.49045129499939155,-0.10567550298612827,1,-0.5188875330728481,-0.5705298937831644,0,1,2.0,0,0,0,0,0,0,0,1,0,0,0,0,0,0,0,0,0,0,1,0
0,0,1,1,-1.1595065416350294,0,1,1.095721495179941,-0.8402075492825769,1,1.5962212116946553,0.5079352703082123,1,1,0.0,0,1,1,0,0,0,0,1,0,0,0,0,0,1,0,1,0,1,0,1
1,0,0,0,-1.2409180113122174,0,1,-0.5203164730571613,-0.969277203654202,0,1.230782790868116,0.5079352703082123,1,1,0.0,1,0,0,0,0,0,0,0,0,1,0,0,0,1,0,1,0,1,0,1
0,0,1,0,0.9164859351332638,0,1,0.42541416543888416,0.8631257544917263,1,-0.49986069086546325,-0.5705298937831644,0,0,3.0,0,1,1,0,0,0,0,1,0,0,0,0,0,0,0,0,1,0,0,0
1,0,1,0,1.2014260790034217,2,1,-0.15861598324639314,0.6379394664634483,1,-0.5497972697918089,0.5079352703082123,0,0,3.0,0,0,0,0,0,0,0,1,0,1,0,1,0,0,0,0,1,0,0,0
1,0,0,0,-1.2409180113122174,0,1,-0.3477621109456021,-0.9706155087564744,1,1.4303920123279905,-0.031297311737476054,0,1,0.0,0,0,0,0,0,1,0,0,0,0,0,1,0,0,0,0,0,0,1,0
1,0,0,0,-1.2816237461508113,0,0,-0.3278519922404224,-0.9847664397559132,1,2.5100091957047153,-0.031297311737476054,0,1,0.0,0,0,0,0,0,0,0,0,0,1,0,1,0,0,0,0,0,0,1,0
0,1,0,0,-0.8745663977648716,0,0,0.8219573629837174,-0.549202977535979,1,0.20106791285635928,-0.031297311737476054,1,0,1.0,0,0,1,0,0,0,0,0,0,0,0,0,0,1,0,1,0,0,0,1
0,0,0,0,-1.1188008067964355,0,1,0.5913318213153833,-0.825617829725016,1,0.9284899795226328,-0.031297311737476054,0,1,0.0,0,1,1,0,0,0,0,0,0,1,0,1,0,0,0,0,0,1,0,0
0,0,0,0,-0.7524491932490895,0,1,0.1566275629189556,-0.6046219724268043,1,-0.12502445950933963,0.5079352703082123,0,1,1.0,0,0,0,0,0,0,0,0,0,0,0,1,0,1,0,1,0,1,0,0
1,0,1,0,1.5270719577121736,2,1,1.1206091435614158,2.0006850914233527,1,-0.49965939403315024,1.0471678523539008,0,0,3.0,0,1,1,0,0,0,0,1,0,1,0,1,0,0,0,1,0,0,0,0
0,0,1,0,1.5677776925507676,2,0,-1.3250171040581826,-0.23972540749243954,1,-0.6197610330828043,-1.109762475828853,0,0,3.0,0,1,0,1,1,0,1,0,1,0,1,0,1,0,1,0,0,0,0,0
0,1,0,0,0.6722515261016999,0,0,-0.7011667179625456,-0.08481110704742083,1,-0.5588674250746284,-1.109762475828853,0,1,3.0,0,0,0,0,0,0,0,0,0,0,0,0,0,0,0,0,0,0,1,0
1,0,1,0,-0.3453918448631497,1,0,-1.4876164068171518,-0.7746525386991303,1,-0.5671588850429616,-1.109762475828853,0,1,1.0,0,0,0,1,1,0,1,0,1,0,1,0,1,0,1,0,0,0,1,0
1,0,0,0,0.346605647392948,1,0,0.0023241429538111433,0.10200312157307678,1,-0.48152433552874746,-0.031297311737476054,0,1,2.0,0,1,0,0,0,0,0,0,0,1,0,0,0,0,0,1,0,0,1,0
0,0,0,0,-0.7931549280876836,0,0,-1.1873054496806883,-0.8522084163472171,0,-0.4199690192955856,-0.5705298937831644,0,1,1.0,1,0,0,0,0,0,0,1,0,0,0,0,0,0,0,0,0,1,0,0
0,0,0,0,-1.2816237461508113,0,0,-0.6563689508758908,-0.9891104464813223,1,1.9399713228818045,-1.109762475828853,1,1,0.0,0,0,0,0,0,0,0,0,0,0,0,0,0,0,0,0,0,0,1,0
0,1,0,0,0.8757802002946699,1,0,0.23792721429843983,0.6962325264099738,1,-0.50878365678106,0.5079352703082123,0,1,3.0,0,1,0,0,0,0,0,1,0,0,0,1,0,1,0,0,0,0,1,0
1,0,1,1,-1.0373893371192475,0,1,0.16658262227154547,-0.7765832083548677,1,0.34717610500667606,-1.109762475828853,1,0,1.0,0,0,1,0,0,0,0,0,0,0,0,0,0,0,0,0,0,0,0,1
1,0,1,1,1.6084834273893616,2,0,0.23792721429843983,1.1923268702228558,1,-0.5460074590050218,1.0471678523539008,0,0,3.0,0,1,0,0,0,1,0,1,0,1,0,1,0,0,0,0,1,0,0,0
0,1,0,0,-0.1825689055087738,0,1,1.3678264508173998,0.3743591795994839,1,-0.23822459624175654,1.0471678523539008,0,1,2.0,0,1,1,0,0,0,0,1,0,1,0,0,0,1,0,1,0,1,0,1
0,0,0,0,-1.1188008067964355,0,1,-0.46390447005915153,-0.9082636546473195,0,0.31814639852032417,0.5079352703082123,1,0,0.0,1,0,0,0,0,0,0,1,0,0,0,0,0,1,0,1,1,0,0,0
1,0,0,0,-0.9152721326034655,0,1,0.7008374741938728,-0.6429282135508665,1,0.24111189565796862,-0.5705298937831644,1,0,1.0,0,1,1,0,0,0,0,0,0,0,0,0,0,1,0,0,0,0,0,1
1,1,1,1,1.5677776925507676,1,1,0.7224067694578178,1.7025063267514586,1,-0.5210760253578504,0.5079352703082123,0,0,3.0,0,0,1,0,0,1,0,1,0,1,0,0,0,0,0,0,0,0,0,0
0,0,0,0,1.4456604880349857,2,0,-0.8637660207215148,0.1842320973651641,0,-0.5948237885121831,0.5079352703082123,0,1,3.0,1,0,0,0,0,1,0,0,0,1,0,1,0,0,0,0,0,0,1,0
0,0,0,0,-1.2409180113122174,0,0,-0.6430955384057709,-0.9718879955750286,1,1.0887531525216665,-1.109762475828853,1,1,0.0,0,0,0,0,0,0,0,0,0,0,0,0,0,0,0,0,0,1,0,0
0,1,1,0,0.8757802002946699,1,1,1.681410820423983,1.8129494068307994,1,-0.4177032253107326,2.1256330164452777,0,0,3.0,0,1,1,0,0,1,0,1,0,1,0,1,0,1,0,1,0,0,0,0
1,0,1,1,-0.7117434584104956,0,1,-0.17520774883404305,-0.6284481911328361,1,-0.23041908809987197,-0.031297311737476054,0,0,1.0,0,1,0,0,0,0,0,0,0,1,0,1,0,0,0,0,0,0,0,0
0,0,0,0,-1.2002122764736234,0,0,-1.185646273121923,-0.9657010769055066,0,0.18091505876666034,-0.5705298937831644,1,1,0.0,1,0,0,0,0,0,0,1,0,0,0,0,0,0,0,0,0,0,1,0
1,1,1,0,1.3235432835192036,2,1,0.9215079565096169,1.6099438804155946,1,-0.49800057121618213,0.5079352703082123,0,0,3.0,0,1,1,0,0,1,0,1,0,0,0,0,0,1,0,0,1,0,0,0
0,0,1,1,-0.7117434584104956,1,0,-1.4793205240233267,-0.8615107337794063,1,-0.5132787901445739,-1.109762475828853,0,0,1.0,0,0,0,1,1,0,1,0,1,0,1,0,1,0,1,0,1,0,0,0
0,0,0,0,-0.10115743583158582,1,1,0.9779199595076267,0.14864634530145926,1,-0.30906861946952047,0.5079352703082123,0,0,2.0,0,0,1,0,0,0,0,0,0,0,0,1,0,1,0,1,0,0,0,0
0,0,0,0,1.5270719577121736,1,0,-1.290174396324118,-0.19435467058261105,1,-0.6174947944047094,-1.109762475828853,0,0,3.0,0,1,0,1,1,0,1,0,1,0,1,0,1,0,1,0,1,0,0,0
0,0,0,0,-0.5082147842175256,2,0,-1.5008898192872717,-0.830356746152735,1,-0.5517165892289231,-1.109762475828853,0,1,1.0,0,0,0,1,1,0,1,0,1,0,1,0,1,0,1,0,0,0,1,0
0,0,0,0,-1.1595065416350294,0,1,-1.3432680462045974,-0.9709226607471599,0,-0.09661853184004984,-1.109762475828853,1,1,0.0,1,0,0,0,0,0,0,0,0,0,0,0,0,0,0,0,0,1,0,1
0,0,0,0,1.2421318138420157,2,1,0.5100321699358986,1.1829806739348545,1,-0.5152580883140979,1.5864004343995892,0,0,3.0,0,1,0,0,0,1,0,1,0,1,0,1,0,0,0,1,1,0,0,0
1,0,0,0,-1.0780950719578415,0,1,0.6610172367835129,-0.7792159397036006,1,0.7361467530746904,-0.031297311737476054,1,1,0.0,0,0,1,0,0,0,0,1,0,0,0,0,0,1,0,0,0,1,0,1
0,1,1,1,-0.1825689055087738,1,1,-0.8571293144864547,-0.5277462170438069,0,-0.5044805305696992,-0.031297311737476054,0,1,2.0,1,0,0,0,0,0,0,1,0,0,0,0,0,0,0,1,0,1,0,0
0,0,1,0,-0.5082147842175256,1,1,-1.4909347599346818,-0.8261882548505748,1,-0.5500714582828252,-1.109762475828853,0,1,1.0,0,0,0,1,1,0,1,0,1,0,1,0,1,0,1,0,0,0,1,0
1,0,0,0,-1.2002122764736234,0,1,-0.017585975751368575,-0.9230727684839414,1,1.1943157215629465,0.5079352703082123,0,0,0.0,0,0,0,0,0,1,0,0,0,0,0,1,0,1,0,0,1,0,0,0
1,0,0,0,-0.8338606629262776,0,0,-0.4871329418818615,-0.7483910434955208,1,-0.21461238523556142,-0.5705298937831644,0,0,1.0,0,0,0,0,0,0,0,0,0,0,0,1,0,0,0,0,0,0,0,1
1,0,0,0,-1.1188008067964355,0,0,-0.8272641364286849,-0.9108744465681463,0,0.10798092015632162,0.5079352703082123,0,1,0.0,1,0,0,0,0,1,0,0,0,1,0,1,0,0,0,0,0,0,1,1
1,0,1,1,-0.38609757970174374,1,0,-0.2565074002135275,-0.3843720556774003,1,-0.3852841751820222,-0.031297311737476054,0,0,1.0,0,0,0,0,0,1,0,0,0,0,0,1,0,0,0,0,1,0,0,0
0,0,1,0,1.5270719577121736,2,0,-0.23659728150834783,0.7634768729421905,0,-0.565997561620167,1.5864004343995892,0,0,3.0,1,0,0,0,0,0,0,1,0,1,0,1,0,1,0,1,0,0,0,0
1,0,1,1,1.3235432835192036,1,0,0.24954145020979507,1.0331343813361467,1,-0.5333334972176023,1.0471678523539008,0,0,3.0,0,1,0,0,0,1,0,1,0,1,0,0,0,0,0,1,1,0,0,1
0,0,1,1,1.6084834273893616,2,1,0.6095827634617982,1.6425458702840692,1,-0.5283392033647378,1.5864004343995892,0,0,3.0,0,1,0,0,0,1,0,0,0,1,0,1,0,1,0,1,0,0,0,0
1,0,1,1,-1.2816237461508113,0,0,-1.1524627419466233,-0.9956703354252482,0,1.0791565553360958,-0.5705298937831644,1,1,0.0,1,0,0,0,0,0,0,1,0,0,0,0,0,0,0,0,0,1,0,1
1,0,1,1,0.06166550352279012,2,1,-0.8090131942822701,-0.4271539400943082,0,-0.5263267349608127,-0.031297311737476054,0,1,2.0,1,0,0,0,0,0,0,0,0,0,0,1,0,1,0,0,0,1,0,0
0,0,0,0,-0.4675090493789317,0,1,1.0758113764747608,-0.07890940094067823,1,-0.1501675441355354,-0.031297311737476054,0,1,1.0,0,1,1,0,0,0,0,0,0,0,0,0,0,1,0,1,0,1,0,1
0,0,1,1,-0.5489205190561197,1,1,0.8103431270723621,-0.2687512706122186,1,-0.14527327957089428,-0.031297311737476054,0,0,1.0,0,1,1,0,0,0,0,0,0,0,0,1,0,0,0,1,0,0,0,0
1,0,1,0,1.5270719577121736,1,1,-0.46058611694162177,0.5861404771771308,0,-0.5769457922121564,1.0471678523539008,0,0,3.0,1,0,0,0,0,0,0,1,0,1,0,1,0,0,0,1,0,0,0,0
0,1,0,0,0.9571916699718578,0,1,1.059219610887111,1.2814009475216483,1,-0.4640772889161832,0.5079352703082123,0,1,3.0,0,1,1,0,0,1,0,1,0,0,0,0,0,0,0,1,0,1,0,0
1,0,0,0,-1.2816237461508113,0,1,-0.3062826969764773,-0.9844812271931339,1,2.547435924728442,-0.5705298937831644,1,1,0.0,0,0,0,0,0,0,0,0,0,0,0,0,0,0,0,1,0,0,1,1
0,0,1,1,0.22448844287716607,0,0,-0.3461029343868372,-0.09797476379108477,1,-0.49881930188516094,-0.031297311737476054,0,1,2.0,0,0,0,0,0,1,0,1,0,0,0,0,0,0,0,0,0,1,0,0
1,0,0,0,-0.7931549280876836,1,0,-1.5141632317573919,-0.894990300764125,1,-0.5009917183909055,-1.109762475828853,0,0,1.0,0,0,0,1,1,0,1,0,1,0,1,0,1,0,1,0,1,0,0,0
1,1,1,0,0.5501343215859179,0,1,1.1969312652646056,1.0446306415589464,1,-0.41227715705292584,0.5079352703082123,0,1,2.0,0,1,1,0,0,0,0,0,0,1,0,0,0,1,0,1,0,1,0,1
1,1,1,0,0.8757802002946699,0,1,-1.3266762806169474,-0.4100850651833572,0,-0.6075064692828055,-1.109762475828853,0,0,3.0,1,0,0,0,0,0,0,0,0,0,0,0,0,0,0,0,0,0,0,0
0,1,1,0,0.631545791263106,0,1,0.18981109409425545,0.5466056280903268,1,-0.4937061384867578,-1.109762475828853,0,0,2.0,0,0,1,0,0,0,0,0,0,0,0,0,0,0,0,0,0,0,0,0
0,0,1,1,1.4456604880349857,2,1,0.8003880677197722,1.7053365129513463,1,-0.5111247713197692,2.1256330164452777,0,0,3.0,0,1,0,0,0,1,0,1,0,1,0,1,0,1,0,1,0,0,0,0
0,0,1,0,0.7943687306174818,0,0,0.9845566657426863,1.1963417855296734,1,-0.4541986070467068,0.5079352703082123,0,0,3.0,0,1,1,0,0,0,0,1,0,1,0,0,0,1,0,0,0,0,0,0
0,0,1,0,1.5677776925507676,2,0,-1.3333129868520075,-0.20291104746599264,1,-0.6201608912988698,-1.109762475828853,0,0,3.0,0,1,0,1,1,0,1,0,1,0,1,0,1,0,1,0,0,0,0,0
0,0,0,0,-1.2816237461508113,0,0,0.12344403174365576,-0.9787989153654522,1,3.2930915260473004,-1.109762475828853,1,1,0.0,0,0,1,0,0,0,0,0,0,0,0,0,0,0,0,0,0,1,0,1
0,0,1,0,1.2828375486806096,2,1,0.3125901594428645,1.0795143319296558,1,-0.5280224853206367,1.5864004343995892,0,1,3.0,0,0,0,0,0,1,0,1,0,1,0,1,0,0,0,1,0,0,1,0
0,0,0,0,0.5501343215859179,0,0,-0.6630056571109506,-0.05723324616944488,1,-0.5496105882660106,-1.109762475828853,0,0,2.0,0,0,0,0,0,0,0,0,0,0,0,0,0,0,0,0,0,0,0,0
0,0,0,0,-0.8745663977648716,0,0,0.8368899520126024,-0.5754205938837764,1,0.20538638158986613,-0.031297311737476054,0,1,1.0,0,1,1,0,0,0,0,0,0,0,0,1,0,1,0,0,0,1,0,1
1,0,0,0,0.8350744654560759,1,1,-0.1270916286298582,0.4644863494377698,1,-0.5294463906808204,-0.031297311737476054,0,1,3.0,0,0,0,0,0,0,0,0,0,1,0,0,0,0,0,1,0,1,0,0
0,0,0,0,-1.2409180113122174,0,1,-1.4892755833759168,-0.9916992989742429,1,0.1099002395934358,-1.109762475828853,0,1,0.0,0,0,0,1,1,0,1,0,1,0,1,0,1,0,1,0,0,0,1,0
1,1,1,0,0.9978974048104517,0,0,1.1836578527944854,1.5124231233729508,1,-0.4600052663717431,0.5079352703082123,0,1,3.0,0,1,1,0,0,0,0,0,0,1,0,0,0,1,0,1,0,1,0,1
0,0,0,0,0.428017117070136,1,0,-0.31457857977030224,0.06358718330948407,1,-0.5146201327057389,-0.031297311737476054,0,1,2.0,0,0,0,0,0,0,0,1,0,0,0,1,0,0,0,0,0,1,0,0
1,0,0,0,0.46872285190873,2,0,-1.4892755833759168,-0.6380357211278046,1,-0.6084370484038306,-1.109762475828853,0,1,2.0,0,0,0,1,1,0,1,0,1,0,1,0,1,0,1,0,0,0,1,0
0,0,1,0,1.5677776925507676,1,0,0.06205449906935077,1.0486236174378576,0,-0.5529047393566604,2.1256330164452777,0,0,3.0,1,0,0,0,0,1,0,1,0,1,0,1,0,1,0,1,0,0,0,0
1,0,0,1,-0.10115743583158582,0,1,-0.6779382461398357,-0.4350740735684126,0,-0.49443772897661237,-0.031297311737476054,0,1,2.0,1,0,0,0,0,0,0,0,0,0,0,0,0,1,0,1,0,1,0,0
1,0,1,0,-0.5082147842175256,1,0,-1.469365464670737,-0.8257275268645465,1,-0.5465070078996132,-1.109762475828853,0,1,1.0,0,0,0,1,1,0,1,0,1,0,1,0,1,0,1,0,0,0,1,0
1,0,1,1,-0.5896262538947137,1,0,-1.4892755833759168,-0.8571447876260911,1,-0.5382236292762783,-1.109762475828853,0,0,1.0,0,0,0,1,1,0,1,0,1,0,1,0,1,0,1,0,0,0,0,0
1,1,1,0,0.06166550352279012,0,0,0.219676272152025,0.056171656677219996,1,-0.42432861630274493,-1.109762475828853,0,0,2.0,0,0,1,0,0,0,0,0,0,0,0,0,0,0,0,0,1,0,0,0
0,0,0,0,0.7943687306174818,2,1,-0.20507292689181286,0.32435922340146706,0,-0.5320940053341143,1.5864004343995892,0,0,3.0,1,0,0,0,0,1,0,1,0,1,0,0,0,1,0,1,0,0,0,0
0,1,0,0,1.3642490183577978,1,0,1.4325343366092342,2.1672931069423265,1,-0.4739452745531921,1.0471678523539008,0,0,3.0,0,1,1,0,0,0,0,1,0,1,0,0,0,1,0,1,0,0,0,0
1,1,1,0,-0.1418631706701798,0,1,1.113972437326356,0.30926489700206566,1,-0.2816409255778566,0.5079352703082123,0,1,2.0,0,1,1,0,0,0,0,0,0,1,0,0,0,1,0,1,0,1,0,1
0,0,1,1,0.346605647392948,0,0,0.49675875746577897,0.45057675214529813,1,-0.440670250367317,1.5864004343995892,0,0,2.0,0,1,0,0,0,1,0,1,0,1,0,1,0,0,0,1,1,0,0,1
1,0,1,1,1.4863662228735797,2,1,0.35904710308828447,1.3553368195652276,1,-0.5351281855224362,1.5864004343995892,0,0,3.0,0,0,0,0,0,1,0,1,0,1,0,1,0,1,0,0,0,0,0,0
1,1,1,0,-0.019745966154397852,0,0,0.6759498258123978,0.1587384821382683,1,-0.36207785835145984,-0.5705298937831644,0,1,2.0,0,1,1,0,0,0,0,0,0,0,0,0,0,0,0,1,0,1,0,1
1,0,0,0,-0.9559778674420595,0,0,0.16990097538907525,-0.7204182729152349,1,0.1469431047297394,-1.109762475828853,1,1,1.0,0,0,1,0,0,0,0,0,0,0,0,0,0,0,0,0,0,0,1,0
1,0,0,0,-1.2409180113122174,0,0,-1.1640769778579783,-0.9757493348865034,0,0.4860868492678148,-0.5705298937831644,0,0,0.0,1,0,0,0,0,0,0,0,0,0,0,1,0,0,0,0,0,0,0,1
1,0,0,0,0.18378270803857208,1,0,-1.4859572302583868,-0.6641436403360715,1,-0.5986821915453748,-1.109762475828853,0,0,2.0,0,0,0,1,1,0,1,0,1,0,1,0,1,0,1,0,1,0,0,0
0,0,0,0,0.26519417771576004,1,1,-0.5667734167025811,-0.18119101383894712,1,-0.5219877020904795,-0.5705298937831644,0,1,2.0,0,0,0,0,0,1,0,0,0,0,0,0,0,0,0,0,0,1,0,0
1,0,0,0,-0.9966836022806536,0,1,0.7174292397815226,-0.7238627630964936,1,0.4477004605255312,-0.5705298937831644,1,1,1.0,0,1,1,0,0,0,0,0,0,0,0,0,0,0,0,1,0,1,0,1
1,0,1,1,-1.1188008067964355,1,0,-1.472683817788267,-0.9652842277752907,1,-0.26532671036238603,-1.109762475828853,0,1,0.0,0,0,0,1,1,0,1,0,1,0,1,0,1,0,1,0,0,1,0,0
0,0,0,0,-0.2639803751859618,0,1,-0.48381458876433153,-0.4483693668795132,0,-0.44499633544779665,0.5079352703082123,0,0,2.0,1,0,0,0,0,0,0,0,0,1,0,0,0,1,0,1,1,0,0,0
1,0,1,1,1.2421318138420157,0,1,0.5100321699358986,1.1395406066807636,1,-0.5152580883140979,-0.031297311737476054,0,0,3.0,0,0,1,0,0,0,0,1,0,1,0,0,0,0,0,0,1,0,0,0
0,1,1,0,1.0386031396490458,0,1,1.1770211465594258,1.514024701610097,1,-0.46378108707620036,0.5079352703082123,0,0,3.0,0,1,1,0,0,0,0,0,0,0,0,1,0,1,0,1,0,0,0,0
0,0,0,0,1.6084834273893616,2,1,-1.452773699083087,-0.3861052704819827,1,-0.6263822469400635,-1.109762475828853,0,0,3.0,0,0,0,1,1,0,1,0,1,0,1,0,1,0,1,0,0,0,0,0
0,1,0,0,1.2828375486806096,2,1,0.17487850506537042,0.957289779064736,1,-0.535374955164351,1.0471678523539008,0,0,3.0,0,0,0,0,0,1,0,1,0,0,0,1,0,1,0,0,1,0,0,1
0,1,1,0,0.7129572609402939,1,0,-1.3183803978231226,-0.4357322564055958,1,-0.6028446784360822,-1.109762475828853,0,1,3.0,0,1,0,1,1,0,1,0,1,0,1,0,1,0,1,0,0,1,0,0
0,0,0,0,-0.9966836022806536,1,0,-0.2233238690382277,-0.8030202189817262,1,0.08494908691095146,0.5079352703082123,0,0,1.0,0,0,0,0,0,1,0,1,0,0,0,1,0,0,0,0,0,0,0,0
0,0,0,1,-1.2816237461508113,0,0,0.45527934349665417,-0.9744110297842309,1,3.868887357181554,-0.5705298937831644,1,1,0.0,0,0,1,0,0,0,0,0,0,0,0,0,0,0,0,1,0,1,0,1
0,0,0,0,-1.0780950719578415,0,0,0.18649274097672516,-0.8185094550834374,1,0.5008930277826954,-1.109762475828853,1,0,0.0,0,0,1,0,0,0,0,0,0,0,0,0,0,0,0,0,1,0,0,0
0,0,1,1,1.3235432835192036,2,1,0.5830359385215584,1.2794044595821932,1,-0.5157978969057863,1.5864004343995892,0,0,3.0,0,1,0,0,0,1,0,1,0,0,0,1,0,1,0,1,0,0,0,0
0,0,1,1,-0.7931549280876836,1,0,-0.3577171702981922,-0.7013090312090161,1,-0.2143276510333522,-0.031297311737476054,0,0,1.0,0,0,0,0,0,1,0,0,0,0,0,1,0,0,0,0,0,0,0,0
1,0,1,0,0.590840056424512,0,1,1.4806504568134191,1.239672155644234,1,-0.3969200492695269,1.5864004343995892,0,1,2.0,0,1,1,0,0,0,0,1,0,1,0,1,0,1,0,1,0,1,0,1
1,0,0,0,-1.1595065416350294,0,0,-0.3527396406218973,-0.9232263444792841,1,0.5908816905342488,-0.5705298937831644,1,1,0.0,0,0,0,0,0,0,0,0,0,0,0,0,0,0,0,1,0,1,0,1
0,0,0,0,0.7536629957788878,2,0,-1.3266762806169474,-0.4437620870192308,1,-0.6044926008939665,-1.109762475828853,0,0,3.0,0,1,0,1,1,0,1,0,1,0,1,0,1,0,1,0,0,0,0,0
1,0,1,1,0.06166550352279012,0,1,-0.6663240102284806,-0.3759253759335493,0,-0.512178608824371,0.5079352703082123,0,1,2.0,1,0,0,0,0,0,0,0,0,1,0,1,0,1,0,0,0,1,0,0
0,1,1,0,0.18378270803857208,0,0,0.8319124223363072,0.4705635709677613,1,-0.387001460994177,0.5079352703082123,0,1,2.0,0,0,1,0,0,0,0,0,0,1,0,1,0,1,0,0,0,1,0,0
0,0,1,0,-0.9966836022806536,0,1,0.8402083051301322,-0.682572759777201,1,0.49504367330768095,-0.031297311737476054,0,1,1.0,0,1,1,0,0,0,0,0,0,0,0,1,0,0,0,1,0,1,0,0
0,0,1,1,0.26519417771576004,0,1,1.1620885575305409,0.6441702639887827,1,-0.37199288808000647,0.5079352703082123,0,0,2.0,0,1,1,0,0,0,0,0,0,0,0,1,0,1,0,1,1,0,0,0
0,0,0,0,-1.2409180113122174,0,0,-0.3577171702981922,-0.9643188929474218,1,1.4188760957053053,-0.5705298937831644,1,1,0.0,0,1,0,0,0,0,0,1,0,0,0,0,0,0,0,0,0,0,1,0
0,0,1,0,-1.2409180113122174,0,0,-1.4793205240233267,-0.9905584487231254,1,0.12141615621612092,-1.109762475828853,0,1,0.0,0,0,0,1,1,0,1,0,1,0,1,0,1,0,1,0,0,0,1,0
1,0,1,0,0.428017117070136,0,0,0.04380355692293595,0.26679016457584326,1,-0.4863537919046029,0.5079352703082123,0,0,2.0,0,1,0,0,0,1,0,1,0,0,0,1,0,0,0,0,0,0,0,0
1,0,0,1,-1.2816237461508113,0,1,1.1554518512954808,-0.9651525912078539,1,5.083816560874828,0.5079352703082123,1,1,0.0,0,1,1,0,0,0,0,0,0,1,0,0,0,1,0,1,0,1,0,1
1,0,0,1,0.5094285867473239,2,0,1.1537926747367158,1.024578004452765,1,-0.41015187919332763,0.5079352703082123,0,0,2.0,0,1,1,0,0,0,0,0,0,1,0,0,0,1,0,1,0,0,0,0
1,1,1,0,-1.2816237461508113,0,0,0.19644780032931503,-0.9778335805375835,1,3.4197666088968357,-1.109762475828853,1,1,0.0,0,0,1,0,0,0,0,0,0,0,0,0,0,0,0,0,0,0,1,1
1,0,0,0,-1.2816237461508113,0,0,-0.4705411762942116,-0.9866532305558383,1,2.2624169883169865,-1.109762475828853,1,1,0.0,0,1,0,0,0,0,0,0,0,0,0,0,0,0,0,0,0,0,1,0
1,0,1,1,-0.10115743583158582,0,0,0.680927355488693,0.09241559157810804,1,-0.3423161852027564,-0.5705298937831644,0,1,2.0,0,1,1,0,0,0,0,0,0,0,0,0,0,1,0,0,0,1,0,0
1,1,0,0,1.5270719577121736,1,1,-0.6928708351687206,0.3125558111879817,0,-0.5882995128260712,0.5079352703082123,0,0,3.0,1,0,0,0,0,0,0,1,0,1,0,0,0,1,0,0,1,0,0,0
1,0,0,0,1.2828375486806096,1,1,1.3180511540544502,2.0142436578693275,1,-0.47434059706412,1.0471678523539008,0,0,3.0,0,1,1,0,0,0,0,0,0,1,0,1,0,1,0,1,1,0,0,0
0,0,1,1,-0.5896262538947137,2,0,-1.3216987509406526,-0.8209227921531091,1,-0.5076155350949312,-1.109762475828853,0,1,1.0,0,1,0,1,1,0,1,0,1,0,1,0,1,0,1,0,0,0,1,0
1,0,1,1,0.18378270803857208,2,0,-1.497571466169742,-0.6903173778280567,1,-0.5997428680764116,-1.109762475828853,0,0,2.0,0,0,0,1,1,0,1,0,1,0,1,0,1,0,1,0,0,0,0,0
0,0,1,0,1.6084834273893616,2,0,0.018915908541461066,1.149786319512915,0,-0.5564191096501891,2.1256330164452777,0,0,3.0,1,0,0,0,0,1,0,1,0,1,0,1,0,1,0,1,0,0,0,0
0,0,1,1,0.5094285867473239,0,1,-0.4655636466179167,0.015144926492800677,0,-0.532320733799204,0.5079352703082123,0,0,2.0,1,0,0,0,0,1,0,0,0,0,0,0,0,1,0,1,0,0,0,0
0,0,1,1,0.9571916699718578,2,0,0.5415565245524336,1.0184569040669609,1,-0.4955945344098475,1.5864004343995892,0,0,3.0,0,1,0,0,0,1,0,1,0,1,0,1,0,1,0,0,1,0,0,0
0,1,1,0,-0.06045170099299184,0,1,0.6610172367835129,0.14658403907828532,1,-0.3543951279909659,-0.5705298937831644,0,1,2.0,0,1,1,0,0,0,0,0,0,0,0,0,0,0,0,1,0,1,0,0
1,0,1,1,1.2014260790034217,1,0,-1.4925939364934466,-0.4627177527301069,1,-0.6232797853841803,-1.109762475828853,0,0,3.0,0,0,0,1,1,0,1,0,1,0,1,0,1,0,1,0,0,0,0,0
1,1,1,0,1.4863662228735797,1,1,-1.1657361544167435,-0.0724153302804706,0,-0.6107219524956332,-0.5705298937831644,0,0,3.0,1,0,0,0,0,0,0,0,0,1,0,0,0,0,0,0,1,0,0,0
0,0,0,1,-1.1595065416350294,1,1,-1.477661347464562,-0.9717344195796859,1,-0.18989745648379885,-1.109762475828853,0,1,0.0,0,0,0,1,1,0,1,0,1,0,1,0,1,0,1,0,0,0,1,0
1,0,0,1,1.3642490183577978,2,0,-1.4925939364934466,-0.45205519076773915,1,-0.6254569238501606,-1.109762475828853,0,0,3.0,0,0,0,1,1,0,1,0,1,0,1,0,1,0,1,0,1,0,0,0
0,0,1,1,1.5270719577121736,2,1,0.14169497389007057,1.1290096812858323,1,-0.5475072166203627,0.5079352703082123,0,0,3.0,0,1,0,0,0,1,0,1,0,0,0,0,0,1,0,0,1,0,0,0
0,1,1,0,1.6084834273893616,1,1,1.3545530383472797,2.3389691303076106,1,-0.49292381594291873,1.0471678523539008,0,0,3.0,0,1,1,0,0,0,0,1,0,1,0,0,0,1,0,1,1,0,0,0
1,0,0,0,0.9571916699718578,1,0,-0.4058332905023768,0.31608805908086474,1,-0.5532751343357526,-0.031297311737476054,0,1,3.0,0,0,0,0,0,1,0,0,0,1,0,0,0,0,0,0,0,0,1,0
0,0,0,0,-0.8338606629262776,1,0,1.0144218438004564,-0.5196066892906412,1,0.18623009720789957,0.5079352703082123,0,1,1.0,0,0,1,0,0,0,0,0,0,1,0,0,0,1,0,1,0,0,1,1
0,0,0,0,-1.2816237461508113,0,0,0.19312944721178524,-0.9778774593933958,1,3.4140086505854934,-1.109762475828853,1,1,0.0,0,0,1,0,0,0,0,0,0,0,0,0,0,0,0,0,0,0,1,1
0,0,0,0,0.346605647392948,0,1,1.6449089361311533,0.9776715075895089,1,-0.3458010324756734,2.1256330164452777,0,0,2.0,0,1,1,0,0,1,0,1,0,1,0,1,0,1,0,1,0,0,0,1
1,0,0,1,-1.2816237461508113,0,1,-0.1785261019515731,-0.9827918912443635,1,2.7691173197151295,-0.031297311737476054,0,1,0.0,0,0,0,0,0,0,0,0,0,0,0,1,0,0,0,1,0,0,1,0
0,0,0,0,-0.7931549280876836,1,0,-1.5025489958460367,-0.9015063108522386,1,-0.49811273923523425,-1.109762475828853,0,1,1.0,0,0,0,1,1,0,1,0,1,0,1,0,1,0,1,0,0,1,0,0
1,0,1,1,-0.2639803751859618,0,1,0.6245153524906832,-0.10036616143285051,1,-0.30254018167087765,-0.5705298937831644,0,1,2.0,0,1,1,0,0,0,0,0,0,0,0,0,0,1,0,0,0,1,0,1
0,0,0,1,-0.6710377235719016,1,1,0.48348534499565887,-0.45420525470253753,1,-0.12120840086378319,-0.5705298937831644,0,0,1.0,0,1,1,0,0,0,0,0,0,0,0,1,0,0,0,0,1,0,0,0
1,0,0,0,-1.2002122764736234,0,0,-0.34112540471054226,-0.9259468335396415,1,0.9136152538849979,-0.5705298937831644,1,1,0.0,0,0,0,0,0,0,0,0,0,0,0,0,0,0,0,1,0,0,1,0
1,0,0,0,1.0386031396490458,2,0,0.17156015194784016,0.7677111825280688,1,-0.5229221504096508,1.0471678523539008,0,0,3.0,0,0,0,0,0,0,0,1,0,1,0,1,0,1,0,0,0,0,0,0
0,1,1,0,1.6084834273893616,2,0,0.8020472442785371,1.7784386867344932,1,-0.5191895709795908,2.1256330164452777,0,0,3.0,0,1,0,0,0,1,0,1,0,1,0,1,0,1,0,1,1,0,0,0
1,0,0,1,0.9571916699718578,1,1,-1.4511145225243218,-0.465416302362558,1,-0.6169157261979595,-1.109762475828853,0,1,3.0,0,0,0,1,1,0,1,0,1,0,1,0,1,0,1,0,0,0,1,0
1,0,0,0,-1.2816237461508113,0,1,0.1566275629189556,-0.97836012680733,1,3.350671109160726,-1.109762475828853,1,1,0.0,0,0,1,0,0,0,0,0,0,0,0,0,0,0,0,0,0,1,0,1
0,0,1,0,0.020959768684196134,1,1,-0.3709905827683121,-0.1939597608803012,1,-0.47769376102190186,-0.031297311737476054,0,0,2.0,0,0,0,0,0,0,0,1,0,0,0,1,0,0,0,0,1,0,0,0
1,1,1,0,-0.7931549280876836,0,0,0.9580098408024466,-0.45560937808852836,1,0.11181955903054996,0.5079352703082123,0,0,1.0,0,1,1,0,0,1,0,1,0,0,0,0,0,0,0,1,1,0,0,0
1,0,0,0,0.9978974048104517,1,1,0.7290434756928779,1.1583646358242028,1,-0.4872066556356716,-0.5705298937831644,0,1,3.0,0,1,1,0,0,0,0,0,0,0,0,0,0,1,0,0,0,1,0,0
0,0,1,0,-0.5896262538947137,0,0,0.3275227484717495,-0.37792186387300497,1,-0.20638340028048488,-0.5705298937831644,0,1,1.0,0,0,1,0,0,1,0,0,0,0,0,0,0,0,0,0,0,1,0,0
1,0,0,0,0.387311382231542,0,1,1.2218189136460804,0.8662192138264875,1,-0.38724812995488317,0.5079352703082123,0,1,2.0,0,1,1,0,0,0,0,1,0,0,0,0,0,1,0,1,0,1,0,1
1,0,1,0,-0.019745966154397852,1,1,0.2611556861211498,0.01479389564630309,1,-0.4056987546495094,0.5079352703082123,0,0,2.0,0,1,0,0,0,1,0,0,0,0,0,1,0,1,0,0,1,0,0,0
1,0,1,1,0.06166550352279012,0,0,-1.464387934994442,-0.7298961057706729,1,-0.5913094073316784,-1.109762475828853,0,1,2.0,0,0,0,1,1,0,1,0,1,0,1,0,1,0,1,0,0,0,1,0
1,0,1,0,1.2828375486806096,2,1,1.3379612727596297,1.985108097610017,1,-0.4732775893758723,1.0471678523539008,0,1,3.0,0,1,1,0,0,0,0,1,0,0,0,1,0,1,0,1,0,1,0,0
0,0,0,0,-0.8745663977648716,0,1,0.38393475146975936,-0.6412388776020962,1,0.07439283000682347,-1.109762475828853,1,1,1.0,0,1,1,0,0,0,0,0,0,0,0,0,0,0,0,0,0,1,0,1
0,0,1,0,0.6722515261016999,0,1,1.1919537355883103,1.1180399673327792,1,-0.42747081640979184,0.5079352703082123,0,1,3.0,0,1,1,0,0,1,0,0,0,0,0,0,0,1,0,1,0,0,1,0
0,0,1,1,-0.38609757970174374,0,0,0.6261745290494481,-0.17511379230895563,1,-0.25764943261392936,0.5079352703082123,0,1,1.0,0,0,1,0,0,0,0,1,0,1,0,1,0,0,0,0,0,1,0,1
0,0,1,1,0.9571916699718578,1,1,0.12676238486118555,0.6619850794485412,1,-0.520848737529771,0.5079352703082123,0,0,3.0,0,1,0,0,0,1,0,0,0,1,0,0,0,0,0,1,0,0,0,0
0,0,0,0,-0.30468611002455576,0,0,-1.5224591145512167,-0.8065085880187972,1,-0.5753706194346763,-1.109762475828853,0,1,2.0,0,0,0,1,1,0,1,0,1,0,1,0,1,0,1,0,0,0,1,0
1,1,1,0,-0.9966836022806536,0,1,-0.7160993069914304,-0.8459556793939768,0,-0.10506353736335222,0.5079352703082123,1,1,1.0,1,0,0,0,0,0,0,1,0,1,0,0,0,0,0,1,0,0,1,0
0,0,1,0,0.06166550352279012,0,0,-0.07565715530814353,-0.010721659008498911,1,-0.45361194714328695,0.5079352703082123,0,1,2.0,0,1,0,0,0,1,0,1,0,0,0,1,0,0,0,0,0,1,0,1
1,0,0,1,-1.0780950719578415,0,0,-1.2802193369715278,-0.9281627157581581,1,-0.22625485039256168,-1.109762475828853,0,1,0.0,0,1,0,1,1,0,1,0,1,0,1,0,1,0,1,0,0,0,1,0
1,0,0,0,-0.38609757970174374,0,1,1.29814103534927,0.07492986753694113,1,-0.16048388611002412,1.0471678523539008,0,1,1.0,0,1,1,0,0,0,0,0,0,1,0,1,0,1,0,1,0,0,1,1
1,0,1,1,-0.06045170099299184,0,0,-0.9799083798350643,-0.5361270785039396,0,-0.5323520270508961,-0.031297311737476054,0,0,2.0,1,0,0,0,0,1,0,0,0,0,0,1,0,0,0,0,0,0,0,1
1,0,1,1,-0.8338606629262776,0,0,-0.9765900267175343,-0.819255395632245,0,-0.34527374691602664,-0.031297311737476054,0,1,1.0,1,0,0,0,0,0,0,1,0,0,0,1,0,0,0,0,0,0,1,0
0,0,0,0,-1.1595065416350294,0,1,0.505054640259604,-0.8685752295651727,1,1.186254579927067,-0.5705298937831644,1,1,0.0,0,1,1,0,0,1,0,0,0,0,0,0,0,0,0,0,0,1,0,0
0,0,1,1,1.2421318138420157,0,1,1.1819986762357204,1.7183027148438554,1,-0.4788210083751335,1.0471678523539008,0,1,3.0,0,1,1,0,0,1,0,1,0,1,0,0,0,1,0,0,0,1,0,1
1,0,0,0,-1.2409180113122174,0,1,-1.5025489958460367,-0.9918967538253978,1,0.09454568409652232,-1.109762475828853,0,1,0.0,0,0,0,1,1,0,1,0,1,0,1,0,1,0,1,0,0,0,1,0
0,0,1,1,1.5677776925507676,2,0,-1.4743429943470319,-0.3503220635671228,1,-0.6269584809719825,-1.109762475828853,0,0,3.0,0,0,0,1,1,0,1,0,1,0,1,0,1,0,1,0,0,0,0,0
0,0,1,1,0.18378270803857208,0,1,0.7920921849259474,0.45687336795435085,1,-0.390638066243446,-0.031297311737476054,0,1,2.0,0,1,1,0,0,0,0,1,0,0,0,0,0,1,0,0,0,1,0,0
0,0,0,0,-1.2816237461508113,0,0,-0.6563689508758908,-0.9891104464813223,1,1.9399713228818045,-1.109762475828853,1,1,0.0,0,0,0,0,0,0,0,0,0,0,0,0,0,0,0,0,0,1,0,1
1,1,1,0,-1.2409180113122174,0,0,0.17156015194784016,-0.9467673506225366,1,2.0311389961447275,-1.109762475828853,1,1,0.0,0,0,1,0,0,0,0,0,0,0,0,0,0,0,0,0,0,1,0,0
0,0,1,0,-1.0373893371192475,0,1,0.5365789948761385,-0.7558943278394092,1,0.5076791929353491,-0.5705298937831644,1,1,1.0,0,0,1,0,0,0,0,0,0,0,0,0,0,1,0,0,0,1,0,1
1,1,0,0,1.4863662228735797,2,0,0.3042942766490395,1.1986234860319085,1,-0.5378426515834978,1.0471678523539008,0,0,3.0,0,1,0,0,0,1,0,0,0,1,0,1,0,0,0,1,1,0,0,0
1,0,0,0,-0.5489205190561197,0,1,0.44200593102653407,-0.35470994914834414,1,-0.20918661682679635,-0.031297311737476054,0,1,1.0,0,0,1,0,0,0,0,1,0,1,0,0,0,0,0,0,0,1,0,1
0,0,0,0,-0.5489205190561197,0,1,1.3827590398462843,-0.16010722362117868,1,-0.04594849870023549,1.5864004343995892,0,1,1.0,0,0,1,0,0,1,0,0,0,1,0,1,0,1,0,1,0,1,0,1
1,0,1,0,1.6084834273893616,2,1,0.7356801819279375,1.7247748460761567,1,-0.5223446166296415,2.1256330164452777,0,0,3.0,0,1,0,0,0,1,0,1,0,1,0,1,0,1,0,1,0,0,0,0
0,0,0,0,-0.1418631706701798,0,1,1.1172907904438856,0.2781328488033003,1,-0.28125706169043374,0.5079352703082123,0,0,2.0,0,1,1,0,0,0,0,0,0,1,0,0,0,1,0,1,1,0,0,1
0,1,0,0,-1.2002122764736234,0,0,-0.6613464805521857,-0.9531517241432136,1,0.6357937653627206,-1.109762475828853,1,1,0.0,0,0,0,0,0,0,0,0,0,0,0,0,0,0,0,0,0,1,0,1
0,0,1,1,-0.8745663977648716,0,0,-0.4622452935003867,-0.7536784456208925,1,-0.17032039822523423,-0.5705298937831644,1,0,1.0,0,0,0,0,0,1,0,0,0,0,0,0,0,0,0,0,0,0,0,0
0,1,0,0,0.020959768684196134,0,1,-0.18184445506910288,-0.18195889381566083,0,-0.45838766550740045,1.5864004343995892,0,0,2.0,1,0,0,0,0,1,0,1,0,1,0,0,0,1,0,1,0,0,0,0
0,0,1,0,1.6084834273893616,2,1,1.0874256123861161,2.0054240078510723,1,-0.5056228746843727,0.5079352703082123,0,0,3.0,0,1,1,0,0,0,0,1,0,0,0,0,0,1,0,1,1,0,0,0
1,1,0,0,-1.1188008067964355,0,0,-1.4892755833759168,-0.9676098071333378,1,-0.27492330754795696,-1.109762475828853,0,0,0.0,0,0,0,1,1,0,1,0,1,0,1,0,1,0,1,0,0,0,0,0
1,1,1,0,1.0386031396490458,0,1,-0.6513914211995958,0.15439447541285917,0,-0.5713280372304287,0.5079352703082123,0,1,3.0,1,0,0,0,0,0,0,1,0,1,0,0,0,0,0,1,0,1,0,1
1,0,1,0,1.5677776925507676,2,1,1.3014593884668002,2.222887617256401,1,-0.4931659218764816,1.0471678523539008,0,0,3.0,0,1,1,0,0,0,0,1,0,0,0,1,0,1,0,1,1,0,0,0
1,0,0,0,-0.9559778674420595,0,1,-0.6480730680820658,-0.8251571017389878,0,-0.13692424001944753,-0.031297311737476054,1,1,1.0,1,0,0,0,0,0,0,0,0,0,0,0,0,1,0,1,0,1,0,1
0,0,0,0,-1.2816237461508113,0,1,-0.49211047155815646,-0.9869384431186178,1,2.22499025929326,-1.109762475828853,1,1,0.0,0,1,0,0,0,0,0,0,0,0,0,0,0,0,0,0,0,1,0,0
0,0,0,0,-1.2409180113122174,0,1,-0.35108046406313215,-0.9575615491523409,1,1.4265533734537619,-0.5705298937831644,0,1,0.0,0,1,0,0,0,0,0,0,0,0,0,1,0,0,0,0,0,0,1,0
1,0,1,0,0.18378270803857208,0,0,-1.4793205240233267,-0.7028009123066312,1,-0.5980760906704967,-1.109762475828853,0,0,2.0,0,0,0,1,1,0,1,0,1,0,1,0,1,0,1,0,0,0,0,0
1,0,1,1,-1.0780950719578415,0,1,-0.3195561094465974,-0.8666445599094353,1,0.2500105585027707,-0.031297311737476054,1,1,0.0,0,0,0,0,0,0,0,1,0,1,0,0,0,0,0,0,0,0,1,1
0,0,1,0,-0.3453918448631497,0,0,0.045462733481700844,-0.3246529329169781,1,-0.35434474585574166,0.5079352703082123,0,1,1.0,0,1,0,0,0,1,0,1,0,1,0,0,0,0,0,0,0,0,1,0
1,0,0,0,0.8757802002946699,2,0,0.7356801819279375,1.0688298305393817,1,-0.47737661144646437,1.5864004343995892,0,0,3.0,0,1,0,0,0,1,0,0,0,1,0,1,0,1,0,1,0,0,0,0
1,0,0,1,-0.38609757970174374,1,0,-1.497571466169742,-0.8046876155025903,1,-0.5647405425521979,-1.109762475828853,0,1,1.0,0,0,0,1,1,0,1,0,1,0,1,0,1,0,1,0,0,0,1,0
1,1,1,0,-0.5896262538947137,0,0,0.4519609903791239,-0.3846792076680857,1,-0.1836546174725538,-0.5705298937831644,0,1,1.0,0,0,1,0,0,0,0,0,0,0,0,0,0,0,0,1,0,1,0,1
1,0,1,0,1.6084834273893616,2,1,-0.007630916398778715,1.073590686395007,0,-0.5576811279102094,2.1256330164452777,0,1,3.0,1,0,0,0,0,1,0,1,0,1,0,1,0,1,0,1,0,1,0,0
0,0,0,1,0.8350744654560759,1,1,0.6527213539896879,0.9435776366234193,1,-0.47933082760061696,1.5864004343995892,0,1,3.0,0,1,0,0,0,0,0,1,0,1,0,1,0,1,0,1,0,1,0,0
0,0,1,1,-0.3453918448631497,2,0,0.4536201669378888,-0.19863285902430183,1,-0.29768643607213113,1.0471678523539008,0,0,1.0,0,1,0,0,0,1,0,0,0,1,0,0,0,1,0,1,1,0,0,0
1,1,1,0,0.9571916699718578,2,1,0.6875640617237531,1.1079917093517822,1,-0.48670505491163457,2.1256330164452777,0,0,3.0,0,0,0,0,0,1,0,1,0,1,0,1,0,1,0,1,0,0,0,0
1,0,1,1,-0.38609757970174374,0,1,1.1587702044130104,0.01402601566958936,1,-0.18063674019972298,1.0471678523539008,0,1,1.0,0,0,1,0,0,1,0,0,0,0,0,1,0,1,0,1,0,1,0,1
0,0,1,1,1.5677776925507676,2,0,-1.3100845150292975,-0.2132445180097689,1,-0.6190412882938865,-1.109762475828853,0,0,3.0,0,1,0,1,1,0,1,0,1,0,1,0,1,0,1,0,0,0,0,0
1,0,0,0,-1.2816237461508113,0,1,-0.6513914211995958,-0.9890446281976039,0,1.9486082603488182,-0.031297311737476054,1,1,0.0,1,0,0,0,0,0,0,0,0,0,0,0,0,1,0,1,0,0,1,1
0,1,0,0,-0.4268033145403377,0,1,0.31424933600162985,-0.26622823640301635,1,-0.2872319865468413,-1.109762475828853,0,0,1.0,0,1,1,0,0,0,0,0,0,0,0,0,0,0,0,0,0,0,0,1
1,0,0,0,0.9978974048104517,2,0,-1.472683817788267,-0.45918550483722376,1,-0.6189447707934569,-1.109762475828853,0,0,3.0,0,0,0,1,1,0,1,0,1,0,1,0,1,0,1,0,1,0,0,0
1,0,1,0,1.4863662228735797,2,0,-0.1552976301288631,0.7705852475837689,0,-0.5606277151869532,1.5864004343995892,0,0,3.0,1,0,0,0,0,1,0,0,0,1,0,1,0,1,0,1,0,0,0,0
0,0,1,0,0.9978974048104517,0,1,1.313073624378155,1.5892988787559486,1,-0.4522618051944204,1.0471678523539008,0,0,3.0,0,1,1,0,0,0,0,1,0,1,0,0,0,1,0,1,1,0,0,1
0,0,0,0,0.590840056424512,2,1,0.0023241429538111433,0.2547454186553908,1,-0.5038021504238227,0.5079352703082123,0,1,2.0,0,1,0,0,0,1,0,0,0,1,0,1,0,0,0,0,0,0,1,0
1,0,1,1,-0.7117434584104956,0,1,-1.4909347599346818,-0.8825287057134565,1,-0.5157978969057863,-1.109762475828853,0,1,1.0,0,0,0,1,1,0,1,0,1,0,1,0,1,0,1,0,0,1,0,1
0,0,0,0,-0.1418631706701798,0,1,-1.1192792107713234,-0.6025157873478181,0,-0.539981321813425,-0.5705298937831644,0,1,2.0,1,0,0,0,0,0,0,0,0,0,0,1,0,0,0,0,0,1,0,0
0,0,1,0,-0.2639803751859618,1,0,-1.2918335728828827,-0.7087684366970923,1,-0.5488528427671971,-1.109762475828853,0,1,2.0,0,1,0,1,1,0,1,0,1,0,1,0,1,0,1,0,0,0,1,0
1,0,0,0,-0.06045170099299184,2,0,-1.4760021709057967,-0.7287333160916493,1,-0.5861529500225029,-1.109762475828853,0,1,2.0,0,0,0,1,1,0,1,0,1,0,1,0,1,0,1,0,0,0,1,0
1,1,0,0,-0.8745663977648716,0,1,0.450301813820359,-0.6253327923701689,1,0.09358602437796529,-0.5705298937831644,1,1,1.0,0,0,1,0,0,0,0,0,0,0,0,0,0,0,0,1,0,1,0,0
0,0,0,0,0.387311382231542,2,1,0.44864263726159415,0.47128757208866284,1,-0.4496483293289675,1.0471678523539008,0,0,2.0,0,1,0,0,0,0,0,0,0,1,0,1,0,1,0,1,1,0,0,0
0,0,1,1,1.4049547531963917,2,0,-0.3560579937394271,0.5812260453261628,0,-0.5679582251379481,1.5864004343995892,0,0,3.0,1,0,0,0,0,1,0,1,0,1,0,1,0,1,0,0,1,0,0,0
1,1,1,0,0.020959768684196134,0,1,1.1836578527944854,0.4260265323183649,1,-0.31901120402990324,0.5079352703082123,0,0,2.0,0,1,1,0,0,0,0,1,0,0,0,0,0,1,0,1,0,0,0,0
0,0,1,1,-0.9966836022806536,1,0,-1.497571466169742,-0.9386936411530893,1,-0.40639668899027814,-1.109762475828853,0,1,1.0,0,0,0,1,1,0,1,0,1,0,1,0,1,0,1,0,0,1,0,0
0,1,0,0,-1.1595065416350294,0,1,1.0127626672416914,-0.8351176020083602,1,1.5386416285812299,-0.031297311737476054,1,1,0.0,0,1,1,0,0,0,0,0,0,0,0,0,0,1,0,1,0,1,0,1
1,0,1,0,1.3642490183577978,2,1,-0.27641751891870747,0.6537358545558452,0,-0.5624631411305475,1.5864004343995892,0,0,3.0,1,0,0,0,0,1,0,1,0,1,0,1,0,1,0,0,0,0,0,0
1,0,0,0,0.9571916699718578,0,1,0.9795791360663916,1.2396940950721402,1,-0.46892609591520845,0.5079352703082123,0,1,3.0,0,1,1,0,0,0,0,1,0,0,0,1,0,0,0,1,0,1,0,1
0,1,1,0,-1.1188008067964355,0,1,0.5332606417586087,-0.8458459822544462,1,0.8949018893731346,-0.5705298937831644,1,1,0.0,0,1,1,0,0,0,0,1,0,0,0,0,0,0,0,0,0,1,0,1
1,0,1,0,-0.8745663977648716,0,1,0.5166688761709587,-0.6153722921007965,1,0.112779218749107,-0.5705298937831644,1,0,1.0,0,1,1,0,0,0,0,1,0,0,0,0,0,0,0,0,0,0,0,1
0,1,0,0,-1.0780950719578415,0,1,-0.6812565992573657,-0.8934984196665098,0,0.07069128537810324,-0.031297311737476054,1,1,0.0,1,0,0,0,0,0,0,0,0,0,0,0,0,1,0,1,0,1,0,0
1,0,1,1,0.14307697319997809,2,0,-1.5091857020810966,-0.6778557827773881,1,-0.5992104821728025,-1.109762475828853,0,0,2.0,0,0,0,1,1,0,1,0,1,0,1,0,1,0,1,0,1,0,0,0
1,0,1,0,-1.2816237461508113,0,1,0.5183280527297236,-0.9735773315237988,1,3.9782885650970616,-0.5705298937831644,1,1,0.0,0,0,1,0,0,0,0,0,0,0,0,0,0,1,0,0,0,1,0,1
1,0,1,0,0.30589991255435406,1,0,0.5266239355235486,0.3656931055765718,1,-0.4327990344178976,-0.031297311737476054,0,1,2.0,0,0,1,0,0,0,0,1,0,1,0,0,0,0,0,0,0,1,0,0
1,0,1,0,1.5270719577121736,1,1,0.9978300782128064,1.888355220544087,1,-0.505660646357648,0.5079352703082123,0,0,3.0,0,1,1,0,0,0,0,1,0,1,0,0,0,1,0,0,0,0,0,0
1,0,0,0,0.46872285190873,1,1,0.6742906492536329,0.616416887687558,1,-0.4415842120040381,1.5864004343995892,0,0,2.0,0,1,0,0,0,0,0,1,0,1,0,1,0,1,0,1,0,0,0,0
0,0,0,0,-1.1188008067964355,0,1,0.5332606417586087,-0.8379697276361541,1,0.8949018893731346,-0.5705298937831644,1,0,0.0,0,0,1,0,0,0,0,0,0,0,0,0,0,1,0,0,1,0,0,1
0,0,0,0,-0.6303319887333076,1,0,-1.5058673489635668,-0.8856879833319359,1,-0.5346712047040757,-1.109762475828853,0,1,1.0,0,0,0,1,1,0,1,0,1,0,1,0,1,0,1,0,0,0,1,0
1,0,1,0,1.6084834273893616,2,0,-1.3316538102932427,-0.18650035539222495,1,-0.620624288628721,-1.109762475828853,0,0,3.0,0,1,0,1,1,0,1,0,1,0,1,0,1,0,1,0,1,0,0,0
0,0,0,0,-0.3453918448631497,0,0,-0.28471340171253245,-0.40286699340224813,1,-0.4001780940140282,-0.031297311737476054,0,0,1.0,0,0,0,0,0,1,0,0,0,0,0,1,0,0,0,0,1,0,0,0
1,0,0,0,0.346605647392948,0,1,1.319710330613215,0.8982288391414969,1,-0.3726715045952719,1.0471678523539008,0,1,2.0,0,1,1,0,0,0,0,1,0,1,0,0,0,1,0,1,0,1,0,1
1,0,1,1,0.8757802002946699,2,1,0.02389343821775623,0.5561054003736708,1,-0.522288686274936,0.5079352703082123,0,0,3.0,0,1,0,0,0,1,0,1,0,0,0,1,0,0,0,0,1,0,0,0
1,0,1,1,-1.1595065416350294,1,0,-1.3548822821159523,-0.9768463062818088,1,-0.10467967347592932,-1.109762475828853,0,0,0.0,0,1,0,1,1,0,1,0,1,0,1,0,1,0,1,0,1,0,0,0
0,0,0,1,-0.7931549280876836,0,0,-1.1541219185053884,-0.8412167629662578,0,-0.41174336456509625,-0.5705298937831644,0,1,1.0,1,0,0,0,0,0,0,1,0,0,0,0,0,0,0,0,0,1,0,0
0,0,1,1,1.6084834273893616,2,1,-1.2835376900890578,-0.13658815690583248,1,-0.6183368805324342,-1.109762475828853,0,0,3.0,0,1,0,1,1,0,1,0,1,0,1,0,1,0,1,0,0,0,0,0
1,0,1,1,-0.7931549280876836,0,1,-1.4959122896109767,-0.8983470332337593,1,-0.4964676082891364,-1.109762475828853,0,1,1.0,0,0,0,1,1,0,1,0,1,0,1,0,1,0,1,0,0,0,1,0
0,0,1,0,-1.2816237461508113,0,1,-1.469365464670737,-0.9998607661553145,1,0.5292715366028836,-1.109762475828853,0,1,0.0,0,0,0,1,1,0,1,0,1,0,1,0,1,0,1,0,0,0,1,0
0,0,0,0,1.2421318138420157,1,1,0.8335715988950722,1.543511292715904,1,-0.49771430908422615,0.5079352703082123,0,0,3.0,0,0,1,0,0,0,0,0,0,1,0,1,0,1,0,0,1,0,0,0
0,0,1,0,-0.4675090493789317,0,1,1.309755271260625,-0.04347722487231609,1,-0.11326426586738543,1.0471678523539008,0,0,1.0,0,1,1,0,0,1,0,0,0,1,0,0,0,1,0,1,0,0,0,1
1,0,1,1,1.6084834273893616,2,0,1.5254482239000742,2.467490298981583,1,-0.4847995733940382,1.5864004343995892,0,0,3.0,0,1,1,0,0,0,0,1,0,1,0,1,0,1,0,1,1,0,0,0
1,0,0,0,0.631545791263106,2,0,-1.4859572302583868,-0.5776145366743871,1,-0.6123905853123897,-1.109762475828853,0,0,2.0,0,0,0,1,1,0,1,0,1,0,1,0,1,0,1,0,1,0,0,0
0,0,1,1,1.5270719577121736,2,1,-1.4859572302583868,-0.38970333665858414,1,-0.627064358922152,-1.109762475828853,0,0,3.0,0,0,0,1,1,0,1,0,1,0,1,0,1,0,1,0,1,0,0,0
1,0,0,0,1.6084834273893616,2,1,1.1936129121470758,2.264024044580351,1,-0.5005748016442917,1.0471678523539008,0,0,3.0,0,1,1,0,0,0,0,1,0,1,0,0,0,1,0,1,0,0,0,0
0,0,0,0,-0.5489205190561197,0,1,-0.2896909313888274,-0.5291503404297976,1,-0.3361495975918992,-0.5705298937831644,0,1,1.0,0,0,0,0,0,0,0,0,0,0,0,0,0,0,0,1,0,1,0,0
0,0,0,0,0.1023712383613841,0,1,0.7141108866639929,0.3202126715272128,1,-0.3832049124584818,-0.5705298937831644,0,1,2.0,0,1,1,0,0,0,0,0,0,0,0,0,0,1,0,0,0,1,0,1
0,0,1,0,1.4456604880349857,2,1,0.888324425334317,1.8101630994867237,1,-0.5067019917472887,2.1256330164452777,0,1,3.0,0,1,0,0,0,1,0,1,0,1,0,1,0,1,0,1,0,1,0,0
1,0,0,0,-1.1595065416350294,0,0,0.7008374741938728,-0.8737309951231078,1,1.3221423960747507,-0.031297311737476054,1,1,0.0,0,0,1,0,0,0,0,0,0,1,0,0,0,0,0,1,0,1,0,0
1,0,1,0,0.46872285190873,1,1,0.8534817176002523,0.7348897983805335,1,-0.427765112056816,-0.031297311737476054,0,0,2.0,0,0,1,0,0,0,0,0,0,0,0,0,0,1,0,1,0,0,0,0
0,0,0,0,1.1200146093262338,0,1,-0.4688819997354467,0.3194667309784053,0,-0.5638438113397756,0.5079352703082123,0,1,3.0,1,0,0,0,0,0,0,1,0,0,0,0,0,1,0,1,0,1,0,1
1,0,0,1,-0.22327464034736777,2,0,-1.4710246412295018,-0.7536126273371742,1,-0.5750226109653095,-1.109762475828853,0,1,2.0,0,0,0,1,1,0,1,0,1,0,1,0,1,0,1,0,0,0,1,0
1,0,0,1,0.1023712383613841,1,1,0.23792721429843983,0.08592152091790062,1,-0.42910863566279595,0.5079352703082123,0,1,2.0,0,0,0,0,0,0,0,0,0,0,0,1,0,1,0,1,0,0,1,0
0,0,1,0,1.5270719577121736,1,1,1.2218189136460804,2.09300620405225,1,-0.4947124157656587,0.5079352703082123,0,1,3.0,0,1,1,0,0,0,0,0,0,1,0,0,0,1,0,1,0,1,0,0
0,0,1,0,-1.2409180113122174,0,0,0.13505826765501053,-0.9440688009900854,1,1.988913968528216,0.5079352703082123,1,0,0.0,0,0,0,0,0,0,0,0,0,1,0,0,0,1,0,1,1,0,0,0
1,0,0,0,-1.2409180113122174,0,1,0.3258635719129846,-0.9453851666644518,1,2.2096357037963466,-0.5705298937831644,1,1,0.0,0,0,1,0,0,0,0,1,0,0,0,0,0,0,0,0,0,1,0,0
0,0,1,0,1.6084834273893616,2,0,1.6664782313950985,2.6548310738718275,1,-0.4780951013876804,2.1256330164452777,0,1,3.0,0,1,1,0,0,1,0,1,0,1,0,1,0,1,0,1,0,1,0,0
0,0,1,1,1.5677776925507676,2,0,0.866755130070372,1.7527037378006303,1,-0.5141184923983114,2.1256330164452777,0,1,3.0,0,1,0,0,0,1,0,1,0,1,0,1,0,1,0,1,0,0,1,0
1,0,1,0,1.3642490183577978,0,1,1.3296653899658049,2.12106673234416,1,-0.47927353448309107,1.0471678523539008,0,0,3.0,0,1,1,0,0,0,0,1,0,1,0,0,0,1,0,1,1,0,0,1
0,1,0,0,0.7943687306174818,0,0,1.4325343366092342,1.5532962775620276,1,-0.4248656118757165,1.5864004343995892,0,0,3.0,0,1,1,0,0,1,0,1,0,1,0,0,0,1,0,1,1,0,0,0
1,0,1,1,0.8350744654560759,0,0,0.0023241429538111433,0.4670752019306904,1,-0.5211293397866591,0.5079352703082123,0,0,3.0,0,0,0,0,0,0,0,1,0,0,0,1,0,1,0,0,1,0,0,0
1,0,1,1,1.3642490183577978,2,0,0.4950995809070136,1.2881144124609172,1,-0.5225011916563045,1.0471678523539008,0,0,3.0,0,1,0,0,0,0,0,1,0,1,0,0,0,1,0,1,0,0,0,0
0,0,0,0,-0.38609757970174374,0,0,-0.34942128750436724,-0.4607651436464634,1,-0.3987194112418215,-0.5705298937831644,0,1,1.0,0,1,0,0,0,1,0,0,0,0,0,0,0,0,0,0,0,1,0,0
1,0,0,0,-1.2002122764736234,0,0,0.4751894622018339,-0.8915019317270542,1,1.6218441261801295,-0.5705298937831644,1,1,0.0,0,0,1,0,0,0,0,0,0,0,0,0,0,1,0,0,0,1,0,1
0,0,0,0,-0.38609757970174374,0,1,0.47187110908430413,-0.2730952773376276,1,-0.27996152107038164,-0.5705298937831644,0,1,1.0,0,1,1,0,0,0,0,1,0,0,0,0,0,0,0,0,0,1,0,1
1,1,1,0,1.0793088744876398,0,1,-0.4871329418818615,0.3063250136626473,0,-0.5633010529743622,0.5079352703082123,0,1,3.0,1,0,0,0,0,0,0,1,0,0,0,0,0,1,0,1,0,1,0,0
0,0,0,0,1.1200146093262338,0,1,1.32800621340704,1.7276927899876688,1,-0.461616453123645,1.5864004343995892,0,0,3.0,0,0,1,0,0,1,0,0,0,1,0,1,0,1,0,1,0,0,0,0
0,0,0,0,1.3642490183577978,0,1,1.266616680732735,1.8848887909349223,1,-0.48253924218206157,1.5864004343995892,0,0,3.0,0,1,1,0,0,1,0,1,0,1,0,1,0,0,0,1,0,0,0,0
0,0,0,1,-0.7117434584104956,1,0,0.02223426165899086,-0.5657453061771834,1,-0.1875942731592619,1.0471678523539008,0,0,1.0,0,0,0,0,0,1,0,1,0,1,0,1,0,0,0,0,1,0,0,0
1,0,0,0,1.1200146093262338,0,1,0.8285940692187774,1.3827830438757671,1,-0.49002867364354835,-0.031297311737476054,0,0,3.0,0,1,1,0,0,0,0,1,0,0,0,0,0,1,0,0,0,0,0,0
0,0,0,0,0.5501343215859179,2,1,1.309755271260625,1.142985096862022,1,-0.4039464939641749,1.5864004343995892,0,0,2.0,0,0,1,0,0,0,0,1,0,1,0,1,0,1,0,1,0,0,0,0
0,0,0,0,0.5094285867473239,0,1,0.8086839505135972,0.7536260698123485,1,-0.4361878646011374,-0.031297311737476054,0,0,2.0,0,1,1,0,0,0,0,1,0,0,0,0,0,1,0,0,1,0,0,1
1,0,1,1,0.46872285190873,2,1,-0.3610355234157222,0.03328883337115079,0,-0.5214279005879878,1.5864004343995892,0,0,2.0,1,0,0,0,0,1,0,1,0,1,0,1,0,0,0,1,1,0,0,0
0,0,0,1,0.5501343215859179,0,1,1.1571110278542456,0.9179085059732747,1,-0.4152173910842497,1.0471678523539008,0,1,2.0,0,0,1,0,0,0,0,1,0,1,0,0,0,1,0,1,0,1,0,0
1,0,1,1,-0.7931549280876836,1,0,-1.3416088696458326,-0.8581540013097722,1,-0.45821831379236094,-1.109762475828853,0,0,1.0,0,1,0,1,1,0,1,0,1,0,1,0,1,0,1,0,0,0,0,0
1,0,1,1,1.4863662228735797,2,1,1.6399314064548582,2.3547435789721014,1,-0.47162613100305867,2.1256330164452777,0,0,3.0,0,1,1,0,0,1,0,1,0,1,0,1,0,1,0,1,0,0,0,0
1,1,0,0,-1.2816237461508113,0,1,0.31424933600162985,-0.9762758811562499,1,3.624174128949496,-1.109762475828853,1,1,0.0,0,1,1,0,0,0,0,0,0,0,0,0,0,0,0,0,0,1,0,1
0,0,0,0,-1.0373893371192475,0,1,1.0094443141241611,-0.7189263918176196,1,0.7128064577769269,0.5079352703082123,1,1,1.0,0,0,1,0,0,0,0,0,0,1,0,0,0,1,0,1,0,1,0,1
0,0,1,0,1.5677776925507676,2,0,-0.2216646924794628,0.8102517332380095,0,-0.5665798903460989,1.5864004343995892,0,0,3.0,1,0,0,0,0,0,0,1,0,1,0,1,0,1,0,1,0,0,0,0
1,0,1,0,-0.22327464034736777,2,0,-1.5058673489635668,-0.7805103659500608,1,-0.5793410796988164,-1.109762475828853,0,0,2.0,0,0,0,1,1,0,1,0,1,0,1,0,1,0,1,0,0,0,0,0
0,1,0,0,1.2828375486806096,0,0,0.32254521879545484,1.127693315611466,1,-0.5274909814765126,1.0471678523539008,0,0,3.0,0,1,0,0,0,0,0,1,0,1,0,1,0,0,0,1,1,0,0,0
1,0,0,0,1.4863662228735797,2,1,0.5498524073462585,1.4277808105111918,1,-0.5256686825823734,1.5864004343995892,0,0,3.0,0,1,0,0,0,1,0,1,0,1,0,1,0,0,0,1,1,0,0,0
1,0,0,0,-1.2816237461508113,0,0,-1.4842980536996218,-1.0000582210064695,1,0.5033607242018422,-1.109762475828853,0,0,0.0,0,0,0,1,1,0,1,0,1,0,1,0,1,0,1,0,0,0,0,0
1,0,1,1,0.020959768684196134,1,1,0.29765757041397994,0.04638667183109658,1,-0.40944501986098886,1.0471678523539008,0,1,2.0,0,0,0,0,0,0,0,0,0,1,0,1,0,1,0,1,0,0,1,1
0,0,0,0,-1.2816237461508113,0,1,-1.003136851657774,-0.9936957869136986,0,1.3382646793465098,-0.5705298937831644,1,1,0.0,1,0,0,0,0,0,0,0,0,0,0,0,0,1,0,0,0,1,0,1
1,1,1,0,-0.5082147842175256,0,0,1.3976916288751695,-0.055851062211360124,1,-0.07270929542342751,1.0471678523539008,0,1,1.0,0,1,1,0,0,0,0,1,0,0,0,1,0,1,0,1,0,1,0,0
1,0,0,0,-0.8338606629262776,0,1,1.5934744628094386,-0.40130929402091453,1,0.3408091318739415,1.5864004343995892,0,1,1.0,0,1,1,0,0,0,0,1,0,1,0,1,0,1,0,1,0,0,1,1
0,0,0,1,-0.9152721326034655,1,0,0.2860433345026247,-0.7047096425344626,1,0.11024920676382018,1.0471678523539008,0,0,1.0,0,1,0,0,0,1,0,0,0,1,0,1,0,0,0,1,1,0,0,0
0,1,0,0,0.46872285190873,1,1,1.488946339607244,1.1237442185883668,1,-0.378758489095834,1.5864004343995892,0,0,2.0,0,1,1,0,0,1,0,1,0,1,0,0,0,1,0,1,1,0,0,0
0,0,0,0,-0.7931549280876836,0,1,-1.1043466217424387,-0.8378161516408112,0,-0.39940488246936223,-0.5705298937831644,0,1,1.0,1,0,0,0,0,0,0,1,0,0,0,0,0,0,0,0,0,1,0,0
1,0,1,0,0.9571916699718578,1,0,-1.4925939364934466,-0.5145167420164245,1,-0.619441146509952,-1.109762475828853,0,0,3.0,0,0,0,1,1,0,1,0,1,0,1,0,1,0,1,0,1,0,0,0
1,0,0,0,-1.2409180113122174,0,1,1.026036079711811,-0.9221732519397912,1,3.0195885062585295,0.5079352703082123,1,1,0.0,0,0,1,0,0,0,0,0,0,1,0,0,0,1,0,1,0,1,0,1
0,1,0,0,-0.6303319887333076,0,1,0.9712832532725666,-0.3032839301364303,1,-0.05708055143549773,-0.031297311737476054,0,1,1.0,0,1,1,0,0,0,0,0,0,0,0,0,0,1,0,1,0,1,0,0
1,0,0,0,-0.4268033145403377,0,1,-0.3477621109456021,-0.5142534688815513,1,-0.3871200459479575,-0.5705298937831644,0,1,1.0,0,1,0,0,0,1,0,0,0,0,0,0,0,0,0,0,0,1,0,1
0,0,0,0,0.7536629957788878,1,1,1.5453583426052537,1.4935990942295114,1,-0.4128190271067756,1.5864004343995892,0,1,3.0,0,1,1,0,0,0,0,1,0,1,0,1,0,1,0,1,0,1,0,0
1,0,0,0,-1.0780950719578415,0,1,-0.3062826969764773,-0.861642370346843,1,0.25659108228716226,-0.031297311737476054,1,0,0.0,0,0,0,0,0,1,0,1,0,0,0,0,0,0,0,0,0,0,0,0
0,0,0,0,-1.2816237461508113,0,1,1.0177401969179862,-0.9669735637240607,1,4.844861290954113,0.5079352703082123,1,1,0.0,0,0,1,0,0,1,0,0,0,0,0,0,0,1,0,1,0,1,0,1
1,1,0,0,-0.9559778674420595,0,1,0.4851445215544238,-0.6936302314418787,1,0.25634431264524754,-0.5705298937831644,1,1,1.0,0,0,1,0,0,0,0,0,0,0,0,0,0,0,0,1,0,1,0,0
1,1,0,0,-0.1418631706701798,0,1,1.2118638542934905,0.28489019259838116,1,-0.2703169408988829,1.0471678523539008,0,0,2.0,0,0,1,0,0,0,0,1,0,1,0,0,0,1,0,1,0,0,0,0
1,0,0,0,-1.2816237461508113,0,1,-0.6414363618470058,-0.9889129916301673,1,1.965882135282846,-1.109762475828853,1,1,0.0,0,0,0,0,0,0,0,0,0,0,0,0,0,0,0,0,0,1,0,1
0,0,1,1,0.6722515261016999,0,0,-0.10552233336591335,0.3180406681645083,1,-0.517525284399189,0.5079352703082123,0,0,3.0,0,0,0,0,0,1,0,0,0,1,0,1,0,0,0,0,0,0,0,0
1,0,1,1,-0.9966836022806536,0,0,-0.6729607164635407,-0.8469429536497516,1,-0.08842943557502929,-1.109762475828853,1,0,1.0,0,0,0,0,0,0,0,0,0,0,0,0,0,0,0,0,0,0,0,0
0,0,0,0,-0.9559778674420595,0,1,0.4851445215544238,-0.6915021069349864,1,0.25634431264524754,-0.5705298937831644,1,1,1.0,0,0,1,0,0,0,0,0,0,0,0,0,0,0,0,1,0,1,0,1
0,0,1,0,0.346605647392948,1,1,0.7058150038701679,0.4562151851171677,1,-0.4233963754332894,0.5079352703082123,0,0,2.0,0,0,1,0,0,0,0,1,0,1,0,1,0,0,0,0,0,0,0,0
0,0,0,0,-1.0780950719578415,0,1,-0.4688819997354467,-0.8825287057134565,1,0.17597966592836675,-0.5705298937831644,0,0,0.0,0,0,0,0,0,0,0,0,0,0,0,1,0,0,0,0,0,0,0,1
0,0,1,1,0.020959768684196134,1,1,1.2865267994379153,0.5123581811288943,1,-0.30851139769745506,1.0471678523539008,0,1,2.0,0,1,1,0,0,1,0,0,0,1,0,0,0,1,0,1,0,0,1,1
0,0,1,1,0.26519417771576004,2,0,-1.4992306427285067,-0.6763419622518667,1,-0.6028870163648421,-1.109762475828853,0,1,2.0,0,0,0,1,1,0,1,0,1,0,1,0,1,0,1,0,0,0,1,0
0,1,0,0,-1.2816237461508113,0,0,-0.4771778825292717,-0.9867409882674627,1,2.2509010716943014,-1.109762475828853,1,1,0.0,0,1,0,0,0,0,0,0,0,0,0,0,0,0,0,0,0,0,1,1
1,0,0,0,-0.7931549280876836,0,0,0.2794066282675646,-0.6001682685618647,1,-0.056395080207957006,1.0471678523539008,0,1,1.0,0,0,0,0,0,0,0,1,0,0,0,1,0,1,0,1,0,0,1,0
1,1,0,0,-0.4268033145403377,0,1,1.0542420812108162,-0.09494712274004223,1,-0.17557766450950352,-0.031297311737476054,0,1,1.0,0,1,1,0,0,0,0,0,0,0,0,0,0,1,0,1,0,1,0,1
0,1,0,0,0.9164859351332638,1,1,1.1687252637656007,1.364814652420666,1,-0.45379702437472297,0.5079352703082123,0,1,3.0,0,1,1,0,0,0,0,0,0,1,0,0,0,1,0,1,0,1,0,0
0,0,0,0,-1.2002122764736234,0,1,0.5166688761709587,-0.9069692284008593,1,1.6578313656260204,-0.5705298937831644,1,1,0.0,0,0,1,0,0,0,0,0,0,0,0,0,0,1,0,0,0,1,0,0
1,0,0,1,0.7536629957788878,1,0,-0.5667734167025811,0.025193184473797533,1,-0.5537782757671418,-0.5705298937831644,0,0,3.0,0,0,0,0,0,0,0,0,0,0,0,1,0,0,0,0,1,0,0,0
1,0,0,0,0.7943687306174818,1,0,-0.3709905827683121,0.21558353984299056,1,-0.5429580776196662,-0.031297311737476054,0,1,3.0,0,0,0,0,0,1,0,0,0,1,0,0,0,0,0,0,0,1,0,0
0,0,0,0,-0.10115743583158582,1,1,-0.8156499005173299,-0.48805779196166005,0,-0.5098541980037553,-0.031297311737476054,0,0,2.0,1,0,0,0,0,0,0,0,0,0,0,1,0,0,0,1,1,0,0,0
1,0,1,1,0.30589991255435406,2,0,-1.3167212212643575,-0.567105550707362,1,-0.5888256608545208,-1.109762475828853,0,0,2.0,0,1,0,1,1,0,1,0,1,0,1,0,1,0,1,0,1,0,0,0
1,0,1,0,-0.7524491932490895,0,1,0.6709722961361032,-0.509053824467804,1,-0.006026654408260586,-0.5705298937831644,0,1,1.0,0,1,1,0,0,0,0,0,0,0,0,0,0,0,0,1,0,1,0,1
0,0,0,1,0.346605647392948,0,0,-0.6547097743171256,-0.20071710467538198,1,-0.5358136567499769,-1.109762475828853,0,0,2.0,0,0,0,0,0,0,0,0,0,0,0,0,0,0,0,0,0,0,0,0
1,0,0,1,0.428017117070136,0,1,-0.8123315473998,-0.1695850564766168,0,-0.5538789393739836,0.5079352703082123,0,1,2.0,1,0,0,0,0,1,0,1,0,1,0,0,0,0,0,0,0,1,0,0
1,0,1,0,1.6084834273893616,2,1,0.6709722961361032,1.7625545409304721,1,-0.5254207861384409,1.5864004343995892,0,0,3.0,0,1,0,0,0,0,0,1,0,1,0,1,0,1,0,1,0,0,0,0
1,0,1,1,-0.1825689055087738,1,0,-0.4688819997354467,-0.4004097774767642,0,-0.45801976350576296,1.0471678523539008,0,1,2.0,1,0,0,0,0,1,0,0,0,1,0,1,0,1,0,0,0,0,1,0
0,0,1,1,1.4456604880349857,2,1,0.6460846477546283,1.5126863965078243,1,-0.5188854977394047,-0.031297311737476054,0,0,3.0,0,1,1,0,0,0,0,1,0,1,0,0,0,0,0,0,1,0,0,0
0,0,1,1,1.2014260790034217,1,1,1.522129870782544,1.992808836805061,1,-0.4572129559919678,1.5864004343995892,0,1,3.0,0,1,1,0,0,0,0,1,0,1,0,1,0,1,0,1,0,1,0,0
1,0,0,1,-1.2816237461508113,0,1,-0.6812565992573657,-0.9894395378999139,1,1.8967866355467355,-1.109762475828853,1,1,0.0,0,0,0,0,0,0,0,0,0,0,0,0,0,0,0,0,0,1,0,1
1,0,0,0,1.2014260790034217,1,1,1.0559012577695812,1.6788336840407694,1,-0.482895277983829,0.5079352703082123,0,1,3.0,0,1,1,0,0,0,0,0,0,1,0,0,0,1,0,1,0,1,0,1
0,0,1,1,0.26519417771576004,1,1,-1.3515639289984223,-0.6076057346220348,1,-0.5900755591221051,-1.109762475828853,0,1,2.0,0,1,0,1,1,0,1,0,1,0,1,0,1,0,1,0,0,0,1,0
0,0,0,0,-1.2816237461508113,0,1,0.19147027065302033,-0.977899398821302,1,3.4111296714298223,-1.109762475828853,1,1,0.0,0,0,1,0,0,0,0,0,0,0,0,0,0,0,0,0,0,0,1,0
0,0,0,0,-1.2409180113122174,0,0,0.38061639835222955,-0.9383645497344977,1,2.2729732452211144,1.0471678523539008,0,1,0.0,0,0,0,0,0,0,0,0,0,1,0,1,0,1,0,1,0,1,0,1
0,0,1,0,1.5677776925507676,2,1,0.9546914876849167,1.880654481349044,1,-0.5098799953080176,-0.031297311737476054,0,0,3.0,0,1,1,0,0,0,0,0,0,0,0,0,0,1,0,1,0,0,0,1
0,0,0,0,-1.2002122764736234,0,1,-0.47385952941174164,-0.9425330410366579,1,0.7984560876581471,-1.109762475828853,1,1,0.0,0,1,0,0,0,0,0,0,0,0,0,0,0,0,0,0,0,0,1,1
0,0,0,0,0.7129572609402939,1,1,0.5830359385215584,0.8248195133676646,1,-0.4734599681459147,1.5864004343995892,0,0,3.0,0,1,0,0,0,1,0,0,0,1,0,1,0,1,0,1,1,0,0,0
0,0,1,0,-0.4675090493789317,1,0,0.5299422886410788,-0.2564213121289866,1,-0.23627519342788506,1.5864004343995892,0,1,1.0,0,0,0,0,0,1,0,0,0,1,0,1,0,1,0,1,0,0,1,0
0,0,0,0,-0.9966836022806536,0,1,0.01725673198269617,-0.7656354338297205,1,0.1777161930381367,0.5079352703082123,0,1,1.0,0,0,0,0,0,0,0,1,0,0,0,1,0,1,0,0,0,1,0,0
0,0,1,1,-0.6303319887333076,0,1,0.680927355488693,-0.3719762789104501,1,-0.11306070168466122,-0.5705298937831644,0,1,1.0,0,1,1,0,0,0,0,0,0,0,0,0,0,0,0,1,0,1,0,1
1,1,1,0,0.5094285867473239,1,0,-1.3349721634107725,-0.4936304066498111,1,-0.5979113893458016,-1.109762475828853,0,0,2.0,0,1,0,1,1,0,1,0,1,0,1,0,1,0,1,0,1,0,0,0
1,0,1,1,-1.1595065416350294,0,1,-0.4655636466179167,-0.9099310511681836,1,0.5125734574999903,-1.109762475828853,1,1,0.0,0,1,0,0,0,0,0,0,0,0,0,0,0,0,0,0,0,1,0,1
1,0,1,0,1.4049547531963917,2,1,-0.46390447005915153,0.5363599152581748,0,-0.5734621558767314,1.0471678523539008,0,0,3.0,1,0,0,0,0,1,0,1,0,0,0,1,0,0,0,1,0,0,0,0
0,0,0,0,-1.2002122764736234,0,0,-1.018069440686659,-0.9477765643062175,0,0.32630350612805936,-0.031297311737476054,0,1,0.0,1,0,0,0,0,1,0,0,0,0,0,1,0,0,0,0,0,0,1,1
0,0,1,0,1.1607203441648277,2,1,0.9762607829488613,1.493489397089981,1,-0.48450060737477935,0.5079352703082123,0,0,3.0,0,1,1,0,0,0,0,1,0,0,0,1,0,0,0,1,0,0,0,0
1,0,0,0,1.2828375486806096,1,0,0.5415565245524336,1.4340554868923383,1,-0.5157978969057863,1.5864004343995892,0,1,3.0,0,1,0,0,0,1,0,1,0,1,0,1,0,1,0,0,0,1,0,0
1,0,0,0,-0.4268033145403377,1,0,-1.5042081724048018,-0.8235335840739358,1,-0.5616112173829899,-1.109762475828853,0,1,1.0,0,0,0,1,1,0,1,0,1,0,1,0,1,0,1,0,0,0,1,0
1,0,0,0,-1.1595065416350294,0,1,-0.29964599074141746,-0.904270678768408,1,0.627732623726841,-0.5705298937831644,1,1,0.0,0,0,0,0,0,0,0,0,0,0,0,0,0,0,0,1,0,1,0,0
1,1,1,1,0.7943687306174818,1,1,0.5282831120823135,0.7811381124066062,1,-0.4840748058319746,1.0471678523539008,0,1,3.0,0,1,0,0,0,0,0,1,0,1,0,0,0,1,0,1,0,1,0,0
0,1,0,0,0.6722515261016999,0,0,1.2151822074110203,1.2159117552219203,1,-0.4258585880826159,0.5079352703082123,0,0,3.0,0,1,1,0,0,1,0,0,0,0,0,0,0,1,0,1,1,0,0,0
0,0,1,0,0.8350744654560759,1,1,1.4607403381082393,1.5001589831734374,1,-0.42740257394091663,1.5864004343995892,0,0,3.0,0,1,1,0,0,0,0,1,0,1,0,1,0,1,0,1,0,0,0,0
1,0,1,1,-0.6303319887333076,1,0,-1.4942531130522119,-0.8642312228397636,1,-0.5324319986941092,-1.109762475828853,0,0,1.0,0,0,0,1,1,0,1,0,1,0,1,0,1,0,1,0,0,0,0,0
1,1,1,0,1.3235432835192036,1,1,0.1997661534468453,0.989847890077398,1,-0.5359507509954852,-1.109762475828853,0,0,3.0,0,0,1,0,0,0,0,0,0,0,0,0,0,0,0,0,0,0,0,0
0,0,0,0,0.06166550352279012,0,1,1.3329837430833347,0.5859869011817881,1,-0.31394032981957803,1.5864004343995892,0,1,2.0,0,0,1,0,0,0,0,1,0,1,0,1,0,1,0,1,0,1,0,0
1,1,1,0,-1.2002122764736234,0,1,0.9845566657426863,-0.8862584084574946,1,2.063767426575669,-0.031297311737476054,1,1,0.0,0,1,1,0,0,0,0,0,0,0,0,0,0,1,0,1,0,1,0,1
1,0,0,0,-0.9559778674420595,0,0,-1.4959122896109767,-0.9304663556882993,1,-0.43115590972905105,-1.109762475828853,0,1,1.0,0,0,0,1,1,0,1,0,1,0,1,0,1,0,1,0,0,0,1,0
1,1,0,0,1.5270719577121736,1,1,-0.6530505977583607,0.4234815586812565,0,-0.5863531607208287,-0.031297311737476054,0,1,3.0,1,0,0,0,0,0,0,0,0,0,0,0,0,1,0,1,0,1,0,1
0,0,1,1,1.6084834273893616,2,1,1.6880475266590431,2.710469463041713,1,-0.4770697115514139,2.1256330164452777,0,0,3.0,0,1,1,0,0,1,0,1,0,1,0,1,0,1,0,1,0,0,0,0
1,0,1,1,0.30589991255435406,1,0,-0.1536384535700982,0.06545203468150312,0,-0.49037861753132295,1.5864004343995892,0,1,2.0,1,0,0,0,0,0,0,1,0,1,0,1,0,1,0,1,0,0,1,0
0,0,0,0,1.0386031396490458,1,1,0.20474368312314,0.8775180191981323,1,-0.5209703001346194,1.0471678523539008,0,0,3.0,0,1,0,0,0,1,0,1,0,1,0,1,0,0,0,0,1,0,0,0
0,0,1,1,-1.2002122764736234,0,0,-1.1690545075342733,-0.9686848391007371,0,0.19530995454501668,-0.5705298937831644,1,0,0.0,1,0,0,0,0,1,0,0,0,0,0,0,0,0,0,0,1,0,0,1
1,0,0,0,-1.2816237461508113,0,1,-0.4705411762942116,-0.9866532305558383,1,2.2624169883169865,-0.5705298937831644,1,1,0.0,0,0,0,0,0,1,0,0,0,0,0,0,0,0,0,0,0,0,1,0
1,0,1,1,0.631545791263106,2,0,-1.2818785135302928,-0.4626080555905764,1,-0.597936934857387,-1.109762475828853,0,0,2.0,0,1,0,1,1,0,1,0,1,0,1,0,1,0,1,0,0,0,0,0
1,0,0,0,-0.30468611002455576,2,0,1.1405192622665956,0.0939732909594417,1,-0.21992742367680074,1.0471678523539008,0,0,2.0,0,0,1,0,0,0,0,0,0,1,0,1,0,1,0,1,0,0,0,0
0,0,1,1,0.6722515261016999,2,1,1.4275568069329394,1.3136738459715314,1,-0.41111821480557903,1.5864004343995892,0,0,3.0,0,1,1,0,0,0,0,1,0,1,0,1,0,1,0,1,0,0,0,1
0,0,0,0,-0.9559778674420595,0,1,0.3092718063253347,-0.7282506486777149,1,0.19530995454501668,-0.5705298937831644,1,0,1.0,0,0,1,0,0,1,0,0,0,0,0,0,0,0,0,0,1,0,0,1
0,0,1,0,-0.7117434584104956,0,0,1.2218189136460804,-0.2764081309514497,1,0.07259346803452893,1.0471678523539008,0,1,1.0,0,0,1,0,0,1,0,0,0,1,0,0,0,1,0,1,0,1,0,0
1,0,0,0,1.3642490183577978,2,1,0.32088604223668943,1.0965612674127005,1,-0.5315248576666174,1.0471678523539008,0,0,3.0,0,1,0,0,0,1,0,1,0,1,0,0,0,0,0,1,1,0,0,0
0,0,1,1,1.0386031396490458,1,1,1.336302096200865,1.7227125398529826,1,-0.4544122057560498,1.0471678523539008,0,0,3.0,0,1,1,0,0,0,0,1,0,1,0,0,0,1,0,1,1,0,0,0
1,0,1,1,0.428017117070136,1,1,0.23129050806338025,0.3835079210363303,1,-0.4715663080595641,0.5079352703082123,0,0,2.0,0,1,0,0,0,1,0,0,0,0,0,1,0,0,0,1,1,0,0,0
0,0,1,0,0.428017117070136,1,1,-0.0026533867224840216,0.267163134850247,1,-0.49001794719363906,-0.031297311737476054,0,0,2.0,0,1,0,0,0,0,0,0,0,0,0,1,0,1,0,0,0,0,0,0
0,0,0,0,0.590840056424512,0,0,0.3490920437356946,0.5466275675182328,1,-0.4787310402765187,-0.5705298937831644,0,0,2.0,0,0,1,0,0,1,0,0,0,0,0,0,0,0,0,0,1,0,0,0
0,0,0,0,0.9571916699718578,1,1,1.3893957460813444,1.5862492982769996,1,-0.4439749432327242,1.0471678523539008,0,1,3.0,0,1,1,0,0,0,0,1,0,1,0,0,0,1,0,1,0,1,0,0
1,0,1,1,1.6084834273893616,2,0,-0.5319307089685164,0.5386854946162223,0,-0.58260598854561,1.0471678523539008,0,1,3.0,1,0,0,0,0,1,0,0,0,1,0,1,0,1,0,0,0,0,1,0
0,0,0,0,-0.6710377235719016,0,0,0.3374778078243394,-0.4767370471621091,1,-0.15101430271073288,-0.5705298937831644,0,0,1.0,0,0,1,0,0,0,0,1,0,0,0,0,0,0,0,0,0,0,0,0
0,0,1,0,1.4456604880349857,2,0,-0.027541035103958902,0.8893872496953361,1,-0.552765658238029,0.5079352703082123,0,0,3.0,0,0,0,0,0,0,0,1,0,0,0,1,0,1,0,0,0,0,0,0
0,0,1,1,-0.7117434584104956,1,0,-1.472683817788267,-0.8790622761042917,1,-0.5118393005667383,-1.109762475828853,0,1,1.0,0,0,0,1,1,0,1,0,1,0,1,0,1,0,1,0,0,0,1,0
1,0,1,1,1.3642490183577978,2,0,-0.34112540471054226,0.584758293219046,0,-0.5658147885058066,1.0471678523539008,0,0,3.0,1,0,0,0,0,0,0,0,0,1,0,1,0,1,0,1,0,0,0,0
0,1,1,0,-1.2002122764736234,0,1,0.5133505230534289,-0.9106111734332728,1,1.6549523864703493,-0.5705298937831644,1,1,0.0,0,0,1,0,0,0,0,0,0,0,0,0,0,1,0,0,0,1,0,1
0,0,1,1,1.6084834273893616,2,0,1.4856279864897142,2.55812207566171,1,-0.48669260078406856,1.5864004343995892,0,0,3.0,0,1,1,0,0,1,0,1,0,1,0,0,0,1,0,1,1,0,0,0
1,0,0,0,-0.22327464034736777,2,0,-1.4793205240233267,-0.7756617523828113,1,-0.5760508178066207,-1.109762475828853,0,0,2.0,0,0,0,1,1,0,1,0,1,0,1,0,1,0,1,0,1,0,0,0
0,0,1,1,-1.2002122764736234,0,0,-1.5025489958460367,-0.9823092238304292,1,-0.0940274505999457,-1.109762475828853,0,1,0.0,0,0,0,1,1,0,1,0,1,0,1,0,1,0,1,0,0,0,1,0
1,0,0,0,-0.4268033145403377,0,1,0.4785078153193637,-0.24966396833390586,1,-0.26244773120671483,-0.5705298937831644,0,1,1.0,0,1,1,0,0,0,0,1,0,0,0,0,0,0,0,0,0,1,0,1
0,0,1,0,1.0386031396490458,0,1,0.010620025747636104,0.6547889470953383,1,-0.5323886242435529,0.5079352703082123,0,0,3.0,0,0,0,0,0,1,0,1,0,0,0,0,0,1,0,0,1,0,0,0
0,0,1,1,1.6084834273893616,1,1,-1.3814291070561924,-0.2967021017645983,1,-0.622990572866259,-1.109762475828853,0,0,3.0,0,1,0,1,1,0,1,0,1,0,1,0,1,0,1,0,0,0,0,0
0,0,0,0,-0.019745966154397852,1,1,1.29814103534927,0.4903529349390694,1,-0.2966465139043856,1.0471678523539008,0,0,2.0,0,1,1,0,0,0,0,1,0,1,0,0,0,1,0,1,1,0,0,0
0,0,1,1,-0.9559778674420595,1,1,0.02223426165899086,-0.7485884983466757,1,0.0956972757587908,0.5079352703082123,0,1,1.0,0,0,0,0,0,0,0,1,0,0,0,1,0,1,0,0,0,0,1,0
0,0,1,1,-0.9966836022806536,0,0,-0.2863725782712976,-0.8327481437945007,1,0.06063770737417186,-0.031297311737476054,0,0,1.0,0,0,0,0,0,0,0,1,0,0,0,1,0,0,0,0,0,0,0,0
1,0,0,0,-1.1188008067964355,1,1,0.16824179883031035,-0.8564866047889079,1,0.6837767512905749,0.5079352703082123,0,1,0.0,0,0,0,0,0,0,0,0,0,1,0,0,0,1,0,1,0,0,1,1
0,0,0,0,0.26519417771576004,2,0,-1.4859572302583868,-0.6464824008716556,1,-0.6017354247025736,-1.109762475828853,0,1,2.0,0,0,0,1,1,0,1,0,1,0,1,0,1,0,1,0,0,0,1,0
1,0,0,0,-0.3453918448631497,0,1,0.4950995809070136,-0.13090584507815084,1,-0.29192847776078856,-0.5705298937831644,0,0,1.0,0,0,1,0,0,0,0,0,0,0,0,0,0,0,0,1,1,0,0,0
1,0,1,1,-0.38609757970174374,1,0,-1.3465863993221274,-0.7726341113317686,1,-0.5429082839550241,-1.109762475828853,0,1,1.0,0,1,0,1,1,0,1,0,1,0,1,0,1,0,1,0,0,0,1,0
0,1,0,0,-0.9966836022806536,0,0,0.6726314726948681,-0.7036346105670633,1,0.43042658559150354,-0.5705298937831644,1,1,1.0,0,1,1,0,0,0,0,0,0,0,0,0,0,0,0,1,0,1,0,0
1,0,0,0,0.9164859351332638,1,1,-0.024222681986428636,0.5826959869958721,1,-0.5277250962649959,0.5079352703082123,0,1,3.0,0,0,0,0,0,0,0,1,0,0,0,1,0,0,0,1,0,1,0,0
1,0,1,1,-1.2816237461508113,0,1,0.11846650206736059,-0.9788647336491705,1,3.2844545885802865,-1.109762475828853,1,1,0.0,0,0,1,0,0,0,0,0,0,0,0,0,0,0,0,0,0,1,0,1
0,0,1,0,-0.38609757970174374,1,0,-0.16359351292268806,-0.4178077438063067,1,-0.37184893912222294,-0.031297311737476054,0,0,1.0,0,0,0,0,0,0,0,0,0,0,0,1,0,1,0,0,0,0,0,0
0,0,1,0,-1.1595065416350294,0,1,0.8866652487755522,-0.8485884107427095,1,1.4511206622488235,-0.031297311737476054,1,1,0.0,0,1,1,0,0,0,0,1,0,0,0,0,0,1,0,0,0,1,0,1
0,0,0,0,0.8757802002946699,1,1,0.9679649001550363,1.21174326391976,1,-0.4627199902903197,0.5079352703082123,0,0,3.0,0,0,1,0,0,0,0,0,0,1,0,0,0,1,0,1,1,0,0,0
0,1,0,0,1.3235432835192036,0,1,1.0127626672416914,1.7217910838809263,1,-0.49320227262339666,0.5079352703082123,0,0,3.0,0,1,1,0,0,0,0,1,0,1,0,0,0,1,0,0,0,0,0,0
1,0,1,1,0.26519417771576004,1,1,-1.3167212212643575,-0.5930598939202861,0,-0.5870526310086502,-1.109762475828853,0,0,2.0,1,0,0,0,0,0,0,0,0,0,0,0,0,0,0,0,1,0,0,0
1,0,1,0,0.7536629957788878,1,1,1.5470175191640188,1.5011023785734001,1,-0.4127082971392498,1.5864004343995892,0,1,3.0,0,1,1,0,0,1,0,0,0,1,0,1,0,1,0,1,0,1,0,0
0,0,0,0,-0.6710377235719016,0,1,-0.06238374283802364,-0.5407124189363158,1,-0.23264182935976524,-0.5705298937831644,0,0,1.0,0,1,0,0,0,0,0,0,0,0,0,0,0,0,0,1,0,0,0,0
0,0,1,1,0.18378270803857208,0,1,1.0028076078891015,0.5412524076812367,1,-0.3713943634660643,0.5079352703082123,0,1,2.0,0,1,1,0,0,0,0,1,0,1,0,0,0,0,0,1,0,1,0,0
0,0,1,1,1.0793088744876398,2,1,0.38227557491099445,0.974183138552438,1,-0.5130148837219707,1.0471678523539008,0,1,3.0,0,1,0,0,0,1,0,0,0,1,0,1,0,1,0,0,0,0,1,0
0,1,1,1,0.631545791263106,0,1,1.313073624378155,1.2148806021103336,1,-0.4141523063075967,1.5864004343995892,0,1,2.0,0,0,1,0,0,1,0,0,0,1,0,1,0,1,0,1,0,1,0,0
1,0,1,1,1.3235432835192036,2,1,0.3275227484717495,1.1061049185518568,1,-0.5292331329655855,1.0471678523539008,0,0,3.0,0,0,0,0,0,1,0,0,0,0,0,1,0,1,0,1,0,0,0,1
0,0,1,1,-0.3453918448631497,1,0,-1.4942531130522119,-0.7748280541223792,1,-0.5680801583727765,-1.109762475828853,0,1,1.0,0,0,0,1,1,0,1,0,1,0,1,0,1,0,1,0,0,0,1,0
0,0,0,0,-0.9966836022806536,0,0,0.03716685068787588,-0.7568377232393718,1,0.1853934707865934,0.5079352703082123,0,0,1.0,0,0,0,0,0,1,0,0,0,0,0,1,0,0,0,1,0,0,0,0
1,0,0,0,-0.4268033145403377,0,1,0.4619160497317138,-0.30675035974559517,1,-0.26495119134208117,-0.5705298937831644,0,1,1.0,0,1,1,0,0,0,0,1,0,0,0,0,0,0,0,0,0,0,1,0
1,0,0,0,-0.9152721326034655,0,0,-0.08893056777826343,-0.7399663031795758,1,-0.008050663996490083,0.5079352703082123,0,0,1.0,0,0,0,0,0,1,0,0,0,0,0,1,0,1,0,0,0,0,0,0
1,0,0,0,1.3235432835192036,0,1,1.4673770443432994,2.0367973897568046,1,-0.4692980214520656,1.5864004343995892,0,1,3.0,0,1,1,0,0,0,0,1,0,1,0,1,0,1,0,1,0,1,0,1
0,0,1,0,-0.38609757970174374,0,0,0.8368899520126024,-0.11162108794868314,1,-0.22718023654974176,-0.031297311737476054,0,1,1.0,0,1,1,0,0,0,0,0,0,1,0,0,0,0,0,1,0,0,1,0
1,0,0,0,-0.22327464034736777,0,0,-0.38094564212090193,-0.36765421161294704,1,-0.4399162320170222,-0.031297311737476054,0,1,2.0,0,0,0,0,0,1,0,0,0,0,0,1,0,0,0,0,0,0,1,0
0,0,0,0,-0.3453918448631497,1,0,-1.4760021709057967,-0.7775266037548304,1,-0.5655466567157859,-1.109762475828853,0,0,1.0,0,0,0,1,1,0,1,0,1,0,1,0,1,0,1,0,1,0,0,0
0,0,0,0,-1.2816237461508113,0,1,-0.5418857683211062,-0.987596625955801,1,2.138620884623122,-0.5705298937831644,1,0,0.0,0,0,0,0,0,1,0,0,0,0,0,0,0,0,0,0,1,0,0,1
1,0,1,0,1.2421318138420157,2,0,1.1537926747367158,1.7687853384558063,1,-0.4803504660515839,1.0471678523539008,0,0,3.0,0,0,1,0,0,1,0,0,0,1,0,0,0,1,0,1,1,0,0,0
1,0,1,1,1.1200146093262338,2,0,-0.14700174733503815,0.6121606386737731,1,-0.5455316160545224,0.5079352703082123,0,0,3.0,0,0,0,0,0,1,0,1,0,1,0,0,0,0,0,0,0,0,0,0
0,0,0,0,-0.06045170099299184,2,1,-0.5004063543519814,-0.34191926267908407,0,-0.4803504660515839,1.0471678523539008,0,0,2.0,1,0,0,0,0,1,0,1,0,0,0,1,0,0,0,1,0,0,0,0
0,0,1,1,1.6084834273893616,2,0,-0.37430893588584213,0.6514541540536101,0,-0.5751127551267395,1.0471678523539008,0,0,3.0,1,0,0,0,0,0,0,1,0,0,0,1,0,1,0,1,1,0,0,0
1,0,1,1,-0.4268033145403377,1,0,-1.4826388771408567,-0.7946832363774057,1,-0.5583567192070138,-1.109762475828853,0,0,1.0,0,0,0,1,1,0,1,0,1,0,1,0,1,0,1,0,0,0,0,0
0,1,0,0,-1.0373893371192475,0,1,0.0006649663950462456,-0.7923137781635462,1,0.2752016261148944,0.5079352703082123,1,1,1.0,0,0,0,0,0,0,0,1,0,1,0,0,0,1,0,0,0,1,0,0
1,0,1,1,-1.1595065416350294,0,0,-0.6530505977583607,-0.9407559473762634,1,0.38244359966364916,-1.109762475828853,1,1,0.0,0,0,0,0,0,0,0,0,0,0,0,0,0,0,0,0,0,0,1,0
0,0,0,0,-1.1188008067964355,0,0,-1.3100845150292975,-0.9497949916735793,1,-0.1712800579437914,-1.109762475828853,0,1,0.0,0,1,0,1,1,0,1,0,1,0,1,0,1,0,1,0,0,0,1,0
0,0,0,0,-0.38609757970174374,0,1,0.4702119325255387,-0.22623265933018397,1,-0.280201436000021,-0.031297311737476054,0,1,1.0,0,0,1,0,0,0,0,1,0,0,0,1,0,0,0,0,0,0,1,0
1,0,1,1,-0.9966836022806536,2,0,-1.5042081724048018,-0.9540731801152701,1,-0.40895578157309703,-1.109762475828853,0,0,1.0,0,0,0,1,1,0,1,0,1,0,1,0,1,0,1,0,1,0,0,0
0,0,0,0,-0.9559778674420595,0,0,0.1367174442137754,-0.7230510042639677,1,0.13542718810705426,-1.109762475828853,1,1,1.0,0,0,1,0,0,0,0,0,0,0,0,0,0,0,0,0,0,1,0,0
0,1,1,0,-0.38609757970174374,0,1,1.0011484313303363,0.011722375739448168,1,-0.20342865851545383,0.5079352703082123,0,1,1.0,0,0,1,0,0,1,0,0,0,0,0,0,0,1,0,1,0,1,0,0
1,0,1,1,1.6084834273893616,2,0,0.16326426915401518,1.2299310496539226,1,-0.5495568853613289,1.0471678523539008,0,0,3.0,0,1,0,0,0,1,0,1,0,1,0,1,0,0,0,0,0,0,0,0
1,0,0,0,-0.30468611002455576,0,0,0.1997661534468453,-0.23342879168338698,1,-0.34549520685107826,-1.109762475828853,0,1,2.0,0,0,1,0,0,0,0,0,0,0,0,0,0,0,0,0,0,0,1,1
1,0,1,1,-0.7117434584104956,0,1,-1.1524627419466233,-0.8028447035584773,0,-0.44238392843616897,-0.5705298937831644,0,0,1.0,1,0,0,0,0,1,0,0,0,0,0,0,0,0,0,0,0,0,0,0
1,0,0,0,-1.0373893371192475,0,0,-0.33448869847548224,-0.8463944679520989,1,0.12981317875349538,-0.5705298937831644,1,1,1.0,0,0,0,0,0,0,0,0,0,0,0,0,0,1,0,0,0,0,1,0
0,0,0,0,-1.2816237461508113,0,1,-0.37762728900337217,-0.9854246225930963,1,2.4236398210345773,-0.5705298937831644,1,1,0.0,0,0,0,0,0,0,0,0,0,0,0,0,0,1,0,0,0,0,1,1
1,1,1,0,-1.0373893371192475,0,1,1.0177401969179862,-0.726188342454541,1,0.716405181721516,-0.031297311737476054,1,0,1.0,0,1,1,0,0,0,0,0,0,0,0,0,0,1,0,1,0,0,0,1
0,0,1,1,0.631545791263106,1,1,1.1537926747367158,1.1750166616049378,1,-0.4254332042236963,1.0471678523539008,0,0,2.0,0,0,1,0,0,1,0,0,0,1,0,0,0,1,0,1,0,0,0,0
0,0,1,1,1.4863662228735797,1,1,1.4541036318731793,2.278942855556503,1,-0.4808388643012066,1.5864004343995892,0,0,3.0,0,1,1,0,0,0,0,1,0,1,0,1,0,1,0,1,0,0,0,0
1,1,1,1,0.9571916699718578,1,1,1.31473280093692,1.5337043684418743,1,-0.44852069979431036,1.0471678523539008,0,0,3.0,0,1,1,0,0,1,0,0,0,1,0,0,0,1,0,1,0,0,0,1
1,1,0,0,-1.2002122764736234,0,1,0.49675875746577897,-0.8944418150664724,1,1.6405574906919929,-0.5705298937831644,1,1,0.0,0,0,1,0,0,0,0,0,0,0,0,0,0,1,0,0,0,1,0,1
1,0,0,0,0.30589991255435406,0,0,0.08362379433329585,0.18940980235100535,1,-0.47029598244542087,0.5079352703082123,0,1,2.0,0,0,0,0,0,1,0,0,0,1,0,0,0,0,0,1,0,1,0,0
0,0,0,0,-1.0780950719578415,2,0,-1.5058673489635668,-0.9543145138222373,1,-0.3381237547272166,-1.109762475828853,0,1,0.0,0,0,0,1,1,0,1,0,1,0,1,0,1,0,1,0,0,0,1,0
0,0,0,0,1.1607203441648277,2,1,1.3827590398462843,1.8117866171517751,1,-0.4617473850154418,1.0471678523539008,0,1,3.0,0,1,1,0,0,0,0,0,0,1,0,1,0,1,0,1,0,1,0,1
1,1,1,0,-1.2816237461508113,0,1,0.7008374741938728,-0.971163994454127,1,4.294976272220901,-0.5705298937831644,1,1,0.0,0,1,1,0,0,0,0,0,0,0,0,0,0,1,0,0,0,1,0,1
1,0,0,0,-0.22327464034736777,1,0,-0.31457857977030224,-0.3605458369713685,1,-0.4316905772865329,-0.031297311737476054,0,0,2.0,0,0,0,0,0,1,0,1,0,0,0,0,0,0,0,0,0,0,0,0
0,0,1,0,0.428017117070136,2,0,0.7141108866639929,0.5595279511270235,1,-0.4334852655913669,1.5864004343995892,0,0,2.0,0,1,0,0,0,1,0,1,0,0,0,1,0,1,0,1,1,0,0,0
0,1,0,0,-0.5082147842175256,0,1,-0.11049986304220827,-0.4936304066498111,1,-0.3219466337572543,-0.5705298937831644,0,1,1.0,0,1,0,0,0,0,0,0,0,0,0,0,0,0,0,1,0,0,1,1
0,0,1,0,-0.6303319887333076,0,0,0.9181896033920867,-0.31576746461500493,1,-0.06731692176677341,-0.031297311737476054,0,1,1.0,0,1,1,0,0,0,0,0,0,0,0,0,0,1,0,1,0,1,0,0
1,0,0,0,-1.0780950719578415,0,1,0.13837662077254032,-0.8180487270974092,1,0.47703862906427624,-1.109762475828853,1,1,0.0,0,0,1,0,0,0,0,0,0,0,0,0,0,0,0,0,0,1,0,0
0,0,1,0,0.346605647392948,1,0,-0.9782492032762992,-0.3982816529698718,0,-0.5625470346240673,-0.031297311737476054,0,1,2.0,1,0,0,0,0,0,0,1,0,0,0,1,0,0,0,0,0,0,1,0
1,0,0,0,-1.2816237461508113,0,0,0.49675875746577897,-0.9738625440865781,1,3.9408618360733354,-0.5705298937831644,1,1,0.0,0,0,1,0,0,0,0,0,0,0,0,0,0,0,0,1,0,1,0,1
0,0,0,0,-1.2816237461508113,0,1,0.15496838636019022,-0.9783820662352362,1,3.347792130005054,-1.109762475828853,1,1,0.0,0,0,1,0,0,0,0,0,0,0,0,0,0,0,0,0,0,1,0,1
1,0,0,0,-0.7931549280876836,0,1,-1.3200395743818876,-0.8633097668677071,0,-0.4528716382175429,-1.109762475828853,0,0,1.0,1,0,0,0,0,0,0,0,0,0,0,0,0,0,0,0,0,0,0,0
1,0,0,0,0.7943687306174818,1,1,1.3296653899658049,1.3723179367645544,1,-0.4316013366927587,1.5864004343995892,0,0,3.0,0,0,1,0,0,0,0,1,0,1,0,1,0,1,0,1,0,0,0,1
0,0,0,0,-1.1188008067964355,0,0,-0.4771778825292717,-0.9015282502801448,1,0.3104691207718673,-0.5705298937831644,1,0,0.0,0,0,0,0,0,0,0,1,0,0,0,0,0,0,0,0,0,0,0,0
1,0,1,1,1.6084834273893616,2,1,0.8518225410414869,1.817688323258518,1,-0.5168232867420528,2.1256330164452777,0,0,3.0,0,1,0,0,0,1,0,1,0,1,0,1,0,1,0,1,1,0,0,0
0,0,1,0,-0.30468611002455576,0,0,-0.3593763468569571,-0.4064650595788496,1,-0.42012720496347955,-0.5705298937831644,0,1,2.0,0,1,0,0,0,0,0,1,0,0,0,0,0,0,0,0,0,1,0,0
0,0,0,0,1.3642490183577978,1,1,1.31473280093692,1.9656478250573013,1,-0.48004699156968944,1.5864004343995892,0,0,3.0,0,1,1,0,0,1,0,1,0,1,0,1,0,1,0,0,0,0,0,0
1,0,0,1,0.9571916699718578,2,1,-1.3316538102932427,-0.38399908540299643,1,-0.6096425156994216,-1.109762475828853,0,1,3.0,0,1,0,1,1,0,1,0,1,0,1,0,1,0,1,0,0,0,1,0
0,0,0,0,-1.0780950719578415,0,1,1.1620885575305409,-0.768619196024951,1,0.9845615259354683,1.0471678523539008,0,1,0.0,0,0,1,0,0,0,0,0,0,1,0,1,0,1,0,1,0,0,1,1
0,0,1,1,1.1200146093262338,2,0,-0.168571042598983,0.5664169314895409,0,-0.5467587219241528,1.5864004343995892,0,0,3.0,1,0,0,0,0,1,0,0,0,1,0,1,0,1,0,1,1,0,0,0
1,1,0,0,0.631545791263106,1,1,1.1305642029140057,1.0728447458461996,1,-0.4270783351697942,0.5079352703082123,0,1,2.0,0,1,1,0,0,0,0,1,0,0,0,0,0,1,0,1,0,1,0,0
1,0,1,1,-0.22327464034736777,0,1,-0.3378070515930122,-0.34621939054868095,1,-0.43456955644220413,-0.031297311737476054,0,0,2.0,0,0,0,0,0,1,0,1,0,0,0,0,0,0,0,0,1,0,0,0
1,0,1,1,1.6084834273893616,2,1,1.3661672742586346,2.3033175599601874,1,-0.49237168295415984,1.5864004343995892,0,0,3.0,0,1,1,0,0,1,0,1,0,1,0,1,0,1,0,0,1,0,0,0
0,0,0,0,0.22448844287716607,0,1,0.04048520380540615,0.0978785091267287,1,-0.46441919197380677,0.5079352703082123,0,0,2.0,0,1,0,0,0,1,0,1,0,1,0,0,0,0,0,0,0,0,0,0
1,0,1,0,-1.1595065416350294,0,1,1.1703844403243657,-0.8245427977576167,1,1.6480428364967379,0.5079352703082123,1,1,0.0,0,1,1,0,0,0,0,1,0,0,0,0,0,1,0,1,0,1,0,1
1,0,1,1,-1.1595065416350294,2,0,-1.5058673489635668,-0.9787330970817338,1,-0.20947451474236345,-1.109762475828853,0,0,0.0,0,0,0,1,1,0,1,0,1,0,1,0,1,0,1,0,1,0,0,0
0,0,1,1,0.387311382231542,1,1,0.9795791360663916,0.7127967944790842,1,-0.4067984070119997,0.5079352703082123,0,0,2.0,0,1,1,0,0,1,0,1,0,0,0,0,0,1,0,0,1,0,0,0
1,0,0,0,0.5501343215859179,1,1,0.9945117250952766,0.9318181032657461,1,-0.4272233467121554,0.5079352703082123,0,0,2.0,0,1,1,0,0,0,0,1,0,1,0,0,0,1,0,0,1,0,0,0
1,0,1,0,0.30589991255435406,1,1,-0.7492828381667302,-0.25576312929180345,0,-0.5407958622574685,0.5079352703082123,0,1,2.0,1,0,0,0,0,1,0,1,0,1,0,0,0,0,0,0,0,1,0,1
0,0,1,1,-0.06045170099299184,1,1,0.5382381714349038,0.10812422195888044,1,-0.3677104065859455,1.5864004343995892,0,1,2.0,0,0,0,0,0,1,0,0,0,1,0,1,0,1,0,1,0,0,1,0
0,0,1,1,-0.10115743583158582,0,1,1.4126242179040545,0.41385014983047574,1,-0.26040458470914163,1.5864004343995892,0,1,2.0,0,1,1,0,0,0,0,1,0,1,0,1,0,1,0,1,0,1,0,0
1,0,1,0,-0.7931549280876836,0,1,0.03053014445281582,-0.6130247733148432,1,-0.118087490686627,-0.031297311737476054,0,1,1.0,0,1,0,0,0,1,0,0,0,0,0,0,0,0,0,1,0,1,0,0
1,1,1,0,-0.7524491932490895,1,0,-1.5025489958460367,-0.9085927460659111,1,-0.5088883469321753,-1.109762475828853,0,1,1.0,0,0,0,1,1,0,1,0,1,0,1,0,1,0,1,0,0,0,1,0
0,0,0,0,-0.9152721326034655,1,1,-1.5141632317573919,-0.9276581089163178,1,-0.45769486303678436,-1.109762475828853,0,1,1.0,0,0,0,1,1,0,1,0,1,0,1,0,1,0,1,0,0,0,1,0
1,1,0,0,-0.10115743583158582,2,1,0.13837662077254032,-0.09014238802860476,1,-0.4030533583578857,0.5079352703082123,0,0,2.0,0,1,0,0,0,0,0,0,0,1,0,1,0,1,0,0,1,0,0,0
1,1,0,0,0.1023712383613841,0,0,0.8650959535116071,0.38664525922690357,1,-0.3686500733936993,-0.031297311737476054,0,0,2.0,0,1,1,0,0,1,0,0,0,0,0,0,0,0,0,1,1,0,0,0
1,0,1,0,-0.019745966154397852,1,1,0.4751894622018339,0.14033130212504497,1,-0.38319037215971585,-0.5705298937831644,0,1,2.0,0,1,1,0,0,0,0,0,0,0,0,1,0,0,0,0,0,1,0,0
1,0,0,0,-1.2409180113122174,0,1,0.35738792652951956,-0.9259029546838293,1,2.246102773101516,-0.5705298937831644,1,1,0.0,0,0,1,0,0,1,0,0,0,0,0,0,0,0,0,0,0,1,0,1
1,0,1,1,0.1023712383613841,1,0,-1.4942531130522119,-0.7166885701711968,1,-0.5960894266917294,-1.109762475828853,0,1,2.0,0,0,0,1,1,0,1,0,1,0,1,0,1,0,1,0,0,1,0,0
1,0,1,1,-0.22327464034736777,0,0,1.1886353824707805,0.21685602666154477,1,-0.24537949764094943,1.0471678523539008,0,1,2.0,0,1,1,0,0,1,0,1,0,0,0,1,0,1,0,0,0,1,0,0
1,0,1,1,1.6084834273893616,2,0,-1.3333129868520075,-0.1931699414756814,1,-0.6207031647699722,-1.109762475828853,0,0,3.0,0,1,0,1,1,0,1,0,1,0,1,0,1,0,1,0,1,0,0,0
1,0,0,1,-1.2816237461508113,0,1,-1.5174815848749215,-1.0004970095645918,1,0.4457811410884169,-1.109762475828853,0,1,0.0,0,0,0,1,1,0,1,0,1,0,1,0,1,0,1,0,0,0,1,0
0,0,0,0,-1.2816237461508113,0,0,-0.6961891882862504,-0.989636992751069,1,1.8708758231456943,-1.109762475828853,1,1,0.0,0,0,0,0,0,0,0,0,0,0,0,0,0,0,0,0,0,0,1,1
1,0,0,0,1.2828375486806096,1,1,1.1737027934418955,1.8887501302463976,1,-0.48204740280391695,1.0471678523539008,0,0,3.0,0,0,1,0,0,1,0,1,0,0,0,0,0,1,0,1,1,0,0,0
0,0,0,0,-0.5489205190561197,0,1,-0.29300928450635744,-0.5552582596380644,1,-0.3367253934230335,-0.5705298937831644,0,1,1.0,0,1,0,0,0,0,0,0,0,1,0,0,0,0,0,0,0,0,1,0
1,0,0,1,-1.1595065416350294,0,1,-0.5153389433808665,-0.9280091397628154,1,0.478025707631935,-0.5705298937831644,1,1,0.0,0,0,0,0,0,1,0,0,0,0,0,0,0,0,0,0,0,1,0,1
1,0,0,0,-1.2816237461508113,0,1,0.15496838636019022,-0.9783820662352362,1,3.347792130005054,-1.109762475828853,1,1,0.0,0,0,1,0,0,0,0,0,0,0,0,0,0,0,0,0,0,1,0,1
0,0,0,0,0.06166550352279012,0,0,0.0023241429538111433,-0.06223543573203722,1,-0.445879831696627,-0.031297311737476054,0,1,2.0,0,1,0,0,0,0,0,0,0,0,0,1,0,1,0,0,0,0,1,0
0,0,1,0,1.6084834273893616,2,1,-0.5219756496159262,0.5623581373269112,0,-0.5821327316981024,1.0471678523539008,0,1,3.0,1,0,0,0,0,1,0,1,0,1,0,0,0,0,0,1,0,1,0,0
1,0,1,1,1.5270719577121736,2,1,1.712935175040518,2.5682142124985186,1,-0.47070740646766734,2.1256330164452777,0,0,3.0,0,1,1,0,0,1,0,1,0,1,0,1,0,1,0,1,1,0,0,0
0,0,1,0,1.3642490183577978,2,0,0.06537285218688103,0.9086939462527098,1,-0.5447595678150764,0.5079352703082123,0,0,3.0,0,1,0,0,0,1,0,1,0,1,0,0,0,0,0,0,0,0,0,0
1,1,1,0,1.4863662228735797,2,1,1.4424893959618246,2.2022206761688485,1,-0.48141466013234085,1.5864004343995892,0,0,3.0,0,1,1,0,0,0,0,1,0,1,0,1,0,1,0,1,0,0,0,1
1,0,0,1,-0.7117434584104956,1,0,-0.0026533867224840216,-0.5917435282459198,1,-0.1929923590761455,0.5079352703082123,0,1,1.0,0,0,0,0,0,1,0,0,0,1,0,0,0,0,0,1,0,0,1,0
0,0,0,0,1.5270719577121736,2,1,1.533744106693899,2.3862266580173643,1,-0.4794659909412587,1.5864004343995892,0,1,3.0,0,1,1,0,0,1,0,1,0,1,0,0,0,1,0,1,0,0,1,0
0,0,0,0,1.3642490183577978,2,1,-1.3200395743818876,-0.2701773334261155,1,-0.6165191975161364,-1.109762475828853,0,0,3.0,0,1,0,1,1,0,1,0,1,0,1,0,1,0,1,0,1,0,0,0
0,1,0,0,0.387311382231542,0,1,0.6543805305484532,0.5449821104252748,1,-0.43304398443114245,-0.5705298937831644,0,1,2.0,0,1,1,0,0,0,0,0,0,0,0,0,0,1,0,0,0,1,0,1
0,0,1,1,-1.2002122764736234,0,1,0.5233055824060188,-0.9038538296381922,1,1.663589323937363,-0.5705298937831644,1,1,0.0,0,0,1,0,0,0,0,0,0,0,0,0,0,1,0,0,0,1,0,0
1,0,0,0,-0.06045170099299184,1,1,1.2782309166440902,0.33660142417307437,1,-0.2874588626216089,1.0471678523539008,0,1,2.0,0,1,1,0,0,0,0,1,0,1,0,0,0,1,0,1,0,1,0,1
0,0,0,0,0.387311382231542,1,1,-0.3378070515930122,0.02155123944138376,0,-0.5131197767609759,1.5864004343995892,0,1,2.0,1,0,0,0,0,1,0,1,0,1,0,1,0,0,0,1,0,1,0,0
1,0,0,0,-1.2002122764736234,0,1,1.1206091435614158,-0.8800714897879724,1,2.1818055719581912,1.0471678523539008,0,1,0.0,0,0,1,0,0,0,0,0,0,1,0,1,0,1,0,1,0,1,0,1
1,0,0,0,1.2421318138420157,1,0,-1.4743429943470319,-0.4261447264106272,1,-0.6228599342573116,-1.109762475828853,0,1,3.0,0,0,0,1,1,0,1,0,1,0,1,0,1,0,1,0,0,0,1,0
1,0,1,0,0.7129572609402939,2,0,-1.472683817788267,-0.5404491458014425,1,-0.6133444847685304,-1.109762475828853,0,1,3.0,0,0,0,1,1,0,1,0,1,0,1,0,1,0,1,0,0,0,1,0
1,0,0,0,-1.2816237461508113,0,1,0.16492344571278056,-0.9782504296677995,1,3.365066004939082,-1.109762475828853,1,1,0.0,0,0,1,0,0,0,0,0,0,0,0,0,0,0,0,0,0,1,0,1
0,0,1,0,1.2828375486806096,1,1,1.0608787874458763,1.7617427820979463,1,-0.48807111303732154,1.0471678523539008,0,1,3.0,0,0,1,0,0,1,0,0,0,0,0,1,0,1,0,1,0,0,1,0
1,0,1,0,-0.6303319887333076,1,0,-0.004312563281248919,-0.49308192095215847,1,-0.24517385627268723,0.5079352703082123,0,1,1.0,0,0,0,0,0,1,0,1,0,0,0,0,0,0,0,1,0,0,1,0
1,0,1,1,0.631545791263106,1,1,-0.3029643438589475,0.15439447541285917,1,-0.5286064164146912,-0.031297311737476054,0,0,2.0,0,0,0,0,0,0,0,1,0,1,0,0,0,0,0,0,1,0,0,0
1,0,1,0,0.22448844287716607,2,1,-0.16359351292268806,-0.0465706842070772,0,-0.48257890664804093,1.5864004343995892,0,0,2.0,1,0,0,0,0,1,0,1,0,0,0,1,0,1,0,1,0,0,0,0
1,0,0,1,-0.7117434584104956,1,0,-0.3228744625641272,-0.6295671019560475,1,-0.2624477312067148,-0.031297311737476054,0,0,1.0,0,0,0,0,0,0,0,0,0,1,0,1,0,0,0,0,1,0,0,0
0,0,1,1,-0.1825689055087738,1,1,0.1815152113004305,-0.1347671843896256,1,-0.3801880511593397,-1.109762475828853,0,0,2.0,0,0,1,0,0,0,0,0,0,0,0,0,0,0,0,0,0,0,0,0
1,0,1,1,1.6084834273893616,2,0,1.560290931634139,2.5159106163703604,1,-0.4831431744277615,2.1256330164452777,0,0,3.0,0,0,1,0,0,1,0,1,0,1,0,1,0,1,0,1,0,0,0,0
1,0,1,1,0.387311382231542,2,0,-0.5568183573499913,-0.11717176320892814,0,-0.530795369716725,1.0471678523539008,0,0,2.0,1,0,0,0,0,1,0,0,0,1,0,1,0,1,0,0,1,0,0,0
0,0,0,0,-1.2816237461508113,0,0,-1.4743429943470319,-0.9999265844390328,1,0.5206345991358698,-1.109762475828853,0,1,0.0,0,0,0,1,1,0,1,0,1,0,1,0,1,0,1,0,0,0,1,1
0,0,0,1,-0.06045170099299184,0,1,0.7174292397815226,0.17466650679810178,1,-0.34827729728516443,-0.5705298937831644,0,0,2.0,0,1,1,0,0,0,0,0,0,0,0,0,0,1,0,0,1,0,0,1
1,1,1,0,0.46872285190873,0,1,-1.1474852122703283,-0.41230094740187395,0,-0.5820783948007959,-0.5705298937831644,0,1,2.0,1,0,0,0,0,0,0,1,0,0,0,0,0,0,0,0,0,1,0,1
0,0,0,0,-0.8745663977648716,1,0,-0.3693314062095472,-0.7230290648360616,1,-0.14344992610563576,-0.031297311737476054,0,0,1.0,0,0,0,0,0,0,0,0,0,1,0,1,0,0,0,0,0,0,0,0
0,0,0,0,-1.0780950719578415,0,1,-0.3295111687991873,-0.8595581246957629,1,0.24507516566447712,-0.5705298937831644,1,1,0.0,0,0,0,0,0,0,0,0,0,0,0,0,0,0,0,1,0,1,0,0
1,0,0,0,1.4456604880349857,1,0,1.2085455011759603,2.1111939897864116,1,-0.49059639820976536,1.0471678523539008,0,0,3.0,0,1,1,0,0,1,0,1,0,1,0,0,0,1,0,0,0,0,0,0
1,0,1,1,1.2014260790034217,1,1,0.5481932307874936,1.1775835746699523,1,-0.5108625040674927,-0.031297311737476054,0,0,3.0,0,0,1,0,0,1,0,1,0,0,0,0,0,0,0,0,1,0,0,0
0,0,1,0,-0.4675090493789317,0,1,1.293163505672975,-0.01980458216162716,1,-0.11588151964526847,1.0471678523539008,0,1,1.0,0,1,1,0,0,1,0,0,0,1,0,0,0,1,0,1,0,1,0,1
0,0,1,1,-1.3223294809894055,2,0,0.2794066282675646,-1.0089217498805365,1,7.787177988050147,1.0471678523539008,0,1,0.0,0,1,0,0,0,0,0,1,0,1,0,1,0,1,0,0,0,0,1,0
1,1,0,0,-0.9559778674420595,0,1,0.6278337056082129,-0.662212970680334,1,0.30586275412279335,-0.5705298937831644,1,1,1.0,0,1,1,0,0,0,0,0,0,0,0,0,0,0,0,1,0,1,0,1
1,0,1,0,1.4863662228735797,2,1,1.5802010503393187,2.416481129099885,1,-0.47458736670603474,2.1256330164452777,0,0,3.0,0,1,1,0,0,1,0,1,0,1,0,1,0,1,0,1,0,0,0,0
1,0,0,0,-1.0373893371192475,0,0,-1.466047111553207,-0.9470086843295038,1,-0.3610527672884557,-1.109762475828853,0,1,1.0,0,0,0,1,1,0,1,0,1,0,1,0,1,0,1,0,0,0,1,0
0,0,1,0,1.4049547531963917,1,1,1.5370624598114289,2.2871043227375742,1,-0.47134307170792117,1.5864004343995892,0,1,3.0,0,1,1,0,0,1,0,0,0,1,0,1,0,1,0,1,0,1,0,0
0,0,1,1,0.5094285867473239,1,1,-0.3577171702981922,0.008979947251184844,1,-0.5241844883592636,-0.031297311737476054,0,0,2.0,0,0,0,0,0,0,0,1,0,0,0,1,0,0,0,0,1,0,0,1
1,1,1,0,-0.6303319887333076,0,1,0.9911933719777464,-0.32270032383333463,1,-0.05324191256126939,-0.031297311737476054,0,1,1.0,0,1,1,0,0,0,0,0,0,0,0,0,0,1,0,1,0,1,0,0
0,0,0,0,0.1023712383613841,1,0,-1.4544328756418519,-0.6837794283120369,1,-0.5922507878175011,-1.109762475828853,0,1,2.0,0,0,0,1,1,0,1,0,1,0,1,0,1,0,1,0,0,0,1,0
0,1,0,0,-1.2002122764736234,0,1,0.7273842991341125,-0.9119714179634516,1,1.8406465420111457,-0.031297311737476054,1,1,0.0,0,0,1,0,0,0,0,0,0,1,0,0,0,1,0,0,0,1,0,1
0,0,0,0,-0.8338606629262776,0,1,0.7174292397815226,-0.5407782372200342,1,0.10694744045941389,-0.5705298937831644,0,1,1.0,0,1,1,0,0,0,0,0,0,0,0,0,0,0,0,1,0,1,0,0
1,0,0,0,0.06166550352279012,0,1,-1.3233579274994176,-0.6347667463697948,0,-0.5773257942898465,-1.109762475828853,0,0,2.0,1,0,0,0,0,0,0,0,0,0,0,0,0,0,0,0,0,0,0,0
0,0,1,0,0.9571916699718578,1,1,1.3495755086709846,1.6539324333673384,1,-0.4463993467322368,1.5864004343995892,0,0,3.0,0,0,1,0,0,1,0,1,0,1,0,0,0,1,0,1,1,0,0,0
1,1,1,0,-1.0373893371192475,0,1,0.7987288911610074,-0.7432572173654919,1,0.6213988695843642,-0.031297311737476054,1,1,1.0,0,0,1,0,0,0,0,0,0,0,0,0,0,1,0,1,0,1,0,0
0,0,0,0,-1.2816237461508113,0,1,-1.3017886322354726,-0.9976448839367978,1,0.8200484313256816,-1.109762475828853,0,1,0.0,0,1,0,1,1,0,1,0,1,0,1,0,1,0,1,0,0,1,0,0
0,0,0,0,0.8350744654560759,2,0,-1.4826388771408567,-0.5488738861173874,1,-0.6165621673542807,-1.109762475828853,0,1,3.0,0,0,0,1,1,0,1,0,1,0,1,0,1,0,1,0,0,0,1,0
0,1,1,0,0.387311382231542,1,1,1.336302096200865,1.0091326472068656,1,-0.3780086154552871,1.0471678523539008,0,0,2.0,0,1,1,0,0,1,0,0,0,1,0,0,0,1,0,1,0,0,0,0
1,0,0,0,0.7943687306174818,1,0,0.873391836305432,1.0701900750695605,1,-0.46147753547802656,0.5079352703082123,0,1,3.0,0,0,1,0,0,1,0,0,0,1,0,0,0,1,0,0,0,1,0,0
0,0,1,0,1.6084834273893616,2,1,1.7328452937456982,2.7337252566221864,1,-0.4749400557376297,2.1256330164452777,0,0,3.0,0,1,1,0,0,1,0,1,0,1,0,1,0,1,0,1,1,0,0,0
0,0,1,1,-1.2409180113122174,0,1,-1.3449272227633626,-0.9928840280811725,0,0.2768810306223692,-1.109762475828853,1,1,0.0,1,0,0,0,0,0,0,0,0,0,0,0,0,0,0,0,0,0,1,1
0,0,0,0,-1.2409180113122174,0,0,0.4851445215544238,-0.9423355861855031,1,2.3938903697593075,-0.5705298937831644,1,1,0.0,0,1,1,0,0,0,0,1,0,0,0,0,0,0,0,0,0,1,0,0
0,0,1,1,0.7943687306174818,1,0,1.2052271480584305,1.3171402755806965,1,-0.43974939090692267,0.5079352703082123,0,0,3.0,0,1,1,0,0,0,0,0,0,1,0,0,0,1,0,1,0,0,0,0
1,0,1,0,-1.0780950719578415,1,0,-1.3216987509406526,-0.933888906441652,1,-0.24681898721878504,-1.109762475828853,0,1,0.0,0,1,0,1,1,0,1,0,1,0,1,0,1,0,1,0,0,0,1,0
1,0,1,0,1.6084834273893616,2,0,1.6880475266590431,2.6471303346767834,1,-0.4770697115514139,2.1256330164452777,0,0,3.0,0,1,1,0,0,1,0,1,0,1,0,1,0,1,0,1,1,0,0,0
0,1,0,0,-1.2816237461508113,0,1,0.875051012864197,-0.9688603545239858,1,4.597269083566384,-0.031297311737476054,1,1,0.0,0,0,1,0,0,0,0,0,0,0,0,0,0,1,0,1,0,1,0,1
0,0,0,0,0.7129572609402939,2,1,1.4839688099309494,1.426859354539135,1,-0.4121546473016207,1.5864004343995892,0,1,3.0,0,1,1,0,0,1,0,1,0,0,0,1,0,1,0,1,0,1,0,1
0,0,0,0,1.4456604880349857,2,1,0.5813767619627935,1.4687417224118928,1,-0.522139995915381,2.1256330164452777,0,0,3.0,0,0,0,0,0,1,0,1,0,1,0,1,0,1,0,1,1,0,0,0
1,0,1,0,-1.2816237461508113,0,1,0.14003579733130567,-0.9785795210863911,1,3.321881317604013,-1.109762475828853,1,1,0.0,0,0,1,0,0,0,0,0,0,0,0,0,0,0,0,0,0,1,0,1
1,0,0,0,-1.2002122764736234,0,0,-0.1420242176587432,-0.9225242827862887,1,1.0863540032252739,-0.031297311737476054,0,1,0.0,0,0,0,0,0,0,0,0,0,0,0,1,0,0,0,1,0,0,1,0
1,0,1,0,-0.4268033145403377,1,1,-0.17188939571651304,-0.40587269502538476,1,-0.3605833685130745,-0.031297311737476054,0,0,1.0,0,0,0,0,0,1,0,0,0,0,0,0,0,1,0,0,0,0,0,0
0,0,1,1,1.6084834273893616,2,1,0.48348534499565887,1.475367429639537,1,-0.5343337900998342,1.5864004343995892,0,0,3.0,0,1,0,0,0,1,0,1,0,1,0,1,0,0,0,1,0,0,0,0
0,0,1,1,1.2828375486806096,1,0,-1.497571466169742,-0.42241502366658906,1,-0.6246676009771704,-1.109762475828853,0,0,3.0,0,0,0,1,1,0,1,0,1,0,1,0,1,0,1,0,0,0,0,0
1,0,0,0,-1.0780950719578415,1,0,-1.4710246412295018,-0.957759004003496,1,-0.3208498797931891,-1.109762475828853,0,1,0.0,0,0,0,1,1,0,1,0,1,0,1,0,1,0,1,0,0,0,1,0
1,0,1,1,1.4456604880349857,2,1,-1.4925939364934466,-0.43707056150786827,1,-0.6264508348889776,-1.109762475828853,0,0,3.0,0,0,0,1,1,0,1,0,1,0,1,0,1,0,1,0,0,0,0,0
1,0,0,0,1.3642490183577978,1,1,1.30477774158433,2.0014310319721607,1,-0.4805626296274215,1.0471678523539008,0,1,3.0,0,1,1,0,0,0,0,1,0,0,0,1,0,1,0,1,0,1,0,0
0,1,0,0,-1.2816237461508113,0,0,0.44864263726159415,-0.9744987874958554,1,3.8573714405588686,-0.5705298937831644,1,1,0.0,0,0,1,0,0,0,0,0,0,0,0,0,0,1,0,0,0,1,0,1
0,0,0,0,-1.0780950719578415,0,1,0.8153206567486573,-0.7573642695091184,1,0.8126453420682413,-0.031297311737476054,1,1,0.0,0,0,1,0,0,0,0,0,0,0,0,0,0,1,0,1,0,1,0,1
0,1,0,0,-1.2002122764736234,0,1,0.1815152113004305,-0.9191017320329362,1,1.3670544709032224,-1.109762475828853,1,1,0.0,0,0,1,0,0,0,0,0,0,0,0,0,0,0,0,0,0,1,0,1
1,0,0,0,0.06166550352279012,1,0,1.702980115687928,0.7019367776655615,1,-0.2772539097215956,2.1256330164452777,0,0,2.0,0,1,1,0,0,1,0,1,0,1,0,1,0,1,0,1,1,0,0,0
0,0,1,0,1.1200146093262338,2,1,1.0708338467984662,1.4534499411613364,1,-0.4762473308000073,1.0471678523539008,0,1,3.0,0,0,1,0,0,1,0,0,0,0,0,1,0,1,0,1,0,1,0,0
0,0,0,0,-0.9152721326034655,0,1,0.5083729933771337,-0.6377066297092131,1,0.1803916080110838,-0.5705298937831644,1,0,1.0,0,0,1,0,0,0,0,0,0,0,0,0,0,0,0,1,0,0,0,1
0,0,1,1,0.6722515261016999,2,0,-1.3167212212643575,-0.47726359343185554,1,-0.6015914757447901,-1.109762475828853,0,1,3.0,0,1,0,1,1,0,1,0,1,0,1,0,1,0,1,0,0,0,1,0
0,0,0,0,0.631545791263106,1,1,0.29599839385521454,0.5625555921780663,1,-0.4861855398760247,1.0471678523539008,0,0,2.0,0,1,0,0,0,0,0,1,0,1,0,1,0,1,0,0,0,0,0,0
0,1,0,0,-0.7524491932490895,2,0,-0.8372191957812748,-0.7051264916646787,0,-0.35495892807561813,0.5079352703082123,0,1,1.0,1,0,0,0,0,1,0,0,0,1,0,1,0,0,0,0,0,0,1,0
1,1,1,0,1.4456604880349857,0,1,0.5116913464946635,1.4435991380314948,1,-0.5256448401048938,-0.5705298937831644,0,0,3.0,0,1,1,0,0,0,0,0,0,1,0,0,0,0,0,0,1,0,0,0
0,0,0,0,0.18378270803857208,0,1,-0.8206274301936248,-0.360019290701622,0,-0.5379205788388391,-0.031297311737476054,0,0,2.0,1,0,0,0,0,0,0,0,0,1,0,0,0,0,0,1,1,0,0,0
0,0,1,1,1.4863662228735797,2,0,1.6034295221620285,2.455379734777412,1,-0.4734357750437662,2.1256330164452777,0,0,3.0,0,1,1,0,0,1,0,1,0,1,0,1,0,1,0,1,1,0,0,0
0,0,0,0,-0.7931549280876836,2,0,-0.9799083798350643,-0.8112913833023283,0,-0.3685586772300272,-0.031297311737476054,0,1,1.0,1,0,0,0,0,0,0,0,0,1,0,1,0,0,0,0,0,0,1,0
1,0,0,1,-0.9966836022806536,0,0,-1.5091857020810966,-0.9390666114274933,1,-0.41087510101021124,-1.109762475828853,0,0,1.0,0,0,0,1,1,0,1,0,1,0,1,0,1,0,1,0,0,0,0,0
1,0,1,1,-0.7931549280876836,0,1,0.2611556861211498,-0.6008264513990479,1,-0.06091919030972607,1.0471678523539008,0,1,1.0,0,1,0,0,0,0,0,1,0,1,0,1,0,1,0,0,0,1,0,0
1,0,1,0,0.9978974048104517,2,1,-0.17188939571651304,0.5049645939245364,1,-0.5411130584470337,0.5079352703082123,0,1,3.0,0,0,0,0,0,1,0,1,0,0,0,1,0,0,0,0,0,1,0,0
1,0,1,1,1.6084834273893616,2,0,0.8269348926600121,1.8708036782192017,1,-0.5180064288608218,2.1256330164452777,0,0,3.0,0,1,0,0,0,1,0,1,0,1,0,1,0,1,0,1,1,0,0,0
0,0,1,1,-0.9966836022806536,2,0,-1.5224591145512167,-0.9204180977073027,1,-0.415993286175849,-1.109762475828853,0,1,1.0,0,0,0,1,1,0,1,0,1,0,1,0,1,0,1,0,0,0,1,0
1,0,1,0,0.5094285867473239,2,0,-0.3859231717971971,-0.0013535232925914384,1,-0.5263124294743249,-0.031297311737476054,0,0,2.0,0,0,0,0,0,1,0,0,0,1,0,0,0,0,0,0,1,0,0,0
1,0,0,0,-0.4675090493789317,0,1,-0.7094626007563706,-0.5650871233400002,0,-0.431784050635743,0.5079352703082123,0,1,1.0,1,0,0,0,0,1,0,0,0,0,0,1,0,1,0,0,0,0,1,0
1,0,0,0,0.26519417771576004,0,1,-0.807354017723505,-0.3531522497670106,0,-0.5428603009690962,-0.031297311737476054,0,1,2.0,1,0,0,0,0,0,0,0,0,0,0,1,0,0,0,1,0,1,0,0
1,0,0,1,-0.7117434584104956,0,1,-1.3316538102932427,-0.8666884387652475,1,-0.4812501470377311,-1.109762475828853,0,1,1.0,0,1,0,1,1,0,1,0,1,0,1,0,1,0,1,0,0,1,0,0
1,0,1,1,0.8757802002946699,2,0,-0.05242868348543355,0.4869523236136229,1,-0.5271044332262408,-0.031297311737476054,0,0,3.0,0,1,0,0,0,0,0,0,0,1,0,0,0,0,0,1,1,0,0,0
1,0,0,0,1.1200146093262338,2,1,0.8169798333074222,1.2864689553679591,1,-0.49068942295796475,-0.031297311737476054,0,1,3.0,0,1,1,0,0,0,0,0,0,1,0,0,0,1,0,0,0,1,0,0
0,0,0,0,-1.2409180113122174,0,1,-0.6530505977583607,-0.9714053281610943,0,1.0772372358989817,-0.031297311737476054,1,1,0.0,1,0,0,0,0,0,0,0,0,0,0,0,0,1,0,1,0,1,0,1
1,0,1,0,0.18378270803857208,0,1,0.8435266582476619,0.4914279669064687,1,-0.38594078446314023,0.5079352703082123,0,1,2.0,0,0,1,0,0,0,0,0,0,1,0,1,0,0,0,1,0,1,0,0
0,0,1,0,-0.8338606629262776,0,0,-0.3560579937394271,-0.7059382504972045,1,-0.1796217154974029,-0.031297311737476054,0,0,1.0,0,0,0,0,0,1,0,0,0,0,0,1,0,0,0,0,0,0,0,0
0,0,0,0,-0.10115743583158582,0,0,1.376122333611225,0.4004232199519386,1,-0.2644908777042879,1.0471678523539008,0,0,2.0,0,1,1,0,0,1,0,0,0,0,0,1,0,1,0,1,0,0,0,0
1,0,1,0,1.1607203441648277,0,1,1.3694856273761649,1.788443065859678,1,-0.4624903473781958,1.0471678523539008,0,1,3.0,0,1,1,0,0,1,0,1,0,0,0,0,0,1,0,1,0,1,0,0
1,1,1,1,1.6084834273893616,2,1,-0.004312563281248919,1.0675792831487338,0,-0.5575233756277069,2.1256330164452777,0,0,3.0,1,0,0,0,0,1,0,1,0,1,0,1,0,1,0,1,0,0,0,0
1,0,1,1,-1.2816237461508113,1,1,-1.4842980536996218,-1.0000582210064695,1,0.5033607242018422,-1.109762475828853,0,1,0.0,0,0,0,1,1,0,1,0,1,0,1,0,1,0,1,0,0,1,0,0
0,1,1,0,0.22448844287716607,1,0,0.9978300782128064,0.5668776594755692,1,-0.3792309369572775,0.5079352703082123,0,0,2.0,0,1,1,0,0,1,0,1,0,0,0,0,0,0,0,1,1,0,0,0
0,0,0,0,-0.30468611002455576,0,1,0.028870967894050924,-0.2719105482306979,1,-0.3683055801613968,0.5079352703082123,0,0,2.0,0,0,0,0,0,0,0,1,0,0,0,1,0,0,0,1,0,0,0,0
0,0,1,0,1.5677776925507676,2,1,-1.3366313399695375,-0.25852749720797286,1,-0.620320834585296,-1.109762475828853,0,0,3.0,0,1,0,1,1,0,1,0,1,0,1,0,1,0,1,0,0,0,0,0
0,0,1,1,-0.2639803751859618,0,1,-1.4826388771408567,-0.7921821415961096,1,-0.5733774800192116,-1.109762475828853,0,0,2.0,0,0,0,1,1,0,1,0,1,0,1,0,1,0,1,0,1,0,0,0
0,0,0,0,-0.5082147842175256,0,1,0.8020472442785371,-0.1843283520295204,1,-0.17114296369828316,-0.031297311737476054,0,0,1.0,0,1,1,0,0,1,0,0,0,0,0,0,0,1,0,0,0,0,0,0
1,0,0,0,-0.1825689055087738,0,1,0.9812383126251565,0.15799254158946074,1,-0.28448681301909484,0.5079352703082123,0,0,2.0,0,1,1,0,0,1,0,1,0,0,0,0,0,0,0,1,1,0,0,1
1,0,1,0,-0.06045170099299184,1,1,0.9580098408024466,0.2810288532869065,1,-0.3221865486868936,0.5079352703082123,0,1,2.0,0,0,1,0,0,0,0,0,0,1,0,0,0,1,0,1,0,1,0,0
1,1,0,0,-0.019745966154397852,0,1,1.0359911390644014,0.3158906042297098,1,-0.32421492036475286,-0.031297311737476054,0,0,2.0,0,1,1,0,0,0,0,0,0,0,0,0,0,1,0,1,1,0,0,1
0,0,0,0,-0.7931549280876836,0,1,-0.9898634391876541,-0.8131781741022536,0,-0.371026373649174,-0.5705298937831644,0,1,1.0,1,0,0,0,0,0,0,0,0,0,0,0,0,0,0,1,0,1,0,1
1,0,0,0,-0.7117434584104956,0,1,-1.2802193369715278,-0.8427964017754975,1,-0.47009410280950487,-1.109762475828853,0,1,1.0,0,1,0,1,1,0,1,0,1,0,1,0,1,0,1,0,0,1,0,0
1,0,0,0,1.1200146093262338,2,0,-0.8405375488988048,0.05492110928657196,0,-0.5849877894010991,0.5079352703082123,0,0,3.0,1,0,0,0,0,1,0,1,0,1,0,0,0,0,0,0,0,0,0,0
0,0,0,0,-1.2002122764736234,0,0,0.34245533750063456,-0.9027349188149807,1,1.5066849599532788,-1.109762475828853,1,1,0.0,0,1,1,0,0,0,0,0,0,0,0,0,0,0,0,0,0,1,0,1
0,0,0,0,0.8757802002946699,1,1,1.1654069106480704,1.316504032171419,1,-0.45026186230759674,1.0471678523539008,0,0,3.0,0,0,1,0,0,1,0,1,0,0,0,0,0,1,0,1,1,0,0,0
0,0,1,1,-1.2002122764736234,2,0,-1.5207999379924515,-0.9861047448581857,1,-0.10986183595613759,-1.109762475828853,0,1,0.0,0,0,0,1,1,0,1,0,1,0,1,0,1,0,1,0,0,0,1,0
0,0,0,0,-0.9559778674420595,0,0,0.2014253300056102,-0.7138145051154968,1,0.15788322552129017,-1.109762475828853,1,1,1.0,0,0,1,0,0,0,0,0,0,0,0,0,0,0,0,0,0,1,0,1
0,0,1,1,-0.6303319887333076,0,1,1.303118565025565,-0.24389389879459977,1,0.006896763134974854,1.0471678523539008,0,1,1.0,0,1,1,0,0,1,0,0,0,1,0,0,0,1,0,1,0,1,0,1
0,1,0,0,-0.7117434584104956,0,1,1.040968668740696,-0.382880174579785,1,0.03336737703850789,1.0471678523539008,0,1,1.0,0,0,1,0,0,1,0,0,0,1,0,1,0,0,0,1,0,0,1,1
0,0,1,1,-0.5489205190561197,2,0,-1.3051069853530026,-0.7957143894889926,1,-0.5123431219189808,-1.109762475828853,0,1,1.0,0,1,0,1,1,0,1,0,1,0,1,0,1,0,1,0,0,0,1,0
0,0,1,1,-1.1595065416350294,0,1,0.697519121076343,-0.8416116726685677,1,1.3198392127502137,-0.5705298937831644,1,1,0.0,0,1,1,0,0,0,0,0,0,0,0,0,0,0,0,1,0,1,0,1
0,0,0,1,-1.2816237461508113,0,1,0.4785078153193637,-0.9741038777935455,1,3.909193065360951,-0.5705298937831644,1,1,0.0,0,0,1,0,0,0,0,0,0,0,0,0,0,1,0,0,0,1,0,1
1,0,1,1,1.6084834273893616,2,0,-0.13206915830615312,0.9871493404449471,0,-0.5635968385040545,1.5864004343995892,0,0,3.0,1,0,0,0,0,1,0,0,0,1,0,1,0,1,0,1,0,0,0,0
1,0,1,1,-0.30468611002455576,1,1,-0.32619281568165726,-0.36561384481767917,1,-0.41569800626244685,-0.5705298937831644,0,1,2.0,0,1,0,0,0,0,0,0,0,0,0,1,0,0,0,0,0,0,1,0
1,0,0,0,-0.9559778674420595,0,1,0.3756388686759344,-0.7084174058505947,1,0.21834178779038682,-1.109762475828853,1,1,1.0,0,1,1,0,0,0,0,0,0,0,0,0,0,0,0,0,0,1,0,0
0,0,0,0,-1.1188008067964355,0,1,-1.4743429943470319,-0.9631561032683981,1,-0.2662863700809432,-1.109762475828853,0,1,0.0,0,0,0,1,1,0,1,0,1,0,1,0,1,0,1,0,0,0,1,0
1,0,1,1,1.1607203441648277,0,0,-1.0396387359506039,-0.07991861462435922,0,-0.5973380162180242,-0.031297311737476054,0,0,3.0,1,0,0,0,0,1,0,0,0,1,0,0,0,0,0,0,0,0,0,0
0,0,1,0,1.5677776925507676,1,1,1.2998002119080347,2.2434887400602346,1,-0.49324589351969467,1.0471678523539008,0,0,3.0,0,1,1,0,0,1,0,0,0,1,0,0,0,1,0,1,1,0,0,0
0,0,1,1,1.1200146093262338,2,1,-1.5158224083161567,-0.5248282731322946,1,-0.62340564239645,-1.109762475828853,0,0,3.0,0,0,0,1,1,0,1,0,1,0,1,0,1,0,1,0,1,0,0,0
1,0,0,0,0.9164859351332638,2,1,-0.19014033786292786,0.38460489243163565,1,-0.5380071646781075,0.5079352703082123,0,1,3.0,0,0,0,0,0,1,0,0,0,1,0,1,0,0,0,0,0,1,0,0
0,1,1,1,1.1200146093262338,1,1,0.3291819250305144,0.9464736411070256,1,-0.5184408941634518,1.5864004343995892,0,0,3.0,0,0,0,0,0,1,0,1,0,1,0,1,0,0,0,1,1,0,0,0
0,0,0,0,-0.10115743583158582,1,0,0.6776090023711627,0.10138881759170576,1,-0.3426876663841334,2.1256330164452777,0,0,2.0,0,0,0,0,0,1,0,1,0,1,0,1,0,1,0,1,0,0,0,1
0,0,1,0,0.346605647392948,0,1,1.6150437580733834,1.0072897352627528,1,-0.34826872889482025,2.1256330164452777,0,0,2.0,0,1,1,0,0,1,0,1,0,1,0,1,0,1,0,1,0,0,0,1
0,0,0,0,-0.8745663977648716,1,1,-0.34278458126930716,-0.7378162392447775,1,-0.13577264835717906,-0.031297311737476054,0,1,1.0,0,0,0,0,0,1,0,0,0,0,0,1,0,0,0,0,0,0,1,0
1,1,0,0,0.22448844287716607,1,1,0.1732193285066055,0.08688685574576922,1,-0.45260799543771957,1.0471678523539008,0,0,2.0,0,0,0,0,0,0,0,1,0,1,0,1,0,1,0,0,1,0,0,1
0,1,0,0,-1.2409180113122174,0,0,-0.6961891882862504,-0.9715808435843432,1,1.0273349305340131,-1.109762475828853,1,1,0.0,0,0,0,0,0,0,0,0,0,0,0,0,0,0,0,0,0,1,0,0
1,0,1,1,1.6084834273893616,2,1,1.089084788944881,2.05891233308616,1,-0.5055439985431215,1.0471678523539008,0,0,3.0,0,1,1,0,0,1,0,1,0,0,0,1,0,0,0,1,1,0,0,0
0,0,1,1,0.346605647392948,1,1,1.2168413839697851,0.7157586172464087,1,-0.38117134781677753,1.0471678523539008,0,0,2.0,0,1,1,0,0,1,0,1,0,1,0,0,0,0,0,1,0,0,0,0
0,0,0,0,-1.2816237461508113,0,1,0.9596690173612115,-0.9677414437007745,1,4.7440970205056185,-0.031297311737476054,1,1,0.0,0,1,1,0,0,0,0,0,0,0,0,0,0,1,0,1,0,1,0,1
1,0,0,1,-1.2409180113122174,0,0,-1.477661347464562,-0.990097720737097,1,0.123335475653235,-1.109762475828853,0,1,0.0,0,0,0,1,1,0,1,0,1,0,1,0,1,0,1,0,0,0,1,0
1,0,1,1,0.590840056424512,0,1,1.1421784388253606,1.0749509309251855,1,-0.4213913720927327,0.5079352703082123,0,1,2.0,0,1,1,0,0,0,0,1,0,0,0,0,0,1,0,1,0,1,0,1
0,1,0,0,-0.8745663977648716,0,1,0.9978300782128064,-0.5173469282163123,1,0.25192987793988497,0.5079352703082123,1,1,1.0,0,0,1,0,0,0,0,1,0,0,0,0,0,1,0,1,0,1,0,1
1,0,0,0,-1.2816237461508113,0,1,-1.3449272227633626,-0.9982153090623564,0,0.7451949732782287,-1.109762475828853,1,1,0.0,1,0,0,0,0,0,0,0,0,0,0,0,0,0,0,0,0,1,0,0
1,0,1,1,-1.1188008067964355,0,0,-1.5091857020810966,-0.971163994454127,1,-0.286439224170642,-1.109762475828853,0,1,0.0,0,0,0,1,1,0,1,0,1,0,1,0,1,0,1,0,0,0,1,0
0,0,1,0,1.1200146093262338,1,0,-0.4937696481169216,0.26861113709205015,0,-0.5652597027278107,1.0471678523539008,0,1,3.0,1,0,0,0,0,1,0,1,0,1,0,0,0,0,0,1,0,1,0,0
0,0,0,0,0.7129572609402939,2,0,-1.5108448786398618,-0.5596242057913797,1,-0.6159412110658026,-1.109762475828853,0,0,3.0,0,0,0,1,1,0,1,0,1,0,1,0,1,0,1,0,1,0,0,0
1,0,0,0,0.9571916699718578,0,1,0.712451710105228,1.1509710486198448,1,-0.4851898027244391,-0.031297311737476054,0,1,3.0,0,1,1,0,0,1,0,1,0,0,0,0,0,0,0,0,0,1,0,0
0,0,0,0,0.22448844287716607,0,1,0.6294928821669784,0.40994493166318874,1,-0.4120070073449196,0.5079352703082123,0,0,2.0,0,0,1,0,0,1,0,1,0,1,0,0,0,0,0,0,1,0,0,1
1,0,1,0,0.8757802002946699,0,0,1.4806504568134191,1.6760034978408815,1,-0.4303707335956862,1.5864004343995892,0,1,3.0,0,1,1,0,0,1,0,1,0,1,0,0,0,1,0,1,0,1,0,0
1,0,0,0,0.631545791263106,1,1,1.3661672742586346,1.221352733342635,1,-0.4103920070022301,1.0471678523539008,0,0,2.0,0,1,1,0,0,0,0,1,0,1,0,0,0,1,0,1,1,0,0,1
1,0,0,0,-1.1595065416350294,0,1,0.6875640617237531,-0.8602163075329461,1,1.3129296627766027,-0.5705298937831644,1,1,0.0,0,1,1,0,0,0,0,0,0,0,0,0,0,0,0,1,0,1,0,1
1,0,1,0,-1.2816237461508113,0,0,0.3457736906181643,-0.975859032026034,1,3.6788747329072495,-0.5705298937831644,1,0,0.0,0,0,1,0,0,0,0,0,0,1,0,0,0,0,0,0,1,0,0,0
0,1,1,0,-0.1825689055087738,0,1,1.5237890473413087,0.3971323057660226,1,-0.21956086930154287,1.5864004343995892,0,1,2.0,0,1,1,0,0,0,0,1,0,1,0,1,0,1,0,1,0,1,0,0
1,0,0,0,-0.9152721326034655,0,0,1.1156316138851208,-0.5663815495864606,1,0.3719745845521172,0.5079352703082123,1,1,1.0,0,1,1,0,0,1,0,0,0,0,0,0,0,1,0,1,0,1,0,1
1,0,1,1,-0.5896262538947137,1,0,-1.497571466169742,-0.8587244264353309,1,-0.5397388814634737,-1.109762475828853,0,0,1.0,0,0,0,1,1,0,1,0,1,0,1,0,1,0,1,0,0,0,0,0
1,0,1,1,1.4049547531963917,2,0,1.3163919774956847,2.0124665642089323,1,-0.482604960758047,1.0471678523539008,0,0,3.0,0,1,1,0,0,1,0,0,0,0,0,1,0,1,0,1,0,0,0,0
1,0,0,0,-1.2816237461508113,0,1,0.1781968581829002,-0.9780749142445506,1,3.3880978381844518,-1.109762475828853,1,1,0.0,0,0,1,0,0,0,0,0,0,0,0,0,0,0,0,0,0,1,0,1
1,0,1,1,1.3642490183577978,2,0,0.03053014445281582,0.7888169121737435,1,-0.5465643010171389,1.0471678523539008,0,1,3.0,0,0,0,0,0,1,0,1,0,1,0,1,0,0,0,0,0,0,1,0
1,0,1,0,-0.9559778674420595,0,1,0.13339909109624562,-0.7483471646397086,1,0.13427559644478587,1.0471678523539008,0,1,1.0,0,0,0,0,0,1,0,1,0,0,0,1,0,1,0,0,0,0,1,0
1,0,1,1,1.4456604880349857,1,1,1.1985904418233704,1.9618961828853565,1,-0.4910970902368386,0.5079352703082123,0,0,3.0,0,1,1,0,0,0,0,1,0,0,0,0,0,1,0,1,1,0,0,0
0,0,1,0,0.9978974048104517,1,0,0.32088604223668943,0.908123521127151,1,-0.5116283408872279,1.0471678523539008,0,0,3.0,0,1,0,0,0,0,0,1,0,1,0,1,0,1,0,0,0,0,0,0
0,0,1,1,-0.7524491932490895,0,1,0.8866652487755522,-0.4380578357636431,1,0.043875650956708076,-0.031297311737476054,0,1,1.0,0,1,1,0,0,0,0,0,0,0,0,1,0,1,0,0,0,1,0,1
1,1,1,1,1.3642490183577978,1,1,1.702980115687928,2.440943591215194,1,-0.45993710731813486,2.1256330164452777,0,1,3.0,0,1,1,0,0,1,0,1,0,1,0,1,0,1,0,1,0,1,0,0
0,0,0,0,0.1023712383613841,2,0,-1.3814291070561924,-0.6591633902013854,1,-0.5852132832147491,-1.109762475828853,0,0,2.0,0,1,0,1,1,0,1,0,1,0,1,0,1,0,1,0,0,0,0,0
1,1,0,0,-1.2002122764736234,0,1,0.3690021624408743,-0.9072105621078264,1,1.5297167931986488,-1.109762475828853,1,1,0.0,0,1,1,0,0,0,0,0,0,0,0,0,0,0,0,0,0,1,0,1
1,0,1,0,-0.4268033145403377,1,1,-0.2880317548300625,-0.44191917507511785,1,-0.37810758946063877,-0.031297311737476054,0,0,1.0,0,0,0,0,0,1,0,0,0,0,0,1,0,0,0,0,1,0,0,0
0,0,0,1,0.18378270803857208,1,0,-1.480979700582092,-0.6774608730750782,1,-0.5982276158892162,-1.109762475828853,0,0,2.0,0,0,0,1,1,0,1,0,1,0,1,0,1,0,1,0,0,0,0,0
1,0,0,1,-0.22327464034736777,2,1,-1.2968111025591778,-0.6629150323733295,1,-0.553430267297775,-1.109762475828853,0,0,2.0,0,1,0,1,1,0,1,0,1,0,1,0,1,0,1,0,1,0,0,0
1,0,0,0,-0.9966836022806536,0,1,-1.1441668591527983,-0.9095580808937799,0,-0.2701250089551715,-0.5705298937831644,1,1,1.0,1,0,0,0,0,1,0,0,0,0,0,0,0,0,0,0,0,1,0,1
1,0,1,0,1.4049547531963917,2,0,-1.3299946337344775,-0.31410006809414087,1,-0.6176629535020374,-1.109762475828853,0,0,3.0,0,1,0,1,1,0,1,0,1,0,1,0,1,0,1,0,1,0,0,0
1,0,1,0,0.8350744654560759,0,0,0.9613281939199768,1.1978336666272886,1,-0.4594978600837704,0.5079352703082123,0,1,3.0,0,1,1,0,0,1,0,0,0,1,0,0,0,0,0,1,0,1,0,1
0,0,1,1,1.6084834273893616,2,0,1.4109650413452897,2.3514526647861858,1,-0.4902420271403756,1.5864004343995892,0,0,3.0,0,1,1,0,0,1,0,1,0,1,0,1,0,0,0,1,1,0,0,0
1,0,0,1,-1.2002122764736234,0,0,0.8933019550106117,-0.8961311510152425,1,1.984595499794709,-0.031297311737476054,1,1,0.0,0,1,1,0,0,0,0,0,0,1,0,0,0,0,0,1,0,1,0,1
0,0,0,0,-1.0780950719578415,0,1,-0.5136797668221014,-0.8708788694953139,1,0.15377039815604562,-0.5705298937831644,1,1,0.0,0,0,0,0,0,1,0,0,0,0,0,0,0,0,0,0,0,1,0,0
0,1,1,0,1.5677776925507676,2,1,1.042627845299461,1.9603384835040232,1,-0.5056414982177238,1.0471678523539008,0,0,3.0,0,1,1,0,0,1,0,1,0,1,0,1,0,0,0,0,1,0,0,0
1,0,1,0,1.2421318138420157,2,0,-1.5158224083161567,-0.4658550909206801,1,-0.6251091367226798,-1.109762475828853,0,1,3.0,0,0,0,1,1,0,1,0,1,0,1,0,1,0,1,0,0,0,1,0
1,0,0,0,0.8757802002946699,1,1,1.342938802435925,1.4673375990259019,1,-0.4390600161382576,1.5864004343995892,0,0,3.0,0,0,1,0,0,1,0,1,0,0,0,1,0,1,0,1,1,0,0,1
1,0,0,0,-1.2816237461508113,0,1,-0.6845749523748957,-0.989483416755726,1,1.8910286772353928,-1.109762475828853,1,1,0.0,0,0,0,0,0,0,0,0,0,0,0,0,0,0,0,0,0,0,1,0
0,0,1,1,1.1607203441648277,1,1,0.48016699187812906,1.106280433975106,1,-0.5122688256827055,1.5864004343995892,0,1,3.0,0,1,0,0,0,1,0,1,0,1,0,1,0,0,0,1,0,1,0,0
0,0,0,0,-0.7931549280876836,0,0,-1.5091857020810966,-0.9070789255403898,1,-0.4997578701813321,-1.109762475828853,0,0,1.0,0,0,0,1,1,0,1,0,1,0,1,0,1,0,1,0,1,0,0,0
1,0,0,0,-0.4268033145403377,0,1,-1.3299946337344775,-0.7924234753030767,1,-0.5353248859616436,-1.109762475828853,0,0,1.0,0,1,0,1,1,0,1,0,1,0,1,0,1,0,1,0,1,0,0,0
1,0,0,0,-1.1595065416350294,0,1,-1.4925939364934466,-0.9829235278118003,1,-0.20026178144421544,-1.109762475828853,0,1,0.0,0,0,0,1,1,0,1,0,1,0,1,0,1,0,1,0,0,0,1,0
0,0,1,1,-0.3453918448631497,1,0,-0.24323398774340765,-0.4087686995089908,0,-0.39442013570268564,1.5864004343995892,0,1,1.0,1,0,0,0,0,1,0,1,0,1,0,0,0,1,0,1,0,1,0,0
0,1,1,0,1.5677776925507676,2,1,0.5896726447566184,1.5497420902412382,1,-0.5274737568148975,1.5864004343995892,0,0,3.0,0,1,0,0,0,1,0,1,0,1,0,1,0,0,0,1,0,0,0,0
1,0,0,0,1.5270719577121736,2,1,1.296481858790505,2.172361114788637,1,-0.491063005568329,1.0471678523539008,0,0,3.0,0,1,1,0,0,1,0,0,0,0,0,1,0,1,0,1,1,0,0,1
0,1,0,0,-0.30468611002455576,0,1,0.8219573629837174,-0.04904983956046708,1,-0.2624477312067148,-0.031297311737476054,0,1,2.0,0,1,1,0,0,0,0,1,0,0,0,0,0,0,0,1,0,1,0,1
0,0,1,1,1.6084834273893616,2,1,0.46523440284924406,1.5054025064429968,1,-0.5352014276535981,1.0471678523539008,0,1,3.0,0,1,0,0,0,0,0,1,0,0,0,1,0,1,0,1,0,1,0,0
0,1,0,0,-1.2816237461508113,0,1,0.18649274097672516,-0.97796521710502,1,3.402492733962808,-1.109762475828853,1,1,0.0,0,0,1,0,0,0,0,0,0,0,0,0,0,0,0,0,0,1,0,1
0,0,1,1,0.9571916699718578,1,1,1.1571110278542456,1.411194603014175,1,-0.4581172969798813,0.5079352703082123,0,0,3.0,0,1,1,0,0,0,0,0,0,1,0,0,0,1,0,1,1,0,0,0
0,0,0,1,-0.2639803751859618,2,1,1.3445979789946898,0.18252082198848796,1,-0.20998633325892727,1.5864004343995892,0,1,2.0,0,0,1,0,0,0,0,1,0,1,0,1,0,1,0,1,0,1,0,0
1,0,1,0,0.590840056424512,1,1,0.46357522629047915,0.5928100632605872,1,-0.47045397520396387,-0.5705298937831644,0,1,2.0,0,1,1,0,0,0,0,1,0,0,0,0,0,0,0,0,0,1,0,0
1,1,0,0,0.9978974048104517,2,1,0.4917812277894838,0.9385096287771086,1,-0.50140300112743,1.0471678523539008,0,0,3.0,0,1,0,0,0,0,0,1,0,1,0,0,0,1,0,1,0,0,0,0
0,0,1,1,1.5270719577121736,2,0,0.5233055824060188,1.4561704302216936,1,-0.5288546756117883,1.5864004343995892,0,1,3.0,0,1,0,0,0,1,0,1,0,1,0,1,0,1,0,0,0,1,0,0
1,0,1,1,1.6084834273893616,2,1,1.5818602268980835,2.5569592859826855,1,-0.482117784591495,2.1256330164452777,0,0,3.0,0,1,1,0,0,1,0,1,0,1,0,1,0,1,0,1,1,0,0,0
0,0,0,0,-1.2816237461508113,0,0,0.20474368312314,-0.977723883398053,1,3.434161504675192,-1.109762475828853,1,1,0.0,0,0,1,0,0,0,0,0,0,0,0,0,0,0,0,0,0,0,1,0
1,0,1,1,-0.7931549280876836,1,0,-1.4909347599346818,-0.9130245105029445,1,-0.49523376007956293,-1.109762475828853,0,1,1.0,0,0,0,1,1,0,1,0,1,0,1,0,1,0,1,0,0,0,1,0
1,0,1,0,0.8350744654560759,1,1,0.9729424298313315,1.1270790116300948,1,-0.45875145808044826,0.5079352703082123,0,0,3.0,0,0,1,0,0,0,0,1,0,0,0,0,0,1,0,1,0,0,0,1
1,0,1,1,0.26519417771576004,1,0,-0.17023021915774814,0.019532812074021993,1,-0.4875839011802079,0.5079352703082123,0,1,2.0,0,0,0,0,0,1,0,1,0,1,0,0,0,0,0,0,0,1,0,0
0,0,1,1,-1.2816237461508113,0,1,0.1616050925952503,-0.9782943085236117,1,3.359308046627739,-1.109762475828853,1,1,0.0,0,0,1,0,0,0,0,0,0,0,0,0,0,0,0,0,0,1,0,1
1,1,1,0,1.2828375486806096,2,0,1.233433149557435,1.860075297973116,1,-0.47885837973917345,1.0471678523539008,0,1,3.0,0,1,1,0,0,0,0,0,0,1,0,1,0,1,0,1,0,1,0,0
1,1,1,0,0.631545791263106,0,1,0.866755130070372,0.908913340531771,1,-0.4457623223433343,-0.031297311737476054,0,0,2.0,0,1,1,0,0,0,0,0,0,1,0,0,0,0,0,1,1,0,0,0
1,0,0,1,-1.2816237461508113,0,0,-1.3333129868520075,-0.9980617330670137,0,0.7653478273679276,-1.109762475828853,1,1,0.0,1,0,0,0,0,0,0,0,0,0,0,0,0,0,0,0,0,1,0,1
1,0,0,0,-1.2816237461508113,0,1,0.4751894622018339,-0.9741477566493576,1,3.9034351070496087,-0.5705298937831644,1,1,0.0,0,0,1,0,0,0,0,0,0,0,0,0,0,0,0,1,0,1,0,1
0,1,1,0,-1.2816237461508113,0,1,1.1902945590295455,-0.9646918632218255,1,5.144275123143925,0.5079352703082123,1,1,0.0,0,1,1,0,0,0,0,0,0,1,0,0,0,1,0,1,0,1,0,1
1,0,1,0,1.3235432835192036,0,1,0.8534817176002523,1.5935331883418271,1,-0.5015774847126221,-0.031297311737476054,0,1,3.0,0,1,1,0,0,0,0,1,0,0,0,0,0,0,0,1,0,1,0,0
1,0,0,0,-1.1595065416350294,0,1,0.9945117250952766,-0.8507165352496019,1,1.5259741202962764,1.0471678523539008,0,1,0.0,0,0,1,0,0,1,0,1,0,0,0,1,0,0,0,1,0,0,1,0
0,0,1,0,0.9164859351332638,1,1,0.9895341954189815,1.3061705616276431,1,-0.4649016582608836,0.5079352703082123,0,1,3.0,0,0,1,0,0,1,0,0,0,0,0,0,0,1,0,1,0,1,0,0
1,0,1,0,0.6722515261016999,1,1,-0.3178969328878323,0.14682537278525237,1,-0.5322656576762259,-0.5705298937831644,0,1,3.0,0,1,0,0,0,1,0,0,0,0,0,0,0,0,0,0,0,1,0,0
0,0,1,1,-0.06045170099299184,0,1,-1.5058673489635668,-0.7197820295059578,1,-0.589391801572633,-1.109762475828853,0,1,2.0,0,0,0,1,1,0,1,0,1,0,1,0,1,0,1,0,0,0,1,1
0,0,1,1,1.6084834273893616,2,1,1.7228902343931078,2.7109960093114602,1,-0.47541331258513736,2.1256330164452777,0,0,3.0,0,1,1,0,0,1,0,1,0,1,0,1,0,1,0,1,0,0,0,0
0,0,1,1,-0.10115743583158582,0,1,1.1654069106480704,0.32769401644319524,1,-0.2880799327217235,0.5079352703082123,0,1,2.0,0,1,1,0,0,0,0,0,0,1,0,0,0,1,0,1,0,1,0,1
0,0,1,0,1.6084834273893616,2,1,-0.3560579937394271,0.7187862582974511,0,-0.5742451175729756,1.0471678523539008,0,1,3.0,1,0,0,0,0,0,0,1,0,1,0,0,0,1,0,1,0,1,0,1
0,0,0,1,-0.9559778674420595,0,0,0.9314630158622067,-0.6270660071747514,1,0.4112333912203618,1.0471678523539008,0,0,1.0,0,0,1,0,0,1,0,0,0,1,0,1,0,0,0,1,0,0,0,0
0,0,0,0,-0.9966836022806536,0,1,1.152133498177951,-0.6488957379413274,1,0.6153210247001694,0.5079352703082123,1,1,1.0,0,1,1,0,0,0,0,0,0,1,0,0,0,1,0,1,0,1,0,1
0,0,1,1,1.0793088744876398,1,1,1.3678264508173998,1.7362272274431443,1,-0.45601109643967963,1.0471678523539008,0,1,3.0,0,1,1,0,0,0,0,1,0,1,0,0,0,1,0,1,0,1,0,0
0,0,0,0,-0.4268033145403377,0,1,0.642766294637098,-0.19468376200120266,1,-0.23766347586658823,-0.031297311737476054,0,1,1.0,0,0,1,0,0,0,0,1,0,0,0,0,0,0,0,1,0,0,1,1
1,1,0,0,1.2014260790034217,1,1,1.520470694223779,2.0860075265502016,1,-0.4573043521556399,1.5864004343995892,0,0,3.0,0,1,1,0,0,0,0,1,0,1,0,1,0,1,0,1,0,0,0,0
0,1,1,0,-1.2816237461508113,0,0,-0.6281629493768859,-0.9887374762069184,1,1.988913968528216,-1.109762475828853,1,1,0.0,0,0,0,0,0,0,0,0,0,0,0,0,0,0,0,0,0,1,0,1
0,0,0,0,-1.2816237461508113,0,1,0.3242043953542197,-0.9761442445888133,1,3.6414480038835237,-0.5705298937831644,1,1,0.0,0,0,1,0,0,0,0,1,0,0,0,0,0,0,0,0,0,1,0,1
0,0,1,1,1.5677776925507676,2,0,-1.4959122896109767,-0.4269345458152471,1,-0.6279981123337527,-1.109762475828853,0,0,3.0,0,0,0,1,1,0,1,0,1,0,1,0,1,0,1,0,0,0,0,0
0,0,0,0,-0.38609757970174374,1,0,-1.3316538102932427,-0.7389132106400828,1,-0.5407490495882706,-1.109762475828853,0,0,1.0,0,1,0,1,1,0,1,0,1,0,1,0,1,0,1,0,1,0,0,0
0,0,0,0,1.4049547531963917,2,1,0.6742906492536329,1.4984038289409487,1,-0.5153745176181875,1.5864004343995892,0,1,3.0,0,1,0,0,0,1,0,0,0,1,0,1,0,1,0,1,0,0,1,0
1,0,0,0,-0.2639803751859618,1,0,-1.497571466169742,-0.8082637422512857,1,-0.5752967994563258,-1.109762475828853,0,0,2.0,0,0,0,1,1,0,1,0,1,0,1,0,1,0,1,0,1,0,0,0
1,0,1,1,1.2014260790034217,2,1,0.8020472442785371,1.3656483506810977,1,-0.4968788910256609,-0.031297311737476054,0,0,3.0,0,1,1,0,0,0,0,0,0,1,0,0,0,1,0,0,1,0,0,0
0,0,0,0,-1.2409180113122174,0,0,-1.4793205240233267,-0.9890446281976039,1,0.12141615621612092,-1.109762475828853,0,1,0.0,0,0,0,1,1,0,1,0,1,0,1,0,1,0,1,0,0,0,1,0
1,1,0,0,-1.2816237461508113,0,0,-0.6945300117274855,-0.9896150533231627,1,1.8737548023013655,-1.109762475828853,1,1,0.0,0,0,0,0,0,0,0,0,0,0,0,0,0,0,0,0,0,1,0,0
0,0,0,0,-1.2409180113122174,1,0,-1.4760021709057967,-0.9936519080578863,1,0.12525479509034917,-1.109762475828853,0,1,0.0,0,0,0,1,1,0,1,0,1,0,1,0,1,0,1,0,0,0,1,0
1,1,1,0,1.5677776925507676,0,1,-0.41910670297249697,0.6431391108771958,0,-0.5760965158884568,1.0471678523539008,0,0,3.0,1,0,0,0,0,0,0,1,0,1,0,0,0,1,0,1,0,0,0,0
1,0,1,1,-0.7931549280876836,0,1,1.0525829046520514,-0.49867647506821566,1,0.13526267501244463,0.5079352703082123,0,1,1.0,0,0,1,0,0,0,0,0,0,1,0,0,0,1,0,1,0,0,1,1
0,0,1,1,1.5677776925507676,1,1,1.0028076078891015,1.9620497588806993,1,-0.507560817654838,1.0471678523539008,0,0,3.0,0,1,1,0,0,1,0,1,0,1,0,1,0,0,0,0,1,0,0,0
0,0,0,0,1.6084834273893616,2,1,1.4308751600504692,2.4165250079556975,1,-0.4892955134453604,1.5864004343995892,0,0,3.0,0,1,1,0,0,0,0,1,0,1,0,1,0,1,0,1,1,0,0,0
1,0,1,0,0.14307697319997809,0,1,0.9513731345673865,0.46806247618646524,1,-0.3684252882343977,0.5079352703082123,0,1,2.0,0,0,1,0,0,1,0,0,0,0,0,0,0,1,0,1,0,1,0,0
1,1,1,0,-0.5489205190561197,0,0,0.04878108659923111,-0.444617724707569,1,-0.2774184228162054,0.5079352703082123,0,0,1.0,0,0,0,0,0,1,0,0,0,1,0,0,0,1,0,0,0,0,0,0
1,0,1,0,0.8757802002946699,2,1,0.3192268656779245,0.8302385520604726,1,-0.5036538393764093,1.0471678523539008,0,0,3.0,0,0,0,0,0,1,0,1,0,0,0,0,0,1,0,1,0,0,0,0
0,1,1,0,1.4049547531963917,1,1,1.342938802435925,2.0782190296435337,1,-0.4812501470377311,1.5864004343995892,0,0,3.0,0,1,1,0,0,1,0,1,0,1,0,1,0,0,0,1,1,0,0,0
0,0,1,1,1.1200146093262338,1,0,0.9696240767138018,1.541229592213669,1,-0.4820052891113498,0.5079352703082123,0,0,3.0,0,1,1,0,0,1,0,1,0,0,0,0,0,1,0,0,0,0,0,0
1,0,1,1,1.0386031396490458,1,0,-0.4954288246756865,0.2722750215523699,0,-0.5621543409377813,1.0471678523539008,0,1,3.0,1,0,0,0,0,1,0,1,0,1,0,0,0,1,0,0,0,0,1,0
0,0,1,1,-0.10115743583158582,2,0,-1.5008898192872717,-0.745977706425849,1,-0.5865650619580929,-1.109762475828853,0,1,2.0,0,0,0,1,1,0,1,0,1,0,1,0,1,0,1,0,0,0,1,0
0,0,0,0,1.6084834273893616,2,0,-0.17188939571651304,0.8625114505103555,1,-0.5654898658940849,-0.031297311737476054,0,0,3.0,0,1,0,0,0,1,0,1,0,0,0,0,0,0,0,0,0,0,0,0
0,0,1,1,1.3235432835192036,2,1,1.3064369181430948,1.9420629400582365,1,-0.47776047533388716,1.0471678523539008,0,0,3.0,0,1,1,0,0,1,0,0,0,1,0,0,0,1,0,1,1,0,0,0
0,1,1,0,0.631545791263106,1,1,-0.19843622065675282,0.21516669071277442,1,-0.5212033271572507,-0.031297311737476054,0,0,2.0,0,0,0,0,0,0,0,1,0,0,0,0,0,0,0,1,0,0,0,0
0,1,0,0,-1.1595065416350294,0,1,0.33084110158927976,-0.8677415313047406,1,1.0653374553888737,-1.109762475828853,1,1,0.0,0,1,1,0,0,0,0,0,0,0,0,0,0,0,0,0,0,1,0,1
0,0,1,1,-1.1188008067964355,0,1,0.5282831120823135,-0.8526691443332455,1,0.8920229102174633,-0.5705298937831644,1,1,0.0,0,0,1,0,0,0,0,0,0,0,0,0,0,1,0,0,0,1,0,0
1,0,1,0,1.1607203441648277,2,1,-0.09224892089579345,0.649194392979281,0,-0.5443090775764662,1.5864004343995892,0,1,3.0,1,0,0,0,0,1,0,0,0,1,0,1,0,1,0,1,0,0,1,0
1,0,0,0,-0.9559778674420595,0,0,0.7074741804289328,-0.670835165847434,1,0.3335009540172375,-0.031297311737476054,0,1,1.0,0,0,1,0,0,0,0,0,0,0,0,1,0,1,0,0,0,1,0,0
0,1,0,0,-1.2816237461508113,0,1,0.689223238282518,-0.9713175704494699,1,4.274823418131202,-0.5705298937831644,1,1,0.0,0,1,1,0,0,0,0,0,0,0,0,0,0,1,0,0,0,1,0,1
1,0,1,1,-0.38609757970174374,1,0,0.7257251225753476,-0.1573209162771032,1,-0.24325453683557302,0.5079352703082123,0,1,1.0,0,0,1,0,0,0,0,1,0,1,0,1,0,0,0,0,0,0,1,0
0,0,0,0,-1.2816237461508113,0,0,-1.5025489958460367,-1.0002995547134366,1,0.47169195348945825,-1.109762475828853,0,1,0.0,0,0,0,1,1,0,1,0,1,0,1,0,1,0,1,0,0,0,1,0
0,0,0,0,-0.1825689055087738,0,1,-1.1673953309755083,-0.6619716369733669,0,-0.5416094341635287,-0.5705298937831644,0,1,2.0,1,0,0,0,0,0,0,0,0,1,0,0,0,0,0,0,0,0,1,0
1,0,0,0,-0.8338606629262776,1,0,1.0210585500355165,-0.4893960970639325,1,0.18800177668831275,0.5079352703082123,0,1,1.0,0,0,1,0,0,0,0,0,0,1,0,0,0,1,0,1,0,1,0,0
1,0,1,0,1.6084834273893616,2,0,-1.5141632317573919,-0.43639043924277904,1,-0.6293006641663603,-1.109762475828853,0,0,3.0,0,0,0,1,1,0,1,0,1,0,1,0,1,0,1,0,1,0,0,0
0,0,1,1,-1.2816237461508113,0,1,0.3242043953542197,-0.9761442445888133,1,3.6414480038835237,-0.5705298937831644,1,1,0.0,0,0,1,0,0,0,0,1,0,0,0,0,0,0,0,0,0,1,0,1
1,0,0,0,1.5677776925507676,1,1,1.704639292246693,2.637213713263223,1,-0.47373281257570055,2.1256330164452777,0,0,3.0,0,1,1,0,0,1,0,1,0,1,0,1,0,1,0,1,0,0,0,0
0,0,0,0,-0.4268033145403377,0,1,-0.19511786753922303,-0.45890029227444434,1,-0.3640882127025874,-0.031297311737476054,0,1,1.0,0,1,0,0,0,1,0,0,0,0,0,1,0,0,0,0,0,0,1,0
1,0,1,1,-0.06045170099299184,0,1,-1.469365464670737,-0.7008702426508939,1,-0.5854332052335851,-1.109762475828853,0,1,2.0,0,0,0,1,1,0,1,0,1,0,1,0,1,0,1,0,0,1,0,0
0,0,1,0,0.5501343215859179,2,1,-0.024222681986428636,0.31161241578801907,1,-0.5024443340135238,0.5079352703082123,0,0,2.0,0,0,0,0,0,0,0,1,0,0,0,1,0,1,0,0,1,0,0,0
0,0,1,0,-0.6710377235719016,0,1,0.6643355899010431,-0.4041614196487084,1,-0.0842897269851752,-0.5705298937831644,0,1,1.0,0,1,1,0,0,0,0,0,0,0,0,0,0,1,0,0,0,1,0,1
1,1,0,0,0.26519417771576004,0,1,1.0193993734767515,0.640506379528463,1,-0.3843724984493929,-0.031297311737476054,0,0,2.0,0,1,1,0,0,0,0,0,0,0,0,0,0,1,0,1,0,0,0,1
1,0,0,0,0.8757802002946699,2,0,-0.6215262431418258,0.058190084044581765,0,-0.5630131550587951,0.5079352703082123,0,0,3.0,1,0,0,0,0,1,0,1,0,0,0,0,0,0,0,1,0,0,0,0
0,0,1,0,-0.7524491932490895,0,1,-0.007630916398778715,-0.5960217166876105,1,-0.16302698436420035,-0.031297311737476054,0,0,1.0,0,1,0,0,0,1,0,0,0,0,0,0,0,1,0,0,0,0,0,1
1,0,0,1,0.6722515261016999,1,1,1.4690362209020642,1.3124671774366954,1,-0.4082392356499078,1.5864004343995892,0,0,3.0,0,1,1,0,0,1,0,1,0,1,0,0,0,1,0,1,1,0,0,0
0,0,0,0,-0.7117434584104956,2,0,-1.3233579274994176,-0.8469648930776578,1,-0.4794507850654366,-1.109762475828853,0,0,1.0,0,1,0,1,1,0,1,0,1,0,1,0,1,0,1,0,0,0,0,0
1,0,0,1,0.7943687306174818,1,0,-1.5025489958460367,-0.6015504525199493,1,-0.6170510506071305,-1.109762475828853,0,0,3.0,0,0,0,1,1,0,1,0,1,0,1,0,1,0,1,0,1,0,0,0
0,0,1,1,-1.0780950719578415,2,0,-1.4876164068171518,-0.9648893180729806,1,-0.3290755345236784,-1.109762475828853,0,1,0.0,0,0,0,1,1,0,1,0,1,0,1,0,1,0,1,0,0,0,1,0
0,0,1,0,-1.2002122764736234,0,1,1.0044667844478665,-0.8804225206344702,1,2.0810413015096967,-0.031297311737476054,1,1,0.0,0,1,1,0,0,0,0,0,0,0,0,0,0,1,0,1,0,1,0,1
1,1,1,0,-1.0780950719578415,0,1,0.6394479415195682,-0.7811246699314318,1,0.7254534019250544,-0.031297311737476054,1,1,0.0,0,0,1,0,0,0,0,1,0,0,0,0,0,0,0,1,0,1,0,1
1,0,0,0,-1.2816237461508113,0,0,0.4868036981131887,-0.9739941806540149,1,3.923587961139307,-0.5705298937831644,1,1,0.0,0,0,1,0,0,0,0,0,0,0,0,0,0,0,0,1,0,1,0,1
0,0,0,0,-0.7524491932490895,1,0,-0.3062826969764773,-0.6600190278897234,1,-0.23212248410031078,-0.031297311737476054,0,1,1.0,0,0,0,0,0,1,0,0,0,0,0,1,0,0,0,0,0,0,1,0
1,0,1,1,0.590840056424512,1,0,-1.4892755833759168,-0.591392497399422,1,-0.6116439112966755,-1.109762475828853,0,1,2.0,0,0,0,1,1,0,1,0,1,0,1,0,1,0,1,0,0,0,1,0
1,1,1,0,-1.2002122764736234,0,1,-0.9450656721009992,-0.9678072619844929,0,0.3896410475528273,-0.5705298937831644,1,1,0.0,1,0,0,0,0,0,0,0,0,0,0,0,0,1,0,0,0,0,1,1
1,0,0,0,-1.2816237461508113,0,0,-0.5286123558509863,-0.9874211105325521,1,2.161652717868492,-0.5705298937831644,0,0,0.0,0,0,0,0,0,0,0,0,0,0,0,1,0,0,0,0,1,0,0,0
0,0,1,0,1.5677776925507676,2,0,-1.3233579274994176,-0.1867636285270982,1,-0.6196810614395912,-1.109762475828853,0,0,3.0,0,1,0,1,1,0,1,0,1,0,1,0,1,0,1,0,1,0,0,0
0,0,0,0,-1.2409180113122174,0,1,0.1582867394777205,-0.9495975368224244,1,2.0157844406478147,-1.109762475828853,1,1,0.0,0,0,1,0,0,0,0,0,0,0,0,0,0,0,0,0,0,1,0,0
1,0,0,0,-0.7931549280876836,1,1,-1.4925939364934466,-0.8961530904431487,1,-0.49564504281608746,-1.109762475828853,0,1,1.0,0,0,0,1,1,0,1,0,1,0,1,0,1,0,1,0,0,0,1,0
0,0,1,1,0.8757802002946699,0,1,0.7058150038701679,0.9761796264918938,1,-0.47926103416654003,1.5864004343995892,0,1,3.0,0,1,0,0,0,0,0,1,0,1,0,1,0,1,0,1,0,1,0,0
0,0,0,0,-1.1188008067964355,0,0,-0.3029643438589475,-0.8771096670206481,1,0.4112333912203616,-0.031297311737476054,1,0,0.0,0,0,0,0,0,1,0,0,0,1,0,0,0,0,0,0,1,0,0,0
0,0,0,0,-0.4268033145403377,0,1,-0.48381458876433153,-0.526758942788032,0,-0.40764841905796134,0.5079352703082123,0,1,1.0,1,0,0,0,0,0,0,1,0,0,0,0,0,1,0,1,0,1,0,0
1,1,1,0,-0.7931549280876836,0,1,1.097380671738706,-0.4657673332090558,1,0.14636730889860514,1.0471678523539008,0,1,1.0,0,0,1,0,0,0,0,1,0,1,0,0,0,1,0,1,0,1,0,1
1,1,0,0,-1.1595065416350294,0,1,0.18981109409425545,-0.8799837320763482,1,0.9674521640960507,-1.109762475828853,1,1,0.0,0,0,1,0,0,0,0,0,0,0,0,0,0,0,0,0,0,1,0,0
1,0,1,0,0.631545791263106,0,1,1.543699166046489,1.3232833153944064,1,-0.3978185061999107,1.5864004343995892,0,0,2.0,0,1,1,0,0,1,0,1,0,1,0,0,0,1,0,1,0,0,0,0
1,0,1,1,-0.1418631706701798,0,1,-1.469365464670737,-0.7215810625942586,1,-0.5804789619365341,-1.109762475828853,0,1,2.0,0,0,0,1,1,0,1,0,1,0,1,0,1,0,1,0,0,0,1,0
0,0,1,1,-0.7931549280876836,0,0,-1.5307549973450416,-0.8986761246523509,1,-0.5051045457561502,-1.109762475828853,0,1,1.0,0,0,0,1,1,0,1,0,1,0,1,0,1,0,1,0,0,0,1,0
1,0,0,0,-1.2816237461508113,0,0,-0.16027515980515805,-0.9825505575373965,1,2.8007860904275135,-0.031297311737476054,0,1,0.0,0,1,0,0,0,0,0,1,0,0,0,1,0,0,0,0,0,0,1,1
0,0,1,1,1.5677776925507676,2,0,0.8285940692187774,1.7741824377207087,1,-0.5159578401922125,2.1256330164452777,0,0,3.0,0,1,0,0,0,1,0,1,0,1,0,1,0,1,0,1,0,0,0,0
1,0,1,0,1.6084834273893616,2,1,1.4939238692835393,2.4366215239176907,1,-0.4862982200778122,1.5864004343995892,0,0,3.0,0,1,1,0,0,1,0,1,0,0,0,1,0,1,0,1,1,0,0,0
1,0,0,0,1.2828375486806096,2,0,0.7174292397815226,1.462576743170277,1,-0.5064079956595969,1.5864004343995892,0,0,3.0,0,1,0,0,0,0,0,1,0,1,0,1,0,1,0,1,1,0,0,0
1,0,0,0,0.5501343215859179,2,1,-0.1387058645412132,0.2606690641900396,0,-0.5108975068535798,1.5864004343995892,0,0,2.0,1,0,0,0,0,1,0,0,0,1,0,1,0,1,0,1,0,0,0,0
0,0,1,1,0.387311382231542,2,1,1.1770211465594258,0.8794706282817757,1,-0.3908635921503773,1.0471678523539008,0,1,2.0,0,0,1,0,0,0,0,0,0,1,0,1,0,1,0,1,0,1,0,0
1,1,0,0,-0.4675090493789317,0,1,1.3080960947018598,-0.012059964110771494,1,-0.11352599124517379,1.0471678523539008,0,1,1.0,0,1,1,0,0,0,0,1,0,1,0,0,0,1,0,1,0,1,0,0
0,0,0,0,-0.30468611002455576,0,1,0.6527213539896879,-0.09270930109361919,1,-0.2850366445819817,-0.5705298937831644,0,1,2.0,0,1,1,0,0,0,0,0,0,0,0,0,0,1,0,0,0,0,1,0
1,0,1,1,-0.3453918448631497,1,0,-1.4826388771408567,-0.815964481446329,1,-0.5664679300456007,-1.109762475828853,0,1,1.0,0,0,0,1,1,0,1,0,1,0,1,0,1,0,1,0,0,0,1,0
0,0,1,1,0.346605647392948,1,0,-0.9799083798350643,-0.38917679038883757,0,-0.5626841288695755,-0.031297311737476054,0,0,2.0,1,0,0,0,0,1,0,0,0,1,0,0,0,0,0,0,1,0,0,0
1,0,0,0,0.9571916699718578,1,1,-0.009290092957543614,0.5994796493440437,1,-0.5291321161531058,0.5079352703082123,0,0,3.0,0,1,0,0,0,1,0,1,0,0,0,1,0,0,0,0,0,0,0,0
1,0,0,0,-1.2816237461508113,0,0,-1.3449272227633626,-0.9982153090623564,0,0.7451949732782287,-1.109762475828853,1,1,0.0,1,0,0,0,0,0,0,0,0,0,0,0,0,0,0,0,0,0,1,0
1,0,0,0,-1.2816237461508113,0,1,-1.3499047524396575,-0.9982811273460749,0,0.7365580358112149,-1.109762475828853,1,1,0.0,1,0,0,0,0,0,0,0,0,0,0,0,0,0,0,0,0,1,0,1
0,0,0,0,-0.06045170099299184,1,0,-1.459410405318147,-0.70911946754359,1,-0.5843535880502084,-1.109762475828853,0,1,2.0,0,0,0,1,1,0,1,0,1,0,1,0,1,0,1,0,0,0,1,0
1,0,1,1,1.0386031396490458,2,0,0.9762607829488613,1.4323442115156617,1,-0.4755897812401402,0.5079352703082123,0,0,3.0,0,1,1,0,0,0,0,0,0,1,0,1,0,0,0,1,0,0,0,0
1,0,0,0,-1.0780950719578415,0,1,-0.191799514421693,-0.8611816423608147,1,0.3133480999275386,-0.031297311737476054,1,0,0.0,0,0,0,0,0,1,0,0,0,0,0,0,0,0,0,1,0,0,0,0
1,0,1,1,-0.6303319887333076,0,1,0.8120023036311275,-0.33342870407942077,1,-0.08778966242932457,0.5079352703082123,0,1,1.0,0,0,1,0,0,1,0,0,0,1,0,0,0,1,0,0,0,1,0,1
0,1,0,0,0.5094285867473239,0,1,1.065856317122171,0.9151880169129175,1,-0.41678604855204837,1.0471678523539008,0,1,2.0,0,1,1,0,0,1,0,1,0,0,0,1,0,1,0,0,0,1,0,0
0,1,0,0,1.0793088744876398,2,1,0.473530285643069,1.0052713078953912,1,-0.5077367552699067,-0.5705298937831644,0,0,3.0,0,1,1,0,0,0,0,1,0,0,0,0,0,0,0,0,1,0,0,0
0,1,0,0,-1.2409180113122174,0,1,0.17985603474166512,-0.947908200873654,1,2.040735593330299,-1.109762475828853,1,1,0.0,0,0,1,0,0,0,0,0,0,0,0,0,0,0,0,0,0,1,0,1
1,0,1,0,-1.1595065416350294,0,0,0.02223426165899086,-0.8991807314941914,1,0.8511414062069312,-0.031297311737476054,1,1,0.0,0,1,0,0,0,0,0,0,0,1,0,0,0,1,0,0,0,1,0,0
0,0,0,0,-0.5896262538947137,0,1,0.30595345320780487,-0.4184220477876777,1,-0.21032305596719286,-1.109762475828853,0,1,1.0,0,1,1,0,0,0,0,0,0,0,0,0,0,0,0,0,0,1,0,0
0,1,0,0,-0.5896262538947137,1,0,-1.4793205240233267,-0.8467454987985966,1,-0.5364053266516439,-1.109762475828853,0,0,1.0,0,0,0,1,1,0,1,0,1,0,1,0,1,0,1,0,0,0,0,0
0,0,0,0,-1.2816237461508113,0,0,-0.9633166142474143,-0.993169240643952,0,1.40736017908262,-0.031297311737476054,0,1,0.0,1,0,0,0,0,0,0,0,0,1,0,1,0,0,0,0,0,0,1,0
1,0,1,0,0.387311382231542,0,1,0.9779199595076267,0.7526387955565736,1,-0.40693231301924027,0.5079352703082123,0,1,2.0,0,1,1,0,0,1,0,0,0,1,0,0,0,0,0,1,0,1,0,0
1,0,0,0,-0.5082147842175256,0,1,0.6742906492536329,-0.24784299581769897,1,-0.19225547750653915,-0.5705298937831644,0,1,1.0,0,1,1,0,0,0,0,0,0,0,0,0,0,1,0,0,0,1,0,1
0,0,1,0,1.4863662228735797,0,1,0.6792681789299281,1.5665038131615037,1,-0.5192526718925918,-0.031297311737476054,0,0,3.0,0,1,1,0,0,0,0,1,0,1,0,0,0,0,0,0,0,0,0,0
0,0,1,0,-1.2816237461508113,0,1,-0.3195561094465974,-0.9846567426163826,1,2.5244040914830714,-0.5705298937831644,1,1,0.0,0,0,0,0,0,0,0,0,0,0,0,0,0,1,0,0,0,0,1,0
1,0,0,0,-0.5082147842175256,0,0,-1.5108448786398618,-0.8266489828366029,1,-0.5533617201750209,-1.109762475828853,0,1,1.0,0,0,0,1,1,0,1,0,1,0,1,0,1,0,1,0,0,0,1,0
0,0,1,0,1.0386031396490458,2,1,1.4773321036958893,1.6872364849288084,1,-0.4461168420871665,1.5864004343995892,0,0,3.0,0,1,1,0,0,1,0,1,0,1,0,0,0,1,0,1,0,0,0,1
0,0,1,0,1.6084834273893616,2,1,0.9729424298313315,1.9966701761165355,1,-0.5110653284307103,1.0471678523539008,0,0,3.0,0,1,1,0,0,1,0,1,0,1,0,1,0,0,0,0,0,0,0,0
0,0,1,1,-0.5489205190561197,0,1,-0.5087022371458064,-0.5864122472647358,1,-0.37415212244676,-0.5705298937831644,0,0,1.0,0,0,0,0,0,0,0,0,0,1,0,0,0,0,0,0,0,0,0,0
0,0,0,0,-0.6710377235719016,0,1,0.008960849188871207,-0.5511117077638104,1,-0.21807758186636936,-0.031297311737476054,0,0,1.0,0,1,0,0,0,0,0,0,0,1,0,0,0,0,0,1,1,0,0,1
0,0,0,0,-0.8338606629262776,0,1,0.9712832532725666,-0.5499050392289745,1,0.17471418058521454,-0.031297311737476054,0,1,1.0,0,1,1,0,0,0,0,0,0,0,0,0,0,1,0,1,0,1,0,1
1,0,1,1,-1.2816237461508113,0,1,0.8352307754538371,-0.9693869007937325,1,4.528173583830274,-0.031297311737476054,1,1,0.0,0,0,1,0,0,0,0,0,0,0,0,0,0,1,0,1,0,1,0,0
0,0,0,0,-1.2816237461508113,0,1,0.5763992322864984,-0.972809451547085,1,4.079052835545556,-0.031297311737476054,1,1,0.0,0,0,1,0,0,0,0,1,0,1,0,0,0,0,0,0,0,1,0,1
1,1,0,0,1.6084834273893616,2,0,-1.3117436915880627,-0.21499967224225744,1,-0.6196777749337057,-1.109762475828853,0,0,3.0,0,1,0,1,1,0,1,0,1,0,1,0,1,0,1,0,0,0,0,0
0,0,0,1,-0.2639803751859618,0,1,-0.5120205902633365,-0.45356901129326044,1,-0.4486217166067901,-1.109762475828853,0,1,2.0,0,1,0,0,0,0,0,0,0,0,0,0,0,0,0,0,0,0,1,0
0,0,1,1,-1.1595065416350294,0,1,0.2926800407376848,-0.8661180136396888,1,1.038850847156698,-0.5705298937831644,1,1,0.0,0,0,1,0,0,0,0,0,0,1,0,0,0,0,0,0,0,1,0,1
1,0,1,1,-0.3453918448631497,1,1,0.659358060224748,-0.13551312493843323,1,-0.26912696284787213,1.5864004343995892,0,1,1.0,0,1,0,0,0,1,0,0,0,1,0,1,0,1,0,1,0,0,1,0
0,0,0,0,0.7129572609402939,1,1,-1.5125040551986266,-0.5556531693403745,1,-0.6160541122091622,-1.109762475828853,0,1,3.0,0,0,0,1,1,0,1,0,1,0,1,0,1,0,1,0,0,0,1,0
1,0,0,0,0.7536629957788878,1,0,0.7107925335464625,0.863454845910318,1,-0.468516200772262,-0.031297311737476054,0,1,3.0,0,0,1,0,0,1,0,0,0,0,0,0,0,1,0,0,0,0,1,0
1,0,1,1,1.6084834273893616,2,0,1.2948226822317401,2.2897589935142135,1,-0.49576335702796426,1.5864004343995892,0,0,3.0,0,1,1,0,0,1,0,1,0,1,0,1,0,0,0,1,1,0,0,0
0,0,1,1,1.5270719577121736,1,1,-0.21668716280316785,0.7958814079595097,0,-0.5650243855675458,1.5864004343995892,0,0,3.0,1,0,0,0,0,0,0,1,0,1,0,1,0,1,0,1,0,0,0,0
0,0,1,0,1.5270719577121736,2,1,1.3064369181430948,2.1453098001804074,1,-0.49057641754201836,1.0471678523539008,0,0,3.0,0,1,1,0,0,0,0,0,0,1,0,1,0,1,0,1,0,0,0,0
0,1,0,0,-0.7117434584104956,0,1,0.881687719099257,-0.3944861319421154,1,-0.001180372829547296,-0.031297311737476054,0,1,1.0,0,0,1,0,0,0,0,0,0,0,0,0,0,1,0,1,0,1,0,0
0,0,0,0,0.590840056424512,1,0,0.9945117250952766,1.0161971429926322,1,-0.43206758646168025,0.5079352703082123,0,0,2.0,0,1,1,0,0,1,0,0,0,1,0,0,0,1,0,0,1,0,0,0
1,0,0,0,1.2421318138420157,2,1,0.7224067694578178,1.320826099468922,1,-0.5037421716914129,2.1256330164452777,0,0,3.0,0,0,0,0,0,1,0,1,0,1,0,1,0,1,0,1,0,0,0,0
0,0,0,0,1.2828375486806096,2,1,1.664819054836333,2.2091754748150843,1,-0.4558265464938033,2.1256330164452777,0,0,3.0,0,1,1,0,0,1,0,1,0,1,0,1,0,1,0,1,0,0,0,0
0,1,0,0,1.0793088744876398,0,1,0.8236165395424823,1.4030550752610096,1,-0.48748793520835215,0.5079352703082123,0,1,3.0,0,1,1,0,0,1,0,1,0,1,0,0,0,0,0,0,0,1,0,0
0,0,0,1,-1.2816237461508113,0,0,-1.3582006352334823,-0.9983908244856053,1,0.7221631400328586,-1.109762475828853,0,1,0.0,0,1,0,1,1,0,1,0,1,0,1,0,1,0,1,0,0,0,1,0
1,0,0,0,0.30589991255435406,0,1,0.6626764133422782,0.4693788418608316,1,-0.4212831177952125,-0.5705298937831644,0,1,2.0,0,1,1,0,0,0,0,0,0,0,0,0,0,1,0,0,0,1,0,0
1,0,1,0,0.9164859351332638,2,0,-1.3017886322354726,-0.37546464794752094,1,-0.6068970230459557,-1.109762475828853,0,0,3.0,0,1,0,1,1,0,1,0,1,0,1,0,1,0,1,0,0,0,0,0
1,0,0,0,0.7129572609402939,1,0,-1.4859572302583868,-0.5749379264698421,1,-0.6142476939154077,-1.109762475828853,0,0,3.0,0,0,0,1,1,0,1,0,1,0,1,0,1,0,1,0,1,0,0,0
0,1,1,1,1.3235432835192036,1,1,1.4109650413452897,2.083440613485187,1,-0.47226424240033293,1.0471678523539008,0,1,3.0,0,1,1,0,0,0,0,1,0,1,0,0,0,1,0,1,0,1,0,0
1,0,0,0,1.4456604880349857,2,0,-1.3399496930870676,-0.2816735936489153,1,-0.6187735571405208,-1.109762475828853,0,1,3.0,0,1,0,1,1,0,1,0,1,0,1,0,1,0,1,0,0,0,1,0
0,0,0,0,-1.2409180113122174,0,1,0.19312944721178524,-0.9444637106923953,1,2.056090148827212,0.5079352703082123,1,1,0.0,0,0,0,0,0,1,0,0,0,0,0,0,0,1,0,1,0,1,0,1
1,1,1,0,1.2421318138420157,1,1,0.6328112352845081,1.329623810059271,1,-0.5086004490166082,2.1256330164452777,0,0,3.0,0,0,0,0,0,1,0,1,0,1,0,1,0,1,0,1,0,0,0,0
0,0,1,1,1.4049547531963917,2,1,1.3512346852297499,1.9388159047281321,1,-0.4808267677501324,1.0471678523539008,0,0,3.0,0,1,1,0,0,0,0,0,0,1,0,1,0,1,0,1,0,0,0,0
0,1,0,0,1.1200146093262338,1,1,1.3628489211411048,1.8174908684073627,1,-0.45963420518039605,1.0471678523539008,0,1,3.0,0,1,1,0,0,0,0,0,0,1,0,1,0,1,0,1,0,1,0,1
1,1,0,0,1.4049547531963917,2,1,-0.01260844607507388,0.8559735009943359,1,-0.5504303226313613,0.5079352703082123,0,0,3.0,0,1,0,0,0,1,0,1,0,0,0,1,0,0,0,0,0,0,0,0
0,0,1,0,1.2014260790034217,2,0,1.6266579939847385,2.014945719562322,1,-0.4514549976806253,2.1256330164452777,0,1,3.0,0,1,1,0,0,1,0,1,0,1,0,1,0,1,0,1,0,0,1,0
1,0,0,0,1.0793088744876398,1,1,-0.11879574583603324,0.5906819387536949,1,-0.5419966072223948,-0.031297311737476054,0,0,3.0,0,0,0,0,0,0,0,0,0,1,0,0,0,0,0,1,0,0,0,0
1,0,0,0,-0.06045170099299184,1,1,-0.4937696481169216,-0.34047126043728093,0,-0.4796307212626661,0.5079352703082123,0,1,2.0,1,0,0,0,0,0,0,0,0,1,0,0,0,1,0,1,0,1,0,0
0,1,1,0,1.4863662228735797,2,0,1.342938802435925,2.0621374289883576,1,-0.48635005297063444,1.0471678523539008,0,0,3.0,0,1,1,0,0,0,0,1,0,0,0,1,0,1,0,1,1,0,0,0
0,0,0,0,-1.1595065416350294,0,0,-0.3129194032115374,-0.9091631711914699,1,0.6185198904286929,-0.5705298937831644,1,0,0.0,0,0,0,0,0,0,0,0,0,0,0,0,0,1,0,0,1,0,0,0
0,0,0,0,-1.2816237461508113,0,0,0.642766294637098,-0.9719318744308407,1,4.1942120017724065,-0.031297311737476054,1,1,0.0,0,0,1,0,0,0,0,1,0,0,0,0,0,1,0,0,0,1,0,1
0,0,0,0,-0.1825689055087738,0,0,-0.29466846106512257,-0.34080035185587254,1,-0.43717198341297103,-0.031297311737476054,0,1,2.0,0,0,0,0,0,1,0,1,0,0,0,0,0,0,0,0,0,1,0,0
0,0,1,0,1.4456604880349857,2,1,0.6560397071072182,1.4970216449828642,1,-0.5183848057123315,-0.031297311737476054,0,0,3.0,0,1,1,0,0,1,0,1,0,0,0,0,0,0,0,0,0,0,0,0
1,0,0,0,-0.8338606629262776,0,0,-1.4760021709057967,-0.8968770915640503,1,-0.4785926278171115,-1.109762475828853,0,1,1.0,0,0,0,1,1,0,1,0,1,0,1,0,1,0,1,0,0,0,1,0
0,1,1,0,1.3235432835192036,2,1,1.3578713914648095,1.9421506977698606,1,-0.4750559797634081,1.5864004343995892,0,0,3.0,0,0,1,0,0,0,0,1,0,1,0,1,0,1,0,1,1,0,0,0
0,0,0,0,-1.2002122764736234,0,1,1.0940623186211762,-0.8705717175046284,1,2.158773738712821,1.0471678523539008,0,1,0.0,0,0,1,0,0,0,0,1,0,0,0,1,0,1,0,1,0,1,0,1
1,0,1,1,-0.8745663977648716,0,1,0.48348534499565887,-0.627833887151465,1,0.10318262156353614,-0.5705298937831644,1,0,1.0,0,0,1,0,0,0,0,0,0,0,0,0,0,1,0,0,0,0,0,1
1,0,1,1,0.590840056424512,0,0,-0.3543988171806622,0.10481136834505826,1,-0.5295930053600445,-0.5705298937831644,0,1,2.0,0,1,0,0,0,0,0,1,0,0,0,0,0,0,0,0,0,1,0,0
1,0,0,0,-0.30468611002455576,1,0,-1.3150620447055927,-0.7121471085946327,1,-0.5476881275532218,-1.109762475828853,0,0,2.0,0,1,0,1,1,0,1,0,1,0,1,0,1,0,1,0,0,0,0,1
1,0,0,0,-1.2816237461508113,0,1,-0.5020655309107466,-0.9870700796860543,1,2.207716384359232,-1.109762475828853,1,0,0.0,0,1,0,0,0,0,0,0,0,0,0,0,0,0,0,0,1,0,0,0
1,0,0,0,1.2421318138420157,2,1,1.32136950717198,1.8592196602847777,1,-0.4712636880914964,1.0471678523539008,0,0,3.0,0,1,1,0,0,0,0,1,0,1,0,0,0,1,0,1,0,0,0,0
0,1,1,0,-0.4268033145403377,1,0,-1.3051069853530026,-0.7681145891831106,1,-0.5315696957585941,-1.109762475828853,0,0,1.0,0,1,0,1,1,0,1,0,1,0,1,0,1,0,1,0,0,0,0,0
1,0,1,0,1.1200146093262338,0,1,-0.15695680668762801,0.5629943807361883,0,-0.5460979726097364,1.5864004343995892,0,0,3.0,1,0,0,0,0,0,0,1,0,1,0,1,0,1,0,1,0,0,0,0
0,0,0,0,-1.2816237461508113,0,0,-0.4771778825292717,-0.9867409882674627,1,2.2509010716943014,-0.5705298937831644,1,1,0.0,0,0,0,0,0,0,0,1,0,0,0,0,0,0,0,0,0,1,0,1
0,0,1,1,1.2014260790034217,0,1,1.1687252637656007,1.7481183973682541,1,-0.476680338854126,1.0471678523539008,0,1,3.0,0,0,1,0,0,0,0,1,0,1,0,0,0,1,0,1,0,1,0,1
1,1,0,0,0.590840056424512,0,1,0.7008374741938728,0.6872593003963761,1,-0.45330005773475585,-0.5705298937831644,0,0,2.0,0,1,1,0,0,0,0,0,0,0,0,0,0,1,0,0,1,0,0,0
1,1,1,0,1.6084834273893616,2,1,1.4872871630484792,2.4717684874232737,1,-0.4866137246428173,1.5864004343995892,0,0,3.0,0,1,1,0,0,0,0,1,0,1,0,1,0,1,0,1,0,0,0,0
0,0,1,0,-0.2639803751859618,0,0,0.5631258198163787,-0.09687779239577944,1,-0.3104307171345692,1.5864004343995892,0,0,2.0,0,0,0,0,0,0,0,1,0,1,0,1,0,1,0,1,0,0,0,0
0,0,1,0,-0.8745663977648716,0,1,1.1471559685016557,-0.5451441833733494,1,0.2951145652749539,0.5079352703082123,1,1,1.0,0,1,1,0,0,0,0,0,0,1,0,0,0,1,0,1,0,1,0,1
0,1,1,0,1.5270719577121736,2,1,1.6167029346321486,2.376178400036367,1,-0.4754110907220035,2.1256330164452777,0,1,3.0,0,1,1,0,0,1,0,1,0,1,0,1,0,1,0,1,0,1,0,0
0,0,0,1,0.428017117070136,0,1,-0.0325185647802536,0.19206447312764433,1,-0.49237347559373373,0.5079352703082123,0,1,2.0,0,0,0,0,0,1,0,1,0,0,0,0,0,0,0,1,0,1,0,0
0,0,1,0,1.4863662228735797,1,1,-1.2818785135302928,-0.23509618820425104,1,-0.6164799108069758,-1.109762475828853,0,1,3.0,0,1,0,1,1,0,1,0,1,0,1,0,1,0,1,0,0,1,0,0
1,0,1,1,1.6084834273893616,2,1,1.6283171705435033,2.5422598692855938,1,-0.47990925263645956,2.1256330164452777,0,1,3.0,0,1,1,0,0,1,0,1,0,1,0,1,0,1,0,1,0,1,0,0
1,0,1,1,1.1200146093262338,0,1,1.28818597599668,1.610624002680684,1,-0.4638818793445012,1.0471678523539008,0,0,3.0,0,1,1,0,0,0,0,1,0,0,0,1,0,1,0,1,0,0,0,0
0,0,0,0,-0.7931549280876836,0,1,0.1732193285066055,-0.6198479353936422,1,-0.08271717534552278,-1.109762475828853,0,1,1.0,0,0,1,0,0,0,0,0,0,0,0,0,0,0,0,0,0,0,1,0
1,0,1,0,1.0793088744876398,0,1,-0.7924214286946202,0.067294946625616,0,-0.5809587917958127,-0.031297311737476054,0,0,3.0,1,0,0,0,0,0,0,1,0,0,0,0,0,0,0,1,0,0,0,1
1,0,0,0,1.4049547531963917,2,0,0.020575085100225963,0.9048764857970474,1,-0.5487368054809664,0.5079352703082123,0,0,3.0,0,0,0,0,0,1,0,0,0,1,0,0,0,0,0,1,0,0,0,0
1,0,1,1,-0.8338606629262776,0,0,-1.4743429943470319,-0.8968112732803318,1,-0.47814970794700823,-1.109762475828853,0,1,1.0,0,0,0,1,1,0,1,0,1,0,1,0,1,0,1,0,0,0,1,0
1,0,0,0,-1.2002122764736234,0,0,-0.4821554122055666,-0.948698020278274,1,0.7912586397689689,-1.109762475828853,1,0,0.0,0,1,0,0,0,0,0,0,0,0,0,0,0,0,0,0,0,0,0,0
0,0,0,0,-1.2816237461508113,0,0,-0.6497322446408307,-0.9890226887696979,1,1.9514872395044898,-1.109762475828853,1,1,0.0,0,0,0,0,0,0,0,0,0,0,0,0,0,0,0,0,0,0,1,0
1,0,1,1,0.5094285867473239,2,1,0.6444254711958629,0.683946446782554,1,-0.44857999227120066,2.1256330164452777,0,1,2.0,0,0,0,0,0,1,0,1,0,1,0,1,0,1,0,1,0,0,1,0
1,0,1,1,-0.06045170099299184,0,0,-0.35108046406313215,-0.2862369946533855,1,-0.46415620830093296,-0.031297311737476054,0,1,2.0,0,0,0,0,0,0,0,0,0,1,0,1,0,0,0,0,0,0,1,0
1,0,0,0,-1.0373893371192475,2,0,-1.5091857020810966,-0.9363680617950421,1,-0.37976613180031893,-1.109762475828853,0,1,1.0,0,0,0,1,1,0,1,0,1,0,1,0,1,0,1,0,0,0,1,0
0,0,1,1,0.020959768684196134,1,0,-1.4876164068171518,-0.7546876593045734,1,-0.5916674652434762,-1.109762475828853,0,1,2.0,0,0,0,1,1,0,1,0,1,0,1,0,1,0,1,0,0,0,1,0
1,0,1,1,0.30589991255435406,0,1,1.4989013989598339,0.9520681952230827,1,-0.3505023619679775,1.5864004343995892,0,0,2.0,0,1,1,0,0,1,0,1,0,0,0,1,0,1,0,1,1,0,0,0
1,0,1,0,0.020959768684196134,1,1,1.0243769031530463,0.32356940399684714,1,-0.33526896867369393,0.5079352703082123,0,1,2.0,0,0,1,0,0,0,0,0,0,1,0,0,0,1,0,1,0,1,0,1
0,0,1,1,-1.2816237461508113,0,1,-0.6829157758161306,-0.9894614773278201,1,1.8939076563910644,-1.109762475828853,1,0,0.0,0,0,0,0,0,0,0,0,0,0,0,0,0,0,0,0,0,0,0,1
0,0,1,1,1.5677776925507676,2,0,-1.4876164068171518,-0.39918116951402227,1,-0.6275982541176872,-1.109762475828853,0,0,3.0,0,0,0,1,1,0,1,0,1,0,1,0,1,0,1,0,0,0,0,0
1,0,0,0,-1.2002122764736234,0,0,-0.38260481867966706,-0.9261223489628904,1,0.877628014439107,-0.5705298937831644,1,0,0.0,0,0,0,0,0,0,0,0,0,0,0,0,0,1,0,0,1,0,0,1
0,0,0,0,-0.22327464034736777,0,1,0.9828974891839214,0.18660155557902366,1,-0.27087902730546637,-0.031297311737476054,0,1,2.0,0,1,1,0,0,0,0,0,0,0,0,0,0,1,0,1,0,0,1,1
0,0,0,0,1.1607203441648277,1,1,1.664819054836333,2.05981184963031,1,-0.445959434806922,2.1256330164452777,0,1,3.0,0,1,1,0,0,1,0,1,0,1,0,1,0,1,0,1,0,0,1,0
1,0,0,0,0.631545791263106,1,0,-1.4925939364934466,-0.5681586432468552,1,-0.6128606227255604,-1.109762475828853,0,0,2.0,0,0,0,1,1,0,1,0,1,0,1,0,1,0,1,0,0,0,0,0
0,0,0,0,0.346605647392948,2,0,-1.4909347599346818,-0.6533713812341732,1,-0.6049091564860875,-1.109762475828853,0,1,2.0,0,0,0,1,1,0,1,0,1,0,1,0,1,0,1,0,0,0,1,0
0,0,1,0,-0.9559778674420595,0,1,0.35904710308828447,-0.7211203346082302,1,0.2125838294790443,-0.5705298937831644,1,0,1.0,0,0,1,0,0,0,0,0,0,1,0,0,0,0,0,0,0,0,0,1
0,0,0,0,-0.8745663977648716,1,1,-0.8139907239585651,-0.8234897052181237,0,-0.2720443283922857,0.5079352703082123,0,0,1.0,1,0,0,0,0,0,0,1,0,1,0,1,0,0,0,0,1,0,0,0
0,0,0,0,-1.2002122764736234,0,1,-0.1552976301288631,-0.934108300720713,1,1.0748380866025886,-0.5705298937831644,1,1,0.0,0,1,0,0,0,0,0,0,0,0,0,0,0,1,0,0,0,1,0,0
1,1,1,1,1.3642490183577978,2,0,0.48016699187812906,1.2528577518158042,1,-0.5232746487429027,1.5864004343995892,0,0,3.0,0,1,0,0,0,1,0,1,0,1,0,1,0,1,0,0,1,0,0,1
1,0,0,0,1.4863662228735797,1,1,1.319710330613215,2.1592852157565976,1,-0.487501644632903,1.0471678523539008,0,0,3.0,0,1,1,0,0,0,0,1,0,0,0,1,0,1,0,1,0,0,0,1
1,0,1,0,0.22448844287716607,1,1,1.518811517665014,0.9342972586191364,1,-0.332871990553135,1.5864004343995892,0,1,2.0,0,1,1,0,0,1,0,0,0,1,0,1,0,1,0,1,0,1,0,0
1,0,0,0,-1.2816237461508113,0,1,0.16326426915401518,-0.9782723690957057,1,3.36218702578341,-1.109762475828853,1,1,0.0,0,0,1,0,0,0,0,0,0,0,0,0,0,0,0,0,0,1,0,1
1,0,1,1,0.631545791263106,2,0,1.5553134019578436,1.379689584541006,1,-0.3969959407268618,2.1256330164452777,0,0,2.0,0,1,1,0,0,1,0,1,0,1,0,1,0,1,0,1,1,0,0,0
0,0,1,0,-0.5489205190561197,0,0,-0.6646648336697157,-0.6404929370532886,1,-0.4012145265100699,-1.109762475828853,0,1,1.0,0,0,0,0,0,0,0,0,0,0,0,0,0,0,0,0,0,0,1,0
0,0,1,1,-0.6710377235719016,0,0,-1.5125040551986266,-0.8878599866946404,1,-0.5286686272487873,-1.109762475828853,0,1,1.0,0,0,0,1,1,0,1,0,1,0,1,0,1,0,1,0,0,0,1,0
0,0,0,0,-0.5896262538947137,0,1,-0.14368339421750811,-0.5015286006960095,1,-0.2924497245131838,-0.031297311737476054,0,1,1.0,0,1,0,0,0,1,0,0,0,1,0,0,0,0,0,0,0,0,1,0
1,0,1,1,-0.30468611002455576,1,0,-1.4942531130522119,-0.7871360731777051,1,-0.5716058005387986,-1.109762475828853,0,1,2.0,0,0,0,1,1,0,1,0,1,0,1,0,1,0,1,0,0,1,0,0
1,0,1,1,0.9164859351332638,0,0,0.48016699187812906,0.8508616142922129,1,-0.4964676082891364,-0.031297311737476054,0,1,3.0,0,0,1,0,0,0,0,1,0,0,0,1,0,0,0,0,0,1,0,0
1,0,0,0,-1.2002122764736234,0,1,-0.6497322446408307,-0.9468331689062549,1,0.64587019240757,-1.109762475828853,1,1,0.0,0,0,0,0,0,0,0,0,0,0,0,0,0,0,0,0,0,1,0,1
1,1,0,0,-0.9966836022806536,0,1,0.5415565245524336,-0.7518135942488734,1,0.37988450708083027,-0.5705298937831644,1,1,1.0,0,1,1,0,0,0,0,0,0,1,0,0,0,0,0,0,0,1,0,1
0,0,0,0,0.26519417771576004,1,0,-0.18682198474539805,-0.03957200670502908,1,-0.4890233907580435,-0.031297311737476054,0,1,2.0,0,0,0,0,0,0,0,0,0,0,0,1,0,0,0,1,0,1,0,0
0,0,0,0,-1.1188008067964355,0,0,-1.4859572302583868,-0.9571666394500312,1,-0.2730039881108428,-1.109762475828853,0,1,0.0,0,0,0,1,1,0,1,0,1,0,1,0,1,0,1,0,0,0,1,0
0,0,0,0,1.1607203441648277,1,1,1.7809614139498826,2.2230631326796497,1,-0.4394585141328256,2.1256330164452777,0,1,3.0,0,1,1,0,0,1,0,1,0,1,0,1,0,1,0,1,0,1,0,0
0,0,0,0,-1.2816237461508113,0,1,-0.9682941439237093,-0.9932350589276703,0,1.3987232416156063,-0.5705298937831644,1,1,0.0,1,0,0,0,0,0,0,0,0,0,0,0,0,1,0,0,0,1,0,1
1,0,0,0,-1.1595065416350294,0,0,-1.3167212212643575,-0.9642091958078912,1,-0.07819306524375372,-1.109762475828853,0,1,0.0,0,1,0,1,1,0,1,0,1,0,1,0,1,0,1,0,0,0,1,0
0,0,1,0,1.2421318138420157,1,1,0.49012205123071895,1.0911861075757043,1,-0.5163377054974747,1.0471678523539008,0,0,3.0,0,1,0,0,0,1,0,1,0,0,0,0,0,1,0,1,1,0,0,0
1,0,0,0,-0.8338606629262776,1,0,-1.3266762806169474,-0.8858854381830907,1,-0.438729839507817,-1.109762475828853,0,0,1.0,0,1,0,1,1,0,1,0,1,0,1,0,1,0,1,0,1,0,0,0
0,0,1,0,-1.2002122764736234,0,1,0.33913698438310474,-0.9138143299075645,1,1.5038059807976076,-1.109762475828853,1,0,0.0,0,1,1,0,0,0,0,0,0,0,0,0,0,0,0,0,1,0,0,1
0,0,1,1,-0.7117434584104956,0,1,1.3412796258771595,-0.32474069062860256,1,0.09850428043557029,1.0471678523539008,0,0,1.0,0,1,1,0,0,0,0,1,0,1,0,0,0,1,0,1,0,0,0,0
1,0,0,1,0.7129572609402939,1,1,-0.7260543663440205,-0.04005467411896338,0,-0.5625389702566845,0.5079352703082123,0,0,3.0,1,0,0,0,0,1,0,1,0,0,0,0,0,1,0,0,0,0,0,0
1,0,1,0,0.387311382231542,0,1,1.0061259610066313,0.7283957277203259,1,-0.4046559108961513,0.5079352703082123,0,0,2.0,0,1,1,0,0,0,0,1,0,1,0,0,0,1,0,0,0,0,0,1
0,0,1,0,-0.9152721326034655,0,1,-1.4925939364934466,-0.9265391980931063,1,-0.4508900032142887,-1.109762475828853,0,0,1.0,0,0,0,1,1,0,1,0,1,0,1,0,1,0,1,0,0,0,0,0
1,0,1,1,0.9164859351332638,1,0,-0.18184445506910288,0.3763337281110335,1,-0.537493061257452,-0.031297311737476054,0,0,3.0,0,0,0,0,0,1,0,0,0,0,0,0,0,0,0,1,1,0,0,0
0,0,0,0,-0.38609757970174374,0,1,0.3341594547068096,-0.22853629926032518,1,-0.2998744602304413,-0.5705298937831644,0,0,1.0,0,0,1,0,0,1,0,0,0,0,0,0,0,0,0,0,0,0,0,0
1,0,1,0,-0.9559778674420595,0,1,0.1367174442137754,-0.7219759722965684,1,0.13542718810705426,0.5079352703082123,1,0,1.0,0,1,0,0,0,0,0,1,0,1,0,0,0,0,0,1,1,0,0,0
0,1,1,0,1.0793088744876398,1,1,0.9663057235962715,1.3973508240054218,1,-0.4792348616287612,1.0471678523539008,0,1,3.0,0,1,1,0,0,1,0,1,0,1,0,1,0,0,0,0,0,1,0,0
0,0,1,0,1.6084834273893616,2,0,0.6693131195773377,1.6919973407844333,1,-0.5254996622796922,2.1256330164452777,0,1,3.0,0,0,0,0,0,1,0,1,0,1,0,1,0,1,0,1,0,0,1,0
0,0,0,0,-1.2816237461508113,0,1,1.026036079711811,-0.9668638665845303,1,4.859256186732469,0.5079352703082123,0,1,0.0,0,0,1,0,0,0,0,0,0,0,0,1,0,1,0,1,0,1,0,0
0,0,1,1,-0.3453918448631497,2,1,-1.4544328756418519,-0.7936301438379125,1,-0.5625525183938876,-1.109762475828853,0,0,1.0,0,0,0,1,1,0,1,0,1,0,1,0,1,0,1,0,1,0,0,0
0,0,1,1,1.0386031396490458,0,1,0.06205449906935077,0.7332443412875755,1,-0.5293632563172542,-0.031297311737476054,0,0,3.0,0,1,0,0,0,0,0,1,0,0,0,0,0,1,0,0,0,0,0,0
1,0,1,1,-0.06045170099299184,1,1,0.34245533750063456,0.01981802463680142,1,-0.3889428778590211,1.0471678523539008,0,0,2.0,0,1,0,0,0,1,0,1,0,0,0,1,0,0,0,1,0,0,0,0
0,0,1,0,-0.6710377235719016,0,0,-1.5042081724048018,-0.8709446877790322,1,-0.5269751100983924,-1.109762475828853,0,1,1.0,0,0,0,1,1,0,1,0,1,0,1,0,1,0,1,0,0,0,1,0
1,0,1,0,0.18378270803857208,1,0,0.4751894622018339,0.26874277365948684,1,-0.41957938301887815,1.0471678523539008,0,1,2.0,0,1,0,0,0,1,0,0,0,1,0,0,0,1,0,1,0,0,1,0
1,0,1,1,-0.6303319887333076,0,1,0.13505826765501053,-0.5044684840354277,1,-0.21830338415308867,-1.109762475828853,0,1,1.0,0,0,1,0,0,0,0,0,0,0,0,0,0,0,0,0,0,1,0,1
1,0,1,0,0.6722515261016999,0,1,0.9596690173612115,1.0679083745673255,1,-0.443593099681551,0.5079352703082123,0,0,3.0,0,1,1,0,0,1,0,1,0,0,0,0,0,1,0,0,0,0,0,0
1,0,0,0,-1.2409180113122174,0,1,-0.6563689508758908,-0.9657010769055066,1,1.0733985970247533,-1.109762475828853,1,1,0.0,0,0,0,0,0,0,0,0,0,0,0,0,0,0,0,0,0,1,0,1
1,1,0,0,0.590840056424512,0,0,0.6825865320474579,0.7647932386165568,1,-0.4546195898477719,-0.031297311737476054,0,1,2.0,0,0,1,0,0,1,0,0,0,0,0,0,0,0,0,1,0,0,1,1
0,0,0,0,-1.2816237461508113,0,1,0.15165003324266044,-0.9784259450910484,1,3.3420341716937116,-1.109762475828853,1,1,0.0,0,0,1,0,0,0,0,0,0,0,0,0,0,0,0,0,0,1,0,1
1,0,1,0,0.9571916699718578,0,0,0.8219573629837174,1.164376039070476,1,-0.4785226931007794,-0.031297311737476054,0,1,3.0,0,0,1,0,0,0,0,0,0,0,0,0,0,1,0,1,0,0,1,0
0,0,1,1,0.5501343215859179,1,0,0.8634367769528422,0.8500498554596871,1,-0.43690161706526304,0.5079352703082123,0,0,2.0,0,0,1,0,0,0,0,0,0,1,0,1,0,0,0,1,0,0,0,0
1,0,1,1,1.6084834273893616,2,0,0.8219573629837174,1.7726905566230935,1,-0.5182430572845756,2.1256330164452777,0,0,3.0,0,1,0,0,0,1,0,1,0,1,0,1,0,1,0,1,1,0,0,0
1,0,0,0,0.428017117070136,1,1,1.1637477340893057,0.8390582020787276,1,-0.3980214769010526,0.5079352703082123,0,1,2.0,0,1,1,0,0,0,0,0,0,0,0,1,0,1,0,1,0,1,0,1
0,0,0,0,-1.2816237461508113,0,0,0.18483356441796028,-0.9779871565329262,1,3.399613754807137,-1.109762475828853,1,1,0.0,0,0,1,0,0,0,0,0,0,0,0,0,0,0,0,0,0,1,0,1
1,1,1,0,1.6084834273893616,2,1,1.550335872281549,2.5114130336496086,1,-0.4836164312752691,1.5864004343995892,0,0,3.0,0,1,1,0,0,0,0,1,0,1,0,1,0,1,0,1,0,0,0,0
1,1,0,0,-0.8338606629262776,0,1,-1.1806687434456282,-0.8416555515243799,0,-0.39975289093872907,-0.5705298937831644,0,0,1.0,1,0,0,0,0,0,0,1,0,0,0,0,0,0,0,0,1,0,0,0
1,1,1,0,1.4456604880349857,2,1,-0.7625562506368502,0.29241541637017576,0,-0.5897334195702716,0.5079352703082123,0,1,3.0,1,0,0,0,0,1,0,1,0,1,0,0,0,0,0,0,0,1,0,0
1,1,0,0,0.346605647392948,0,1,1.1106540842088262,0.8286150343954208,1,-0.3899453795292995,0.5079352703082123,0,1,2.0,0,1,1,0,0,0,0,0,0,1,0,0,0,1,0,1,0,1,0,1
0,0,1,1,1.0386031396490458,0,1,0.8833468956580218,1.4095272064933109,1,-0.48105496201022796,0.5079352703082123,0,1,3.0,0,0,1,0,0,0,0,1,0,1,0,0,0,1,0,0,0,1,0,0
0,0,0,1,0.26519417771576004,0,0,-1.1557810950641534,-0.5125202540769689,0,-0.5730895821036445,-0.5705298937831644,0,0,2.0,1,0,0,0,0,0,0,0,0,1,0,0,0,0,0,0,1,0,0,1
1,0,0,1,0.631545791263106,1,1,0.458597696614184,0.6068951759763076,1,-0.47466962325333967,1.0471678523539008,0,0,2.0,0,1,0,0,0,1,0,0,0,1,0,0,0,1,0,1,1,0,0,0
1,0,1,1,-0.30468611002455576,0,1,-1.3117436915880627,-0.7689702268714488,1,-0.5472452076831186,-1.109762475828853,0,0,2.0,0,1,0,1,1,0,1,0,1,0,1,0,1,0,1,0,0,0,0,0
1,0,1,1,-0.6710377235719016,2,0,-1.4743429943470319,-0.8814317343181511,1,-0.5208784483569708,-1.109762475828853,0,1,1.0,0,0,0,1,1,0,1,0,1,0,1,0,1,0,1,0,0,0,1,0
1,0,0,0,-0.3453918448631497,0,1,0.8169798333074222,-0.049225354983715976,1,-0.2472467212647705,0.5079352703082123,0,1,1.0,0,0,1,0,0,0,0,1,0,1,0,0,0,0,0,1,0,1,0,0
1,0,0,0,0.428017117070136,1,1,0.8534817176002523,0.6945870693170157,1,-0.4224927997242584,1.0471678523539008,0,0,2.0,0,0,1,0,0,1,0,1,0,1,0,1,0,0,0,0,1,0,0,0
0,0,0,0,-1.2816237461508113,0,0,-0.9915226157464192,-0.9935422109183557,0,1.3584175334362083,-0.5705298937831644,1,1,0.0,1,0,0,0,0,0,0,0,0,0,0,0,0,0,0,1,0,0,1,1
1,0,0,1,-1.2002122764736234,0,1,-0.3394662281517771,-0.9345690287067414,1,0.9150547434628336,-0.5705298937831644,1,0,0.0,0,0,0,0,0,0,0,0,0,0,0,0,0,1,0,0,1,0,0,1
0,0,0,0,-1.2002122764736234,0,1,0.17653768162413533,-0.908132018079883,1,1.3627360021697155,-1.109762475828853,1,1,0.0,0,0,1,0,0,0,0,0,0,0,0,0,0,0,0,0,0,1,0,0
1,0,1,0,0.9978974048104517,0,0,-0.3062826969764773,0.38274004105961656,1,-0.5491543450542534,-0.031297311737476054,0,1,3.0,0,0,0,0,0,1,0,0,0,0,0,1,0,0,0,0,0,1,0,0
0,1,1,0,0.9978974048104517,0,0,0.9646465470375066,1.377627278317832,1,-0.47310958528721236,0.5079352703082123,0,0,3.0,0,1,1,0,0,0,0,1,0,1,0,0,0,0,0,1,1,0,0,0
0,0,0,1,-1.2816237461508113,0,0,-0.3461029343868372,-0.9850077734628804,1,2.4783404249923313,-0.031297311737476054,0,1,0.0,0,0,0,0,0,1,0,0,0,0,0,1,0,0,0,0,0,1,0,0
0,0,0,0,-0.9559778674420595,0,0,-0.6563689508758908,-0.8261882548505748,1,-0.13980321917511884,-1.109762475828853,1,1,1.0,0,0,0,0,0,0,0,0,0,0,0,0,0,0,0,0,0,1,0,1
1,1,1,0,-1.0780950719578415,0,1,1.0227177265942813,-0.7571668146579634,1,0.915466026199358,0.5079352703082123,1,1,0.0,0,0,1,0,0,0,0,0,0,1,0,0,0,1,0,1,0,1,0,1
1,0,1,1,1.2421318138420157,2,1,1.3230286837307448,1.8858760651906972,1,-0.47117371999288166,1.0471678523539008,0,0,3.0,0,1,1,0,0,0,0,1,0,1,0,0,0,1,0,1,0,0,0,0
0,1,0,0,-0.7524491932490895,0,1,0.5116913464946635,-0.544639576531509,1,-0.04287758760085284,-0.5705298937831644,0,0,1.0,0,1,1,0,0,0,0,0,0,1,0,0,0,0,0,0,0,0,0,0
1,0,0,1,-0.38609757970174374,0,1,-0.3195561094465974,-0.4454294835400949,1,-0.39440094250831453,-0.031297311737476054,0,0,1.0,0,0,0,0,0,0,0,1,0,0,0,1,0,0,0,0,0,0,0,0
0,0,1,0,1.5677776925507676,2,1,-1.3432680462045974,-0.27105491054235975,1,-0.6206407211581483,-1.109762475828853,0,0,3.0,0,1,0,1,1,0,1,0,1,0,1,0,1,0,1,0,1,0,0,0
0,0,1,1,0.428017117070136,0,1,0.9165304268333218,0.7633452363747537,1,-0.41752001754628076,-0.031297311737476054,0,0,2.0,0,1,1,0,0,0,0,0,0,1,0,0,0,0,0,1,0,0,0,0
0,1,0,0,-0.6303319887333076,0,1,0.8037064208373025,-0.35209915722751745,1,-0.08938909529358632,0.5079352703082123,0,1,1.0,0,0,1,0,0,0,0,1,0,1,0,0,0,1,0,0,0,1,0,1
0,0,1,1,-0.7117434584104956,0,0,-0.618207890024296,-0.7283384063893393,1,-0.3265050174204005,-1.109762475828853,0,1,1.0,0,0,0,0,0,0,0,0,0,0,0,0,0,0,0,0,0,1,0,0
1,0,0,0,0.1023712383613841,2,0,-0.3212152860053623,-0.1646486851977428,1,-0.4830095231884191,-0.5705298937831644,0,1,2.0,0,1,0,0,0,1,0,0,0,0,0,0,0,0,0,0,0,0,1,0
0,0,1,1,-0.06045170099299184,0,1,1.303118565025565,0.4142669989606917,1,-0.2847598196631671,1.0471678523539008,0,1,2.0,0,1,1,0,0,0,0,0,0,1,0,1,0,1,0,1,0,1,0,1
1,0,1,1,1.5677776925507676,2,0,0.8435266582476619,1.7665255773814774,1,-0.5152380954032948,2.1256330164452777,0,1,3.0,0,1,0,0,0,1,0,1,0,1,0,1,0,1,0,1,0,1,0,0
0,0,0,0,0.06166550352279012,0,1,0.29931674697274485,0.09877802567087896,1,-0.4164319877614751,-0.5705298937831644,0,0,2.0,0,0,1,0,0,0,0,1,0,0,0,0,0,0,0,0,1,0,0,1
0,0,0,0,-0.7117434584104956,0,1,-0.009290092957543614,-0.5725245894001704,1,-0.19443184865398105,-0.031297311737476054,0,0,1.0,0,1,0,0,0,1,0,0,0,0,0,0,0,0,0,1,0,0,0,1
1,0,1,1,1.4456604880349857,2,0,-1.3117436915880627,-0.2979965280110586,1,-0.61735492973048,-1.109762475828853,0,0,3.0,0,1,0,1,1,0,1,0,1,0,1,0,1,0,1,0,0,0,0,0
1,0,1,1,-0.2639803751859618,1,1,0.5664441729339085,-0.09488130445632387,1,-0.3100042017040994,1.0471678523539008,0,0,2.0,0,1,0,0,0,0,0,0,0,1,0,1,0,1,0,1,1,0,0,0
1,0,0,1,-1.2816237461508113,0,1,0.18317438785919538,-0.9780090959608324,1,3.396734775651466,1.0471678523539008,0,0,0.0,0,0,0,0,0,1,0,1,0,0,0,1,0,0,0,1,0,0,0,0
0,1,0,0,0.9978974048104517,2,0,0.16326426915401518,0.747548848282357,1,-0.5210594795006339,1.0471678523539008,0,0,3.0,0,0,0,0,0,1,0,0,0,1,0,1,0,1,0,0,0,0,0,0
0,0,0,0,0.26519417771576004,1,1,1.0160810203592212,0.6114585769807778,1,-0.3846603963649601,1.0471678523539008,0,1,2.0,0,0,1,0,0,1,0,0,0,1,0,1,0,1,0,0,0,1,0,1
1,0,1,1,0.5501343215859179,1,0,-1.3283354571757127,-0.49343295179865615,1,-0.5987369985393799,-1.109762475828853,0,1,2.0,0,1,0,1,1,0,1,0,1,0,1,0,1,0,1,0,0,1,0,0
1,0,0,0,1.2828375486806096,2,1,1.309755271260625,1.9277364936355483,1,-0.47478351693422327,1.0471678523539008,0,0,3.0,0,1,1,0,0,0,0,1,0,1,0,0,0,1,0,1,0,0,0,0
0,0,1,0,-1.2002122764736234,0,0,0.9945117250952766,-0.8890447158015701,1,2.072404364042683,-0.031297311737476054,1,1,0.0,0,1,1,0,0,0,0,0,0,0,0,0,0,1,0,1,0,1,0,0
0,0,0,0,-1.1595065416350294,0,1,-1.4859572302583868,-0.9788866730770767,1,-0.19565541479514148,-1.109762475828853,0,0,0.0,0,0,0,1,1,0,1,0,1,0,1,0,1,0,1,0,1,0,0,0
1,0,1,1,1.5677776925507676,2,1,0.873391836305432,1.882519332721063,1,-0.513798605825459,2.1256330164452777,0,1,3.0,0,1,0,0,0,1,0,1,0,1,0,1,0,1,0,1,0,0,1,0
0,0,1,0,-0.3453918448631497,0,1,1.1405192622665956,0.057926810909708526,1,-0.20233464643629873,1.0471678523539008,0,0,1.0,0,0,1,0,0,0,0,1,0,1,0,0,0,1,0,1,1,0,0,1
0,0,0,0,0.428017117070136,2,1,-1.5025489958460367,-0.6669957659638653,1,-0.6083178179539493,-1.109762475828853,0,0,2.0,0,0,0,1,1,0,1,0,1,0,1,0,1,0,1,0,0,0,0,0
0,0,0,0,-0.6303319887333076,0,1,0.13505826765501053,-0.5227440274812145,1,-0.21830338415308867,0.5079352703082123,0,1,1.0,0,1,0,0,0,0,0,0,0,1,0,1,0,1,0,0,0,0,1,0
1,1,1,0,0.06166550352279012,0,1,0.6726314726948681,0.2523540210136251,1,-0.3794165414742732,-0.031297311737476054,0,0,2.0,0,0,1,0,0,0,0,0,0,1,0,0,0,1,0,0,1,0,0,0
1,0,0,0,-0.9152721326034655,0,1,-0.6663240102284806,-0.8178732116741603,1,-0.19021152693714483,-1.109762475828853,1,0,1.0,0,0,0,0,0,0,0,0,0,0,0,0,0,0,0,0,1,0,0,1
0,1,0,0,0.30589991255435406,0,1,0.8833468956580218,0.6030118972369267,1,-0.4026048627852477,-0.031297311737476054,0,1,2.0,0,0,1,0,0,0,0,0,0,0,0,0,0,1,0,1,0,1,0,0
0,1,0,0,0.7943687306174818,2,0,-0.168571042598983,0.3527488431119689,1,-0.5297039094312928,-0.031297311737476054,0,0,3.0,0,1,0,0,0,1,0,0,0,1,0,0,0,0,0,0,0,0,0,0
0,0,1,1,0.7536629957788878,0,1,0.9580098408024466,0.9828930914311625,1,-0.4520174356109152,0.5079352703082123,0,1,3.0,0,1,1,0,0,1,0,1,0,0,0,0,0,0,0,1,0,1,0,0
1,0,0,0,-0.7931549280876836,0,0,1.1886353824707805,-0.432682675926647,1,0.16898785940745079,0.5079352703082123,0,1,1.0,0,1,1,0,0,0,0,0,0,0,0,1,0,1,0,1,0,1,0,0
0,0,0,1,-0.5896262538947137,0,0,-0.004312563281248919,-0.49698713911944536,1,-0.266993487768301,-0.031297311737476054,0,1,1.0,0,1,0,0,0,1,0,0,0,0,0,0,0,0,0,1,0,1,0,0
0,0,1,1,-0.10115743583158582,1,1,-0.014267622633838777,-0.13786064372438658,1,-0.42014149270122486,0.5079352703082123,0,1,2.0,0,0,0,0,0,0,0,0,0,1,0,1,0,1,0,0,0,1,0,0
1,0,0,0,-1.1595065416350294,0,1,0.3275227484717495,-0.8676757130210223,1,1.0630342720643366,-0.5705298937831644,1,0,0.0,0,0,1,0,0,0,0,0,0,1,0,0,0,0,0,0,0,0,0,1
1,0,0,0,-1.1595065416350294,0,1,-0.03915527101531366,-0.9096677780333104,1,0.8085325147029966,0.5079352703082123,0,0,0.0,0,0,0,0,0,0,0,1,0,0,0,1,0,1,0,0,0,0,0,0
1,0,0,0,-1.2816237461508113,0,1,-1.4842980536996218,-1.0000582210064695,1,0.5033607242018422,-1.109762475828853,0,1,0.0,0,0,0,1,1,0,1,0,1,0,1,0,1,0,1,0,0,0,1,1
0,0,1,1,0.22448844287716607,1,0,-1.5042081724048018,-0.6740822011775378,1,-0.6018719916625221,-1.109762475828853,0,0,2.0,0,0,0,1,1,0,1,0,1,0,1,0,1,0,1,0,1,0,0,0
0,0,0,0,1.6084834273893616,2,1,0.6560397071072182,1.7050513003885668,1,-0.5261306714097024,-0.031297311737476054,0,0,3.0,0,1,1,0,0,1,0,0,0,0,0,1,0,0,0,0,0,0,0,0
0,0,1,0,1.6084834273893616,2,0,0.5150096996121938,1.508671481201007,1,-0.5328351434160601,-0.5705298937831644,0,0,3.0,0,1,1,0,0,1,0,0,0,0,0,0,0,0,0,0,0,0,0,0
0,0,0,0,-1.2816237461508113,0,1,-0.34112540471054226,-0.9849419551791619,1,2.486977362459345,-0.5705298937831644,1,1,0.0,0,0,0,0,0,0,0,0,0,0,0,0,0,1,0,0,0,1,0,0
1,0,1,1,0.9571916699718578,2,1,1.2699350338502653,1.568412543389335,1,-0.4512481537312621,1.0471678523539008,0,1,3.0,0,1,1,0,0,0,0,0,0,1,0,1,0,1,0,1,0,1,0,0
1,1,0,0,-0.7117434584104956,0,0,0.35572874997075465,-0.5057848497097941,1,-0.11525992187302121,-1.109762475828853,0,1,1.0,0,1,1,0,0,0,0,0,0,0,0,0,0,0,0,0,0,1,0,1
0,0,0,0,1.3235432835192036,2,0,-1.2752418072952327,-0.2636174444821896,1,-0.6135087046134172,-1.109762475828853,0,0,3.0,0,1,0,1,1,0,1,0,1,0,1,0,1,0,1,0,0,0,0,0
1,0,1,1,-1.1188008067964355,0,0,-0.017585975751368575,-0.8698696558116329,1,0.5762948628121811,0.5079352703082123,0,0,0.0,0,1,0,0,0,1,0,1,0,0,0,1,0,0,0,0,1,0,0,0
1,0,1,1,1.6084834273893616,2,1,-1.3183803978231226,-0.21958501267463365,1,-0.6199932794987107,-1.109762475828853,0,0,3.0,0,1,0,1,1,0,1,0,1,0,1,0,1,0,1,0,0,0,0,0
0,0,1,0,1.6084834273893616,2,1,1.0924031420624107,1.992962412800404,1,-0.505386246260619,0.5079352703082123,0,1,3.0,0,1,1,0,0,0,0,0,0,1,0,0,0,1,0,1,0,1,0,0
1,0,0,0,0.06166550352279012,0,1,-0.5020655309107466,-0.2479746323851356,1,-0.4958918124580021,-0.5705298937831644,0,1,2.0,0,0,0,0,0,0,0,1,0,0,0,0,0,0,0,0,0,1,0,0
1,1,1,0,1.2828375486806096,0,1,0.9729424298313315,1.6595269874833956,1,-0.49276606366041614,0.5079352703082123,0,1,3.0,0,1,1,0,0,0,0,1,0,1,0,0,0,0,0,1,0,1,0,0
1,0,1,0,1.3235432835192036,2,1,-1.477661347464562,-0.38827727384468724,1,-0.6241522033101412,-1.109762475828853,0,0,3.0,0,0,0,1,1,0,1,0,1,0,1,0,1,0,1,0,1,0,0,0
0,0,0,0,0.8757802002946699,2,1,1.0708338467984662,1.2418222195790323,1,-0.45622920092116986,0.5079352703082123,0,0,3.0,0,1,1,0,0,0,0,1,0,0,0,0,0,1,0,1,0,0,0,0
1,0,0,0,-1.2816237461508113,0,0,-1.4793205240233267,-0.9999924027227513,1,0.5119976616688562,-1.109762475828853,0,1,0.0,0,0,0,1,1,0,1,0,1,0,1,0,1,0,1,0,0,0,1,0
1,0,0,0,-0.8745663977648716,0,0,0.659358060224748,-0.6189484188494919,1,0.15404458664706183,-0.031297311737476054,1,1,1.0,0,0,1,0,0,0,0,0,0,1,0,0,0,0,0,1,0,1,0,0
0,0,0,0,-1.0780950719578415,0,0,-0.32453363912289235,-0.8672369244629001,1,0.24754286208362392,-0.031297311737476054,1,1,0.0,0,0,0,0,0,1,0,1,0,0,0,0,0,0,0,0,0,0,1,0
0,0,1,0,1.4863662228735797,2,0,-1.3499047524396575,-0.2885186951556206,1,-0.6198524292464764,-1.109762475828853,0,0,3.0,0,1,0,1,1,0,1,0,1,0,1,0,1,0,1,0,0,0,0,0
1,0,0,0,-1.2002122764736234,0,1,-1.4743429943470319,-0.9751569703330386,1,-0.06955612777673989,-1.109762475828853,0,1,0.0,0,0,0,1,1,0,1,0,1,0,1,0,1,0,1,0,0,1,0,0
1,0,1,1,1.6084834273893616,2,1,0.010620025747636104,0.9563463836647735,0,-0.5568134903564455,2.1256330164452777,0,0,3.0,1,0,0,0,0,1,0,1,0,1,0,1,0,1,0,1,1,0,0,0
1,0,1,1,0.7943687306174818,1,1,0.12676238486118555,0.5193129797751301,1,-0.5103658607630103,1.0471678523539008,0,1,3.0,0,0,0,0,0,0,0,1,0,1,0,1,0,1,0,0,0,1,0,0
0,1,0,0,0.1023712383613841,0,1,1.1322233794727707,0.5507960588203931,1,-0.3428992042790841,0.5079352703082123,0,1,2.0,0,1,1,0,0,1,0,0,0,0,0,0,0,1,0,1,0,1,0,0
1,0,1,0,1.2828375486806096,1,1,1.2450473854687905,1.9108211947199405,1,-0.47823829192102885,1.5864004343995892,0,0,3.0,0,0,1,0,0,0,0,1,0,1,0,1,0,1,0,1,1,0,0,0
1,0,1,1,1.3642490183577978,1,1,-1.4793205240233267,-0.4123887051134984,1,-0.624769406439851,-1.109762475828853,0,1,3.0,0,0,0,1,1,0,1,0,1,0,1,0,1,0,1,0,0,1,0,0
0,0,1,0,-0.1825689055087738,0,1,1.3230286837307448,0.32765013758738304,1,-0.24358545397990303,1.0471678523539008,0,1,2.0,0,1,1,0,0,0,0,0,0,1,0,1,0,1,0,1,0,1,0,1
1,0,0,0,0.5094285867473239,1,0,1.5685868144279638,1.1989964563063125,1,-0.37885862750124866,2.1256330164452777,0,0,2.0,0,0,1,0,0,1,0,1,0,1,0,1,0,1,0,1,1,0,0,0
1,0,0,0,0.46872285190873,2,0,-1.477661347464562,-0.6115767710730401,1,-0.6075413659998441,-1.109762475828853,0,0,2.0,0,0,0,1,1,0,1,0,1,0,1,0,1,0,1,0,1,0,0,0
0,1,0,0,-1.2409180113122174,0,1,0.6842457086062228,-0.926670834660543,1,2.624208702213009,-0.5705298937831644,1,1,0.0,0,1,1,0,0,0,0,0,0,0,0,0,0,1,0,0,0,1,0,1
0,0,1,1,0.9164859351332638,1,1,0.3341594547068096,0.8400893551903144,1,-0.5055158284926746,1.0471678523539008,0,0,3.0,0,1,0,0,0,1,0,1,0,0,0,1,0,1,0,0,1,0,0,0
1,0,0,0,-1.2409180113122174,0,0,-0.6331404790531808,-0.9733798766726439,1,1.1002690691443517,-1.109762475828853,1,1,0.0,0,0,0,0,0,0,0,0,0,0,0,0,0,0,0,0,0,0,1,1
0,0,1,0,1.6084834273893616,2,1,1.2948226822317401,2.3069595049926006,1,-0.49576335702796426,1.5864004343995892,0,0,3.0,0,1,1,0,0,1,0,1,0,1,0,1,0,1,0,0,0,0,0,0
0,0,0,0,-1.2816237461508113,0,0,0.4851445215544238,-0.9740161200819208,1,3.920708981983636,-0.5705298937831644,1,1,0.0,0,0,1,0,0,0,0,0,0,0,0,0,0,1,0,0,0,1,0,1
1,0,1,1,0.18378270803857208,0,0,-0.8206274301936248,-0.37320488687319203,0,-0.5379205788388391,0.5079352703082123,0,0,2.0,1,0,0,0,0,1,0,1,0,1,0,0,0,0,0,0,0,0,0,1
1,0,0,0,1.2014260790034217,2,0,0.14833168012513065,0.8504447651619969,1,-0.5328889795124696,1.0471678523539008,0,0,3.0,0,1,0,0,0,1,0,1,0,1,0,1,0,0,0,0,0,0,0,0
0,0,1,1,-0.8745663977648716,2,0,-1.461069581876912,-0.9201548245724293,1,-0.4591779735109181,-1.109762475828853,0,0,1.0,0,0,0,1,1,0,1,0,1,0,1,0,1,0,1,0,1,0,0,0
1,0,0,0,1.3642490183577978,2,0,-1.5125040551986266,-0.46447290696259547,1,-0.6264881999656249,-1.109762475828853,0,0,3.0,0,0,0,1,1,0,1,0,1,0,1,0,1,0,1,0,0,0,0,0
0,1,1,0,-0.2639803751859618,1,0,-0.14036504109997808,-0.3080009071362432,1,-0.4008519883941705,-0.031297311737476054,0,1,2.0,0,0,0,0,0,0,0,0,0,1,0,0,0,0,0,1,0,0,1,0
1,0,0,0,-1.0373893371192475,1,0,-1.5075265255223318,-0.9524935413060305,1,-0.37904638701140114,-1.109762475828853,0,1,1.0,0,0,0,1,1,0,1,0,1,0,1,0,1,0,1,0,0,0,1,0
1,0,1,0,-0.9152721326034655,0,1,1.1587702044130104,-0.5741261676373162,1,0.3855843041971085,1.0471678523539008,0,1,1.0,0,0,1,0,0,0,0,1,0,0,0,1,0,1,0,1,0,1,0,1
0,0,1,1,1.6084834273893616,2,0,1.4109650413452897,2.3156475184434195,1,-0.4902420271403756,1.5864004343995892,0,1,3.0,0,1,1,0,0,1,0,0,0,1,0,1,0,1,0,1,0,0,1,0
1,0,0,0,-1.2816237461508113,0,1,0.1616050925952503,-0.9782943085236117,1,3.359308046627739,-1.109762475828853,1,1,0.0,0,0,1,0,0,0,0,0,0,0,0,0,0,0,0,0,0,1,0,1
0,0,1,1,-1.1595065416350294,0,0,-0.48547376532309666,-0.9136607539122218,1,0.4987543575527681,-0.5705298937831644,1,1,0.0,0,0,0,0,0,1,0,0,0,0,0,0,0,0,0,0,0,1,0,0
0,0,0,0,-0.8338606629262776,1,0,-1.5008898192872717,-0.8944418150664724,1,-0.48523642586866056,-1.109762475828853,0,1,1.0,0,0,0,1,1,0,1,0,1,0,1,0,1,0,1,0,0,0,1,0
1,0,0,0,-1.2816237461508113,0,0,-0.563455063585051,-0.9878818385185804,1,2.1011941555993956,-0.5705298937831644,1,1,0.0,0,0,0,0,0,1,0,0,0,0,0,0,0,0,0,0,0,1,0,0
0,0,1,0,0.5501343215859179,2,1,1.4590811615494745,1.1210895478117278,1,-0.3929206163467105,1.5864004343995892,0,0,2.0,0,1,1,0,0,0,0,1,0,1,0,1,0,1,0,1,1,0,0,0
1,0,0,0,-0.3453918448631497,0,1,-0.45892694038285664,-0.45183579648867805,1,-0.42436151892166685,-0.5705298937831644,0,0,1.0,0,0,0,0,0,0,0,0,0,0,0,1,0,0,0,0,1,0,0,0
1,0,0,1,-0.8745663977648716,0,1,0.4337100482327091,-0.6351616560721047,1,0.08878772578517981,-0.5705298937831644,1,1,1.0,0,1,1,0,0,0,0,0,0,1,0,0,0,0,0,0,0,0,1,0
1,0,1,1,-0.5082147842175256,2,0,-1.4892755833759168,-0.8334063266316838,1,-0.5497972697918089,-1.109762475828853,0,1,1.0,0,0,0,1,1,0,1,0,1,0,1,0,1,0,1,0,0,0,1,0
1,0,0,1,0.020959768684196134,0,1,1.0077851375653963,0.4281765962531634,1,-0.3369624858240888,0.5079352703082123,0,0,2.0,0,1,1,0,0,1,0,0,0,1,0,0,0,0,0,1,0,0,0,0
0,0,0,0,-0.7931549280876836,0,1,0.6477438243133932,-0.5444201822524479,1,0.0349096873004747,-0.031297311737476054,0,1,1.0,0,1,1,0,0,0,0,1,0,1,0,0,0,0,0,0,0,1,0,1
0,0,1,0,0.6722515261016999,2,1,-1.4859572302583868,-0.5818269068323596,1,-0.6133377106999289,-1.109762475828853,0,0,3.0,0,0,0,1,1,0,1,0,1,0,1,0,1,0,1,0,0,0,0,0
1,0,0,0,-0.7524491932490895,0,0,-1.5042081724048018,-0.8771096670206481,1,-0.5092722108195981,-1.109762475828853,0,0,1.0,0,0,0,1,1,0,1,0,1,0,1,0,1,0,1,0,1,0,0,0
1,1,1,0,-0.3453918448631497,0,1,0.4619160497317138,-0.2312787277485885,1,-0.2965348444098626,-0.5705298937831644,0,1,1.0,0,1,1,0,0,1,0,0,0,0,0,0,0,0,0,0,0,1,0,1
1,0,1,1,-1.1595065416350294,0,0,1.2019087949409006,-0.8395932453012058,1,1.6699230780798398,0.5079352703082123,1,1,0.0,0,1,1,0,0,0,0,0,0,1,0,0,0,1,0,1,0,1,0,1
1,0,0,1,0.6722515261016999,1,1,1.1836578527944854,1.2155826638033287,1,-0.4280466122409261,0.5079352703082123,0,0,3.0,0,1,1,0,0,0,0,0,0,0,0,1,0,1,0,1,0,0,0,1
1,0,0,0,-1.1595065416350294,0,0,-1.5241182911099815,-0.9766927302864661,1,-0.2221420230273171,-1.109762475828853,0,1,0.0,0,0,0,1,1,0,1,0,1,0,1,0,1,0,1,0,0,0,1,0
0,0,0,0,1.5677776925507676,2,0,-1.3399496930870676,-0.25457840018487365,1,-0.6204807778717221,-1.109762475828853,0,1,3.0,0,1,0,1,1,0,1,0,1,0,1,0,1,0,1,0,0,1,0,0
1,0,0,0,0.9978974048104517,2,0,-1.469365464670737,-0.515021348858265,1,-0.6187462205068589,-1.109762475828853,0,0,3.0,0,0,0,1,1,0,1,0,1,0,1,0,1,0,1,0,0,0,0,0
1,0,0,0,-0.5489205190561197,0,1,0.6576988836659831,-0.2840649912906809,1,-0.1717598878030699,-0.031297311737476054,0,1,1.0,0,1,1,0,0,1,0,0,0,1,0,0,0,0,0,0,0,1,0,0
1,0,0,0,-0.5489205190561197,0,1,0.29599839385521454,-0.38386744883555984,1,-0.2345216333967035,-0.5705298937831644,0,0,1.0,0,0,1,0,0,0,0,1,0,0,0,0,0,0,0,0,1,0,0,1
1,0,0,0,-0.7117434584104956,0,0,0.6759498258123978,-0.4736655272552541,1,-0.04580454974245196,-0.031297311737476054,0,1,1.0,0,0,1,0,0,0,0,0,0,1,0,0,0,1,0,0,0,1,0,0
0,1,1,0,0.7129572609402939,0,0,1.4541036318731793,1.374533818983071,1,-0.4141868678820945,1.5864004343995892,0,0,3.0,0,1,1,0,0,1,0,1,0,1,0,0,0,1,0,1,0,0,0,0
0,0,0,0,-0.5896262538947137,0,1,0.8319124223363072,-0.3387380456326986,1,-0.11425606729900435,-0.031297311737476054,0,0,1.0,0,1,1,0,0,0,0,1,0,0,0,0,0,1,0,0,1,0,0,1
1,0,1,1,0.14307697319997809,1,0,-0.14036504109997808,-0.02842677732872689,0,-0.47082357387935403,1.5864004343995892,0,0,2.0,1,0,0,0,0,1,0,0,0,1,0,1,0,1,0,1,1,0,0,0
1,0,1,0,0.22448844287716607,1,0,0.13505826765501053,0.16240236659858806,1,-0.4560037144418446,0.5079352703082123,0,0,2.0,0,1,0,0,0,0,0,0,0,1,0,1,0,0,0,1,1,0,0,0
0,0,1,1,1.6084834273893616,2,0,1.3661672742586346,2.351057755083875,1,-0.49237168295415984,1.5864004343995892,0,0,3.0,0,1,1,0,0,1,0,1,0,1,0,1,0,1,0,0,1,0,0,0
1,1,0,0,-1.2409180113122174,0,1,-1.3432680462045974,-0.9880792933697353,0,0.2788003500594835,-1.109762475828853,1,1,0.0,1,0,0,0,0,0,0,0,0,0,0,0,0,0,0,0,0,0,1,1
0,0,0,0,0.631545791263106,1,0,0.33913698438310474,0.646473903918924,1,-0.4831302966904144,-0.5705298937831644,0,1,2.0,0,0,1,0,0,0,0,1,0,0,0,0,0,0,0,0,0,1,0,0
0,0,0,0,-1.2816237461508113,0,1,-0.49211047155815646,-0.9869384431186178,1,2.22499025929326,-1.109762475828853,1,1,0.0,0,1,0,0,0,0,0,0,0,0,0,0,0,0,0,0,0,0,1,1
1,0,1,1,1.4863662228735797,2,1,1.3744631570524595,2.1774510620628535,1,-0.48478717857184156,1.5864004343995892,0,0,3.0,0,0,1,0,0,1,0,1,0,0,0,1,0,1,0,1,1,0,0,0
0,0,0,0,-0.8338606629262776,0,1,-0.6613464805521857,-0.7788429694291967,1,-0.26111897159640496,-1.109762475828853,0,0,1.0,0,0,0,0,0,0,0,0,0,0,0,0,0,0,0,0,0,0,0,0
0,0,1,1,-1.1595065416350294,0,1,-1.4925939364934466,-0.9725461784122118,1,-0.20026178144421544,-1.109762475828853,0,1,0.0,0,0,0,1,1,0,1,0,1,0,1,0,1,0,1,0,0,1,0,0
1,0,0,1,-1.2816237461508113,0,1,0.18317438785919538,-0.9780090959608324,1,3.396734775651466,-1.109762475828853,1,1,0.0,0,0,1,0,0,0,0,0,0,0,0,0,0,0,0,0,0,0,1,1
0,0,1,0,0.5501343215859179,1,1,-1.3432680462045974,-0.5411073286386257,1,-0.5998395863011263,-1.109762475828853,0,0,2.0,0,1,0,1,1,0,1,0,1,0,1,0,1,0,1,0,0,0,0,0
1,0,0,1,1.3642490183577978,2,0,-1.472683817788267,-0.41344179765299155,1,-0.6244256477346961,-1.109762475828853,0,1,3.0,0,0,0,1,1,0,1,0,1,0,1,0,1,0,1,0,0,0,1,0
0,0,0,1,-0.8745663977648716,1,1,-0.9583390845711194,-0.8322654763805664,0,-0.3137895261495191,-0.031297311737476054,0,1,1.0,1,0,0,0,0,1,0,0,0,0,0,1,0,0,0,0,0,0,1,0
1,0,0,1,-0.3453918448631497,2,0,-0.9682941439237093,-0.6443762157926695,0,-0.4950692469849532,-0.031297311737476054,0,1,1.0,1,0,0,0,0,1,0,0,0,0,0,1,0,0,0,0,0,0,1,0
1,0,1,1,1.5270719577121736,2,0,1.6532048189249784,2.4321897594806576,1,-0.4736269346255312,2.1256330164452777,0,0,3.0,0,1,1,0,0,1,0,1,0,1,0,1,0,1,0,1,1,0,0,0
1,0,1,0,1.2421318138420157,2,1,-1.4925939364934466,-0.46710563831132823,1,-0.6238495833420736,-1.109762475828853,0,0,3.0,0,0,0,1,1,0,1,0,1,0,1,0,1,0,1,0,0,0,0,0
0,0,0,0,-1.0780950719578415,0,0,-1.4909347599346818,-0.9610060393335998,1,-0.33072066546977624,-1.109762475828853,0,1,0.0,0,0,0,1,1,0,1,0,1,0,1,0,1,0,1,0,0,0,1,0
1,0,0,0,-0.7524491932490895,0,0,-1.4942531130522119,-0.8844154965133817,1,-0.506969027495061,-1.109762475828853,0,1,1.0,0,0,0,1,1,0,1,0,1,0,1,0,1,0,1,0,0,0,1,0
1,0,1,1,1.4863662228735797,2,1,-1.2918335728828827,-0.2206161657862207,1,-0.6169734500908052,-1.109762475828853,0,0,3.0,0,1,0,1,1,0,1,0,1,0,1,0,1,0,1,0,0,0,0,0
0,0,0,0,-1.0373893371192475,0,1,-0.37430893588584213,-0.8314975964038526,1,0.11253930381946774,-0.5705298937831644,1,1,1.0,0,1,0,0,0,1,0,0,0,0,0,0,0,0,0,0,0,1,0,0
1,0,1,0,-1.2002122764736234,0,1,0.48846287467195404,-0.8984567303732899,1,1.6333600428028148,-0.5705298937831644,0,0,0.0,0,1,1,0,0,0,0,0,0,0,0,1,0,0,0,0,0,0,0,1
0,0,1,0,1.0386031396490458,1,1,-0.12875080518862334,0.5175139466868294,1,-0.5405863953986847,-0.031297311737476054,0,0,3.0,0,1,0,0,0,1,0,0,0,0,0,1,0,0,0,0,0,0,0,0
0,0,0,1,-0.8745663977648716,0,0,-1.3183803978231226,-0.8680486832954262,0,-0.41791260561296323,-1.109762475828853,1,1,1.0,1,0,0,0,0,0,0,0,0,0,0,0,0,0,0,0,0,1,0,0
1,0,0,0,1.6084834273893616,2,0,1.6084070518383238,2.5733919174843596,1,-0.4808557663314748,2.1256330164452777,0,0,3.0,0,1,1,0,0,1,0,1,0,1,0,1,0,1,0,1,0,0,0,0
0,0,0,0,1.2014260790034217,2,1,-1.2984702791179428,-0.3226783844054285,1,-0.6125864342345441,-1.109762475828853,0,0,3.0,0,1,0,1,1,0,1,0,1,0,1,0,1,0,1,0,1,0,0,0
1,0,0,0,-1.2409180113122174,0,0,-1.4959122896109767,-0.9862802602814346,1,0.1022229618449791,-1.109762475828853,0,1,0.0,0,0,0,1,1,0,1,0,1,0,1,0,1,0,1,0,0,0,1,0
0,0,0,0,-0.06045170099299184,0,0,1.3080960947018598,0.39765885203576906,1,-0.28422001107147876,1.0471678523539008,0,1,2.0,0,1,1,0,0,1,0,1,0,0,0,0,0,1,0,1,0,1,0,0
1,0,1,0,-1.2816237461508113,0,1,-1.3764515773798973,-0.9986321581925727,0,0.6904943693204746,-1.109762475828853,1,1,0.0,1,0,0,0,0,0,0,0,0,0,0,0,0,0,0,0,0,1,0,1
1,0,0,0,-1.1595065416350294,1,0,-1.5008898192872717,-0.9572324577337493,1,-0.20601973975555796,-1.109762475828853,0,1,0.0,0,0,0,1,1,0,1,0,1,0,1,0,1,0,1,0,0,0,1,0
1,0,1,0,0.590840056424512,1,1,1.0044667844478665,0.9932704408307508,1,-0.43134784167276247,-0.031297311737476054,0,0,2.0,0,1,1,0,0,0,0,0,0,0,0,0,0,1,0,1,1,0,0,0
0,0,0,0,0.346605647392948,1,1,0.5183280527297236,0.4232402249742894,1,-0.43888802517571107,1.0471678523539008,0,1,2.0,0,1,0,0,0,0,0,1,0,1,0,0,0,1,0,1,0,1,0,0
0,0,0,0,0.590840056424512,2,0,-0.7642154271956153,-0.18608350626200892,0,-0.5592224991704946,0.5079352703082123,0,1,2.0,1,0,0,0,0,1,0,0,0,1,0,1,0,0,0,0,0,0,1,0
1,0,0,0,-1.2816237461508113,0,1,-0.9782492032762992,-0.993366695495107,0,1.3814493666815788,-0.5705298937831644,1,1,0.0,1,0,0,0,0,0,0,0,0,0,0,0,0,0,0,1,0,1,0,1
0,0,0,1,-0.9966836022806536,0,0,-1.4925939364934466,-0.9339327852974642,1,-0.404477369553164,-1.109762475828853,0,1,1.0,0,0,0,1,1,0,1,0,1,0,1,0,1,0,1,0,0,0,1,0
0,0,1,1,0.06166550352279012,2,0,0.6576988836659831,0.23699642147935046,1,-0.38089715932576124,2.1256330164452777,0,1,2.0,0,0,0,0,0,1,0,1,0,1,0,1,0,1,0,1,0,0,1,0
1,0,1,1,0.428017117070136,2,0,-1.3499047524396575,-0.5359296236527845,1,-0.5962784505756877,-1.109762475828853,0,1,2.0,0,1,0,1,1,0,1,0,1,0,1,0,1,0,1,0,0,0,1,0
0,0,0,0,-1.1595065416350294,0,1,-0.4771778825292717,-0.9055212261590562,1,0.5045123158641107,-0.5705298937831644,1,0,0.0,0,0,0,0,0,1,0,0,0,0,0,0,0,0,0,0,0,0,0,0
1,0,1,0,0.8350744654560759,1,0,1.089084788944881,1.2039767064409983,1,-0.45128743804722643,0.5079352703082123,0,0,3.0,0,1,1,0,0,0,0,1,0,0,0,1,0,0,0,1,0,0,0,0
1,0,0,0,1.4863662228735797,2,0,0.8534817176002523,1.7651433934233929,1,-0.5106157344255781,2.1256330164452777,0,1,3.0,0,1,0,0,0,1,0,1,0,1,0,1,0,1,0,1,0,0,1,0
1,0,0,0,-1.2002122764736234,0,0,0.31756768911915967,-0.9135071779168791,1,1.4850926162857443,-1.109762475828853,1,1,0.0,0,1,1,0,0,0,0,0,0,0,0,0,0,0,0,0,0,1,0,0
0,0,1,1,1.2828375486806096,1,0,0.028870967894050924,0.7760701045602956,1,-0.5431703448781685,0.5079352703082123,0,1,3.0,0,0,0,0,0,1,0,0,0,0,0,1,0,1,0,0,0,0,1,0
1,0,0,1,-0.9152721326034655,0,0,-1.3316538102932427,-0.9106769917169912,1,-0.40011527992335905,-1.109762475828853,0,0,1.0,0,1,0,1,1,0,1,0,1,0,1,0,1,0,1,0,1,0,0,0
1,0,0,0,-0.30468611002455576,0,0,-1.4710246412295018,-0.7713177456574022,1,-0.5685053614480757,-1.109762475828853,0,1,2.0,0,0,0,1,1,0,1,0,1,0,1,0,1,0,1,0,0,0,1,0
1,0,0,1,-1.2816237461508113,0,0,-0.47551870597050655,-0.9867190488395567,1,2.2537800508499726,-0.5705298937831644,1,1,0.0,0,0,0,0,0,1,0,0,0,0,0,0,0,0,0,0,0,0,1,1
1,0,0,0,-0.019745966154397852,0,0,0.7539311240743528,0.20494291730852887,1,-0.35387712984742653,-0.031297311737476054,0,0,2.0,0,1,1,0,0,1,0,0,0,0,0,1,0,0,0,0,0,0,0,0
1,0,0,0,0.14307697319997809,0,1,0.473530285643069,0.24379764413024352,1,-0.41324399076592877,1.5864004343995892,0,0,2.0,0,0,0,0,0,1,0,0,0,1,0,1,0,1,0,1,1,0,0,0
0,0,0,0,-0.10115743583158582,0,1,-0.3195561094465974,-0.3373119828188017,1,-0.45431776138790314,-0.031297311737476054,0,0,2.0,0,0,0,0,0,1,0,1,0,0,0,0,0,0,0,0,0,0,0,0
0,0,0,0,-0.30468611002455576,1,0,0.3109309828840996,-0.19110763525250735,1,-0.33065739120261867,1.5864004343995892,0,1,2.0,0,0,0,0,0,1,0,1,0,1,0,1,0,1,0,0,0,0,1,1
1,1,1,1,-0.1418631706701798,0,1,1.2948226822317401,0.2919985672399598,1,-0.260720343713312,0.5079352703082123,0,1,2.0,0,1,1,0,0,0,0,0,0,1,0,0,0,1,0,1,0,1,0,0
0,0,0,0,-1.2816237461508113,0,0,0.3673429858821094,-0.9755738194632545,1,3.716301461930976,-1.109762475828853,1,1,0.0,0,1,1,0,0,0,0,0,0,0,0,0,0,0,0,0,0,1,0,1
0,0,1,0,0.9978974048104517,1,1,1.4756729271371243,1.7346914674897167,1,-0.4425328411511175,1.5864004343995892,0,0,3.0,0,1,1,0,0,0,0,1,0,1,0,1,0,1,0,1,0,0,0,0
1,0,0,0,-0.30468611002455576,1,0,-1.4942531130522119,-0.7847885543917517,1,-0.5716058005387986,-1.109762475828853,0,0,2.0,0,0,0,1,1,0,1,0,1,0,1,0,1,0,1,0,1,0,0,0
1,1,1,0,-0.019745966154397852,0,0,1.3744631570524595,0.535943066127959,1,-0.2886202689855445,1.0471678523539008,0,0,2.0,0,1,1,0,0,0,0,1,0,1,0,0,0,1,0,1,0,0,0,1
1,0,1,1,1.5677776925507676,2,0,0.7273842991341125,1.7395620204848725,1,-0.5208361104282111,2.1256330164452777,0,0,3.0,0,1,0,0,0,1,0,1,0,1,0,1,0,1,0,1,0,0,0,0
0,0,0,0,-1.1595065416350294,0,0,-0.9931817923051841,-0.9493562031154571,0,0.14636730889860514,-0.031297311737476054,1,1,0.0,1,0,0,0,0,1,0,0,0,1,0,0,0,0,0,0,0,0,1,0
0,0,1,0,0.9164859351332638,1,1,0.8368899520126024,1.1485796509780792,1,-0.47436116120094635,2.1256330164452777,0,1,3.0,0,1,0,0,0,1,0,1,0,1,0,1,0,1,0,1,0,1,0,0
0,0,1,1,-0.6303319887333076,0,0,0.8933019550106117,-0.31807110454514614,1,-0.0721152203595588,0.5079352703082123,0,1,1.0,0,0,1,0,0,1,0,0,0,0,0,1,0,1,0,0,0,1,0,1
1,0,1,1,1.2421318138420157,2,0,-1.3366313399695375,-0.3180491651172401,1,-0.6153925820722893,-1.109762475828853,0,0,3.0,0,1,0,1,1,0,1,0,1,0,1,0,1,0,1,0,1,0,0,0
1,1,0,0,-1.0373893371192475,0,1,-0.6812565992573657,-0.8922917511316739,0,-0.02061348213032837,0.5079352703082123,0,1,1.0,1,0,0,0,0,0,0,1,0,0,0,1,0,0,0,1,0,1,0,0
1,0,1,0,1.6084834273893616,1,1,1.7544145890096428,2.8018691196985532,1,-0.4739146659013632,2.1256330164452777,0,0,3.0,0,1,1,0,0,1,0,1,0,1,0,1,0,1,0,1,0,0,0,1
0,1,0,0,0.5094285867473239,1,0,-1.0197286172454239,-0.30835193798274096,0,-0.5741285180598215,-0.5705298937831644,0,1,2.0,1,0,0,0,0,0,0,0,0,0,0,0,0,0,0,1,0,1,0,0
0,0,0,1,-1.2816237461508113,0,1,0.8103431270723621,-0.9697159922123241,1,4.484988896495205,-0.031297311737476054,1,1,0.0,0,0,1,0,0,0,0,0,0,0,0,0,0,1,0,1,0,1,0,0
0,0,1,1,1.6084834273893616,2,1,1.510515634871189,2.527209421742005,1,-0.4855094586652996,1.5864004343995892,0,0,3.0,0,1,1,0,0,1,0,0,0,1,0,1,0,1,0,1,0,0,0,0
1,0,0,0,-0.8338606629262776,0,1,0.5481932307874936,-0.6087465848731524,1,0.06176961370888021,-0.5705298937831644,0,1,1.0,0,0,1,0,0,0,0,0,0,0,0,0,0,1,0,0,0,1,0,0
1,1,1,0,-0.10115743583158582,0,1,1.2135230308522553,0.2713096867245013,1,-0.2826934555917579,0.5079352703082123,0,1,2.0,0,1,1,0,0,0,0,0,0,0,0,1,0,1,0,1,0,1,0,0
1,1,1,0,1.6084834273893616,0,1,1.5918152862506738,2.5283722114210287,1,-0.48164452774398747,2.1256330164452777,0,0,3.0,0,1,1,0,0,1,0,1,0,1,0,1,0,1,0,1,1,0,0,0
0,1,1,0,-0.30468611002455576,0,1,0.14501332700760036,-0.21335421514929945,1,-0.3528033847077823,-1.109762475828853,0,1,2.0,0,0,1,0,0,0,0,0,0,0,0,0,0,0,0,0,0,1,0,0
1,0,1,1,-0.22327464034736777,0,1,0.6726314726948681,-0.06482428822495784,1,-0.309333963170504,-0.031297311737476054,0,0,2.0,0,1,1,0,0,0,0,1,0,0,0,1,0,0,0,0,1,0,0,0
1,0,1,1,1.0386031396490458,2,0,0.22133544871078992,0.8472635481156114,1,-0.5199943749971038,1.0471678523539008,0,0,3.0,0,1,0,0,0,1,0,1,0,1,0,1,0,0,0,0,1,0,0,0
1,0,0,0,-1.2409180113122174,0,1,-0.6613464805521857,-0.966600593449657,1,1.0676406387134105,-1.109762475828853,1,1,0.0,0,0,0,0,0,0,0,0,0,0,0,0,0,0,0,0,0,0,1,1
1,0,1,0,1.1200146093262338,1,1,-0.17023021915774814,0.553670123876093,1,-0.5468531146833551,-0.031297311737476054,0,1,3.0,0,0,0,0,0,1,0,0,0,0,0,0,0,1,0,0,0,0,1,0
0,0,1,1,-0.5082147842175256,1,0,-1.5008898192872717,-0.8353369962874212,1,-0.5517165892289231,-1.109762475828853,0,0,1.0,0,0,0,1,1,0,1,0,1,0,1,0,1,0,1,0,0,0,0,0
0,1,0,0,1.2421318138420157,1,0,0.5996277041092083,1.2916685997817066,1,-0.5103998109889026,1.5864004343995892,0,0,3.0,0,1,0,0,0,1,0,1,0,1,0,1,0,1,0,0,0,0,0,0
1,0,1,1,-0.7524491932490895,1,0,-1.4992306427285067,-0.8731825094254552,1,-0.5081206191573296,-1.109762475828853,0,1,1.0,0,0,0,1,1,0,1,0,1,0,1,0,1,0,1,0,0,0,1,0
0,0,0,0,-0.1418631706701798,1,0,-1.4793205240233267,-0.7380356335238385,1,-0.5816305535988026,-1.109762475828853,0,1,2.0,0,0,0,1,1,0,1,0,1,0,1,0,1,0,1,0,0,0,1,0
0,0,1,0,-1.2816237461508113,0,1,0.13339909109624562,-0.9786672787980156,1,3.3103654009813277,-1.109762475828853,1,1,0.0,0,0,1,0,0,0,0,0,0,0,0,0,0,0,0,0,0,1,0,1
1,0,0,0,-0.1418631706701798,0,0,0.8202981864249524,0.14230585063659454,1,-0.31561287961477746,0.5079352703082123,0,1,2.0,0,0,1,0,0,0,0,1,0,0,0,1,0,1,0,0,0,0,1,0
1,0,0,0,-1.1595065416350294,0,0,-0.4373576451189118,-0.9206813708421758,1,0.5321505157585549,-1.109762475828853,1,0,0.0,0,1,0,0,0,0,0,0,0,0,0,0,0,0,0,0,1,0,0,1
0,0,0,0,1.5270719577121736,1,0,1.679751643865218,2.557376135112902,1,-0.4723293665553695,2.1256330164452777,0,0,3.0,0,1,1,0,0,1,0,1,0,1,0,1,0,1,0,1,1,0,0,1
0,0,1,1,-1.0780950719578415,0,0,-0.29964599074141746,-0.8486103501706157,1,0.259881344179358,-0.031297311737476054,1,0,0.0,0,0,0,0,0,1,0,1,0,0,0,0,0,0,0,0,1,0,0,1
1,1,0,0,-1.1595065416350294,0,1,0.9895341954189815,-0.823577462929748,1,1.5225193453094708,0.5079352703082123,1,1,0.0,0,0,1,0,0,0,0,0,0,1,0,0,0,1,0,1,0,1,0,0
1,0,1,1,0.5501343215859179,2,0,-1.4992306427285067,-0.6330993498489307,1,-0.6113555029238114,-1.109762475828853,0,0,2.0,0,0,0,1,1,0,1,0,1,0,1,0,1,0,1,0,1,0,0,0
1,0,0,0,-0.9559778674420595,0,1,-0.6812565992573657,-0.8561575133703163,1,-0.14844015664213267,-1.109762475828853,1,1,1.0,0,0,0,0,0,0,0,0,0,0,0,0,0,0,0,0,0,0,1,0
1,0,0,0,-1.2816237461508113,0,1,0.21303956591696496,-0.9776141862585225,1,3.448556400453548,-1.109762475828853,1,1,0.0,0,0,1,0,0,0,0,0,0,0,0,0,0,0,0,0,0,0,1,1
1,0,0,0,-0.06045170099299184,0,1,1.2102046777347255,0.37047590086010307,1,-0.29483624670801656,1.0471678523539008,0,1,2.0,0,0,1,0,0,0,0,1,0,1,0,0,0,1,0,1,0,1,0,0
1,1,0,0,-1.2816237461508113,0,1,0.3457736906181643,-0.975859032026034,1,3.6788747329072495,-1.109762475828853,1,1,0.0,0,1,1,0,0,0,0,0,0,0,0,0,0,0,0,0,0,1,0,1
1,0,1,1,0.5094285867473239,2,0,0.29599839385521454,0.4702344795491697,1,-0.47486632369254694,1.0471678523539008,0,0,2.0,0,1,0,0,0,1,0,1,0,0,0,1,0,1,0,0,1,0,0,0
0,0,0,0,-0.8745663977648716,0,0,-0.029200211662723803,-0.6868728876467979,1,-0.04508480495353418,0.5079352703082123,1,0,1.0,0,0,0,0,0,1,0,0,0,1,0,0,0,0,0,1,0,0,0,0
0,0,0,0,1.2421318138420157,0,1,1.490605516166009,2.0638925832208463,1,-0.46208694203279427,1.5864004343995892,0,0,3.0,0,1,1,0,0,0,0,1,0,1,0,1,0,1,0,1,1,0,0,0
0,0,0,0,-1.2002122764736234,0,0,-1.3382905165283026,-0.9710323578866905,1,0.04848201760578211,-1.109762475828853,0,1,0.0,0,1,0,1,1,0,1,0,1,0,1,0,1,0,1,0,0,0,1,0
1,0,1,1,-0.6710377235719016,2,0,-0.02256350542766374,-0.5596022663634735,1,-0.22451294703786986,0.5079352703082123,0,1,1.0,0,0,0,0,0,1,0,0,0,1,0,0,0,1,0,0,0,0,1,0
0,0,1,1,-0.5489205190561197,0,0,-1.4842980536996218,-0.8412167629662578,1,-0.5434360968002305,-1.109762475828853,0,1,1.0,0,0,0,1,1,0,1,0,1,0,1,0,1,0,1,0,0,0,1,0
1,0,1,0,1.5677776925507676,2,1,0.4702119325255387,1.4328707577854087,1,-0.5332317151262401,1.5864004343995892,0,0,3.0,0,0,0,0,0,0,0,1,0,1,0,1,0,1,0,1,1,0,0,0
1,0,0,0,-0.6303319887333076,1,0,0.7240659460165827,-0.3901201857888002,1,-0.1047436507904998,-0.031297311737476054,0,1,1.0,0,1,1,0,0,0,0,0,0,1,0,1,0,0,0,0,0,1,0,0
1,0,1,1,0.7129572609402939,1,1,-0.6679831867872458,-0.030050294993778898,1,-0.5585874302390965,-1.109762475828853,0,0,3.0,0,0,0,0,0,0,0,0,0,0,0,0,0,0,0,0,0,0,0,0
1,0,0,0,-1.2409180113122174,0,1,0.21138038935820005,-0.9397028548367703,1,2.077202662635468,-1.109762475828853,1,0,0.0,0,0,1,0,0,0,0,0,0,0,0,0,0,0,0,0,1,0,0,0
1,0,0,0,0.06166550352279012,0,0,-1.5008898192872717,-0.7124762000132243,1,-0.5949286954130937,-1.109762475828853,0,1,2.0,0,0,0,1,1,0,1,0,1,0,1,0,1,0,1,0,0,0,1,0
1,0,1,0,0.387311382231542,1,0,-0.29300928450635744,0.038400720073273664,1,-0.5095043145654816,-0.5705298937831644,0,0,2.0,0,1,0,0,0,1,0,0,0,0,0,0,0,0,0,0,1,0,0,0
0,0,1,1,1.4863662228735797,1,0,0.6477438243133932,1.5573770111525636,1,-0.5208155462913847,-0.031297311737476054,0,0,3.0,0,1,1,0,0,1,0,0,0,1,0,0,0,0,0,0,0,0,0,0
0,0,0,0,-0.9559778674420595,0,1,-0.6878933054924254,-0.8319363849619748,1,-0.15074333996666964,-1.109762475828853,1,0,1.0,0,0,0,0,0,0,0,0,0,0,0,0,0,0,0,0,0,0,0,1
1,0,0,0,-1.1595065416350294,0,0,-1.1425076825940335,-0.9569691845988761,0,0.04272405929443949,-0.5705298937831644,0,1,0.0,1,0,0,0,0,0,0,0,0,0,0,1,0,0,0,0,0,1,0,0
0,0,1,0,0.8757802002946699,1,1,1.6498864658074486,1.6455296324792996,1,-0.41969233818192364,2.1256330164452777,0,1,3.0,0,1,1,0,0,1,0,1,0,1,0,1,0,1,0,1,0,0,1,0
0,0,0,0,0.020959768684196134,1,0,-0.18350363162786804,-0.15205545357963762,1,-0.4585570172224399,-0.031297311737476054,0,1,2.0,0,1,0,0,0,1,0,0,0,0,0,1,0,0,0,0,0,1,0,0
0,0,0,1,-0.8338606629262776,0,1,0.634470411843273,-0.58481066902759,1,0.08480144695425038,-0.5705298937831644,0,1,1.0,0,1,1,0,0,0,0,0,0,0,0,0,0,1,0,0,0,1,0,0
1,0,1,1,1.5677776925507676,1,0,0.680927355488693,1.7558191365632976,1,-0.5230753164381775,1.5864004343995892,0,1,3.0,0,1,0,0,0,1,0,0,0,1,0,1,0,1,0,1,0,1,0,0
1,0,0,0,-1.2002122764736234,0,1,-1.1673953309755083,-0.9664250780264081,0,0.19674944412285233,-0.5705298937831644,0,1,0.0,1,0,0,0,0,0,0,0,0,0,0,1,0,0,0,0,0,1,0,0
0,0,0,0,-1.0373893371192475,0,1,0.33913698438310474,-0.7785577568664174,1,0.4220295630541291,-0.5705298937831644,1,1,1.0,0,0,1,0,0,0,0,0,0,1,0,0,0,0,0,0,0,1,0,0
0,0,0,0,0.22448844287716607,2,0,-1.4892755833759168,-0.6835600340329758,1,-0.6005432320522124,-1.109762475828853,0,1,2.0,0,0,0,1,1,0,1,0,1,0,1,0,1,0,1,0,0,0,1,0
1,0,1,1,-0.5489205190561197,1,0,-1.4942531130522119,-0.85196708264025,1,-0.5451634842936333,-1.109762475828853,0,1,1.0,0,0,0,1,1,0,1,0,1,0,1,0,1,0,1,0,0,0,1,0
0,0,1,0,1.5270719577121736,2,1,0.659358060224748,1.5876314822350845,1,-0.5222046392522097,1.5864004343995892,0,0,3.0,0,1,0,0,0,0,0,1,0,1,0,1,0,1,0,1,0,0,0,0
1,0,1,0,0.8757802002946699,0,0,-1.1458260357115635,-0.29749192116921824,0,-0.5960952428112358,-0.5705298937831644,0,1,3.0,1,0,0,0,0,0,0,1,0,0,0,0,0,0,0,0,0,1,0,0
0,0,1,1,0.9571916699718578,1,0,0.008960849188871207,0.5321694845281086,1,-0.5280209312158293,-0.031297311737476054,0,0,3.0,0,1,0,0,0,1,0,0,0,0,0,0,0,1,0,0,0,0,0,0
0,0,0,0,1.3235432835192036,2,1,-0.17686692539280796,0.632059699784612,1,-0.5557546379147996,0.5079352703082123,0,1,3.0,0,0,0,0,0,1,0,1,0,0,0,1,0,0,0,0,0,0,1,0
1,0,0,1,0.1023712383613841,1,1,0.6709722961361032,0.320870854364396,1,-0.38736343790556255,-0.031297311737476054,0,1,2.0,0,0,1,0,0,0,0,0,0,1,0,0,0,1,0,0,0,1,0,1
0,0,1,0,1.2421318138420157,0,1,0.5515115839050234,1.1977678483435703,1,-0.5130088858487297,-0.5705298937831644,0,0,3.0,0,1,1,0,0,0,0,1,0,0,0,0,0,0,0,0,0,0,0,0
0,1,1,0,0.18378270803857208,1,0,-1.5042081724048018,-0.6895714372792491,1,-0.6003489689512899,-1.109762475828853,0,1,2.0,0,0,0,1,1,0,1,0,1,0,1,0,1,0,1,0,0,0,1,0
1,0,0,0,-1.1595065416350294,0,1,0.8335715988950722,-0.8474036816357798,1,1.414269729056231,-0.031297311737476054,1,1,0.0,0,1,1,0,0,0,0,1,0,0,0,0,0,0,0,1,0,1,0,1
0,0,0,0,-0.9152721326034655,0,1,1.1206091435614158,-0.5818707856881717,1,0.37354493681884693,0.5079352703082123,1,1,1.0,0,1,1,0,0,1,0,0,0,0,0,0,0,1,0,1,0,1,0,1
0,1,0,0,-1.2816237461508113,0,1,0.1732193285066055,-0.9781407325282689,1,3.3794609007174383,-1.109762475828853,1,1,0.0,0,0,1,0,0,0,0,0,0,0,0,0,0,0,0,0,0,1,0,1
0,0,1,1,1.5270719577121736,2,0,-1.497571466169742,-0.40394202536964735,1,-0.6276320449528476,-1.109762475828853,0,0,3.0,0,0,0,1,1,0,1,0,1,0,1,0,1,0,1,0,0,0,0,0
0,0,0,0,-0.4268033145403377,0,1,0.8319124223363072,-0.1340651226966302,1,-0.20912403032341217,-0.031297311737476054,0,1,1.0,0,1,1,0,0,0,0,0,0,0,0,1,0,1,0,0,0,1,0,1
0,0,0,0,-1.0373893371192475,0,1,0.450301813820359,-0.7583515437648932,1,0.47025246391162273,1.5864004343995892,0,1,1.0,0,0,0,0,0,1,0,1,0,0,0,1,0,1,0,1,0,1,0,0
1,0,1,0,-0.06045170099299184,0,1,-0.19511786753922303,-0.18277065264818684,1,-0.44724220576136425,-0.5705298937831644,0,0,2.0,0,1,0,0,0,0,0,0,0,0,0,0,0,1,0,0,1,0,0,0
0,0,1,1,1.4863662228735797,2,1,-0.3311703453579522,0.6464080856352056,0,-0.5693469092012718,1.0471678523539008,0,0,3.0,1,0,0,0,0,0,0,1,0,1,0,0,0,1,0,1,1,0,0,0
0,1,0,0,-0.10115743583158582,0,1,1.2998002119080347,0.36058121887444894,1,-0.27303494487595753,1.0471678523539008,0,1,2.0,0,1,1,0,0,0,0,1,0,1,0,0,0,1,0,1,0,1,0,0
1,1,0,0,0.8350744654560759,0,1,-0.3477621109456021,0.24362212870699482,0,-0.5436280287439419,1.0471678523539008,0,1,3.0,1,0,0,0,0,0,0,1,0,1,0,0,0,1,0,1,0,1,0,1
1,0,0,0,-1.2816237461508113,0,1,0.219676272152025,-0.977526428546898,1,3.4600723170762335,-1.109762475828853,1,1,0.0,0,0,1,0,0,0,0,0,0,0,0,0,0,0,0,0,0,0,1,1
0,0,1,0,1.5677776925507676,2,0,0.8352307754538371,1.7602289615724247,1,-0.5156379536193602,2.1256330164452777,0,1,3.0,0,1,0,0,0,1,0,1,0,1,0,1,0,1,0,1,0,1,0,0
1,1,0,0,0.18378270803857208,0,0,-0.9384289658659395,-0.43191479594993326,0,-0.5486788693679265,-0.031297311737476054,0,1,2.0,1,0,0,0,0,0,0,1,0,1,0,0,0,0,0,0,0,1,0,0
1,1,1,0,1.4863662228735797,1,1,1.5138339879887188,2.3303030562846985,1,-0.47787762859823046,1.5864004343995892,0,1,3.0,0,1,1,0,0,1,0,0,0,1,0,1,0,1,0,1,0,0,1,0
1,0,1,0,-0.6710377235719016,0,0,0.5249647589647837,-0.42915042803376385,1,-0.1127408151118089,-0.031297311737476054,0,0,1.0,0,0,1,0,0,1,0,1,0,0,0,0,0,0,0,0,0,0,0,0
1,0,0,0,-1.2816237461508113,0,0,-1.4925939364934466,-1.0001679181460001,1,0.4889658284234859,-1.109762475828853,0,1,0.0,0,0,0,1,1,0,1,0,1,0,1,0,1,0,1,0,0,1,0,1
0,0,1,1,1.4863662228735797,2,0,-0.11713656927726834,0.7724939778116001,1,-0.5587358145989406,-0.031297311737476054,0,0,3.0,0,1,0,0,0,1,0,0,0,0,0,1,0,0,0,0,1,0,0,0
1,0,1,0,-0.4675090493789317,0,1,1.535403283252664,0.0077952181442549695,1,-0.07766961448817708,1.5864004343995892,0,1,1.0,0,1,1,0,0,0,0,1,0,1,0,1,0,1,0,1,0,1,0,1
1,0,0,0,1.1607203441648277,0,1,1.3777815101699897,1.755511984572612,1,-0.4620259959014746,1.0471678523539008,0,1,3.0,0,1,1,0,0,1,0,0,0,1,0,0,0,1,0,1,0,1,0,0
0,0,1,0,0.22448844287716607,0,1,1.3296653899658049,0.7578165005424149,1,-0.34970294561705934,1.0471678523539008,0,1,2.0,0,1,1,0,0,0,0,0,0,1,0,1,0,1,0,1,0,1,0,1
1,0,0,0,-1.2816237461508113,0,0,-1.5207999379924515,-1.000540888420404,1,0.4400231827770745,-1.109762475828853,0,1,0.0,0,0,0,1,1,0,1,0,1,0,1,0,1,0,1,0,0,0,1,0
0,0,1,0,-0.38609757970174374,0,1,0.28936168762015496,-0.28810184602540456,1,-0.3063521633307016,0.5079352703082123,0,0,1.0,0,1,0,0,0,0,0,0,0,0,0,1,0,1,0,1,1,0,0,0
1,0,0,0,-1.1595065416350294,0,0,-0.4821554122055666,-0.9182680337725041,1,0.5010575408773053,-1.109762475828853,1,1,0.0,0,1,0,0,0,0,0,0,0,0,0,0,0,0,0,0,0,0,1,1
0,0,1,1,-1.0780950719578415,0,0,-0.33448869847548224,-0.8531079328913675,1,0.24260746924533044,-0.5705298937831644,1,1,0.0,0,0,0,0,0,0,0,0,0,0,0,0,0,1,0,0,0,1,0,0
0,0,0,1,-0.5489205190561197,0,1,0.36402463276457964,-0.4053242093277321,1,-0.22271781885845127,1.0471678523539008,0,1,1.0,0,1,0,0,0,1,0,1,0,0,0,1,0,1,0,0,0,0,1,0
1,0,1,1,1.2828375486806096,2,0,0.14335415044883548,0.9427000595071751,1,-0.5370580506707434,1.0471678523539008,0,1,3.0,0,0,0,0,0,1,0,0,0,1,0,1,0,1,0,0,0,0,1,0
1,0,1,0,1.2014260790034217,1,1,-1.3664965180273074,-0.3740824639894363,1,-0.6163336769451003,-1.109762475828853,0,0,3.0,0,1,0,1,1,0,1,0,1,0,1,0,1,0,1,0,1,0,0,0
1,0,0,0,-1.2816237461508113,0,1,0.5564891135813186,-0.9730727246819585,1,4.044505085677501,-0.5705298937831644,1,1,0.0,0,1,1,0,0,1,0,0,0,0,0,0,0,0,0,0,0,1,0,1
0,0,1,1,-1.2816237461508113,0,0,-1.1425076825940335,-0.9955386988578115,0,1.0964304302701233,-0.5705298937831644,1,0,0.0,1,0,0,0,0,1,0,0,0,0,0,0,0,0,0,0,0,0,0,1
1,0,0,0,-0.9966836022806536,0,0,-1.1806687434456282,-0.9139459664750011,0,-0.28420001816067547,-0.5705298937831644,1,1,1.0,1,0,0,0,0,1,0,0,0,0,0,0,0,0,0,0,0,0,1,0
0,0,1,0,1.6084834273893616,2,1,1.6167029346321486,2.5558842540152864,1,-0.48046138562521845,2.1256330164452777,0,0,3.0,0,1,1,0,0,1,0,1,0,1,0,1,0,1,0,1,1,0,0,0
1,0,0,0,-0.8745663977648716,0,1,-0.13372833486491825,-0.7068158276134489,1,-0.0753140860880824,0.5079352703082123,0,1,1.0,0,0,0,0,0,0,0,1,0,1,0,1,0,0,0,0,0,1,0,0
0,0,1,1,-0.30468611002455576,2,0,-1.4876164068171518,-0.7956485712052744,1,-0.570719960798592,-1.109762475828853,0,1,2.0,0,0,0,1,1,0,1,0,1,0,1,0,1,0,1,0,0,0,1,0
1,1,1,1,-0.2639803751859618,0,0,1.3545530383472797,0.1803049397699711,1,-0.20870678696751782,1.0471678523539008,0,1,2.0,0,1,1,0,0,0,0,1,0,1,0,0,0,1,0,1,0,1,0,1
0,0,1,1,-0.6303319887333076,0,0,0.3192268656779245,-0.47544262091564876,1,-0.18279597456647642,1.0471678523539008,0,1,1.0,0,0,0,0,0,1,0,1,0,0,0,0,0,1,0,1,0,0,1,0
0,0,0,0,-0.8745663977648716,0,1,-0.6729607164635407,-0.8017038533073598,1,-0.2312587903536094,-1.109762475828853,1,1,1.0,0,0,0,0,0,0,0,0,0,0,0,0,0,0,0,0,0,0,1,0
0,0,0,0,1.4456604880349857,2,0,-1.4743429943470319,-0.38369193341231095,1,-0.62553289950601,-1.109762475828853,0,0,3.0,0,0,0,1,1,0,1,0,1,0,1,0,1,0,1,0,1,0,0,0
1,0,0,0,1.0793088744876398,0,1,1.5403808129289587,1.8518699519362318,1,-0.44603063536668597,1.5864004343995892,0,1,3.0,0,1,1,0,0,0,0,1,0,1,0,1,0,1,0,1,0,1,0,0
1,0,0,0,-0.9559778674420595,1,0,-0.4688819997354467,-0.8054993743351163,0,-0.07473829025694817,1.0471678523539008,0,1,1.0,1,0,0,0,0,1,0,0,0,1,0,1,0,0,0,1,0,0,1,0
1,1,0,0,-1.2409180113122174,0,1,0.25451897988608974,-0.9412166753622915,1,2.127104968000437,-1.109762475828853,1,1,0.0,0,1,1,0,0,0,0,0,0,0,0,0,0,0,0,0,0,0,1,0
0,0,1,0,0.590840056424512,0,1,0.6759498258123978,0.7662631802862659,1,-0.4550994197070504,-0.031297311737476054,0,1,2.0,0,0,1,0,0,0,0,0,0,1,0,0,0,0,0,1,0,1,0,1
1,1,0,0,0.020959768684196134,0,1,-0.34278458126930716,-0.21747882759564743,0,-0.47481478186623055,1.0471678523539008,0,1,2.0,1,0,0,0,0,0,0,0,0,1,0,1,0,1,0,1,0,1,0,0
1,0,1,1,0.5501343215859179,2,0,-1.4925939364934466,-0.6305104973560101,1,-0.6108654639185906,-1.109762475828853,0,0,2.0,0,0,0,1,1,0,1,0,1,0,1,0,1,0,1,0,1,0,0,0
0,0,1,1,1.3235432835192036,2,1,1.522129870782544,2.170496263416618,1,-0.4664190422963943,1.5864004343995892,0,0,3.0,0,1,1,0,0,0,0,1,0,1,0,1,0,1,0,1,1,0,0,0
0,0,1,1,0.631545791263106,0,1,-1.1756912137693334,-0.38450369224483694,0,-0.5904163362466539,-0.5705298937831644,0,0,2.0,1,0,0,0,0,0,0,0,0,0,0,1,0,0,0,0,1,0,0,0
1,0,0,0,-1.2409180113122174,0,1,-0.6281629493768859,-0.9718441167192164,1,1.1060270274556945,-1.109762475828853,1,0,0.0,0,0,0,0,0,0,0,0,0,0,0,0,0,0,0,0,1,0,0,1
0,0,0,0,-1.2816237461508113,0,1,0.32088604223668943,-0.9761881234446256,1,3.6356900455721806,-0.5705298937831644,1,1,0.0,0,0,1,0,0,0,0,0,0,1,0,0,0,0,0,0,0,0,1,1
1,0,0,1,-1.2816237461508113,0,1,-0.5004063543519814,-0.9870481402581484,1,2.2105953635149036,-0.5705298937831644,1,1,0.0,0,0,0,0,0,0,0,0,0,1,0,0,0,0,0,0,0,1,0,0
0,0,0,0,-0.2639803751859618,0,1,0.5233055824060188,-0.04665844191870155,1,-0.31554890230020705,-0.5705298937831644,0,1,2.0,0,1,1,0,0,0,0,0,0,1,0,0,0,0,0,0,0,1,0,0
0,0,1,1,-0.6710377235719016,0,0,-1.477661347464562,-0.8678951073000833,1,-0.5215558552171288,-1.109762475828853,0,1,1.0,0,0,0,1,1,0,1,0,1,0,1,0,1,0,1,0,0,1,0,0
0,0,1,0,0.6722515261016999,2,0,1.3844182164050498,1.2615238258387163,1,-0.41411235312747713,1.5864004343995892,0,0,3.0,0,1,1,0,0,1,0,1,0,1,0,1,0,0,0,1,1,0,0,0
1,0,0,0,-0.019745966154397852,1,0,-1.4793205240233267,-0.6984788450091283,1,-0.5887320355161251,-1.109762475828853,0,0,2.0,0,0,0,1,1,0,1,0,1,0,1,0,1,0,1,0,1,0,0,0
1,0,0,0,-0.1418631706701798,1,1,-1.497571466169742,-0.7578469369230527,1,-0.5837418049796282,-1.109762475828853,0,1,2.0,0,0,0,1,1,0,1,0,1,0,1,0,1,0,1,0,0,0,1,0
1,0,0,0,-1.2409180113122174,0,0,-1.3482455758808924,-0.9920503298207407,0,0.2730423917481409,-1.109762475828853,1,1,0.0,1,0,0,0,0,0,0,0,0,0,0,0,0,0,0,0,0,0,1,0
0,1,1,0,1.5270719577121736,0,1,0.8601184238353119,1.8300841000254682,1,-0.5123917807216118,-0.031297311737476054,0,1,3.0,0,1,1,0,0,1,0,0,0,0,0,0,0,0,0,1,0,1,0,0
1,1,1,0,0.7536629957788878,1,1,0.9530323111261518,1.1144419011561773,1,-0.4523496255134926,0.5079352703082123,0,0,3.0,0,1,1,0,0,1,0,0,0,1,0,0,0,0,0,1,0,0,0,0
1,1,1,0,0.9164859351332638,1,0,-0.16359351292268806,0.4461449877082646,1,-0.5363620337320096,-0.031297311737476054,0,0,3.0,0,1,0,0,0,1,0,1,0,0,0,0,0,0,0,0,1,0,0,0
1,1,0,0,-1.1188008067964355,0,1,0.8252757161012472,-0.7883866205683532,1,1.0638019998391823,-0.031297311737476054,1,1,0.0,0,1,1,0,0,0,0,1,0,0,0,0,0,0,0,1,0,1,0,1
0,0,1,0,1.4863662228735797,2,1,-1.3266762806169474,-0.25492943103137145,1,-0.6187008375842079,-1.109762475828853,0,0,3.0,0,1,0,1,1,0,1,0,1,0,1,0,1,0,1,0,1,0,0,0
1,0,1,0,-0.7524491932490895,0,0,-0.4887921184406264,-0.7154380227805487,1,-0.2743475117168227,-0.5705298937831644,0,0,1.0,0,0,0,0,0,0,0,0,0,1,0,0,0,0,0,0,1,0,0,0
0,0,1,0,1.6084834273893616,1,1,1.2085455011759603,2.2043926795315523,1,-0.49986491637303027,1.0471678523539008,0,1,3.0,0,1,1,0,0,0,0,1,0,1,0,0,0,1,0,1,0,1,0,0
0,0,1,0,1.5677776925507676,2,1,-0.11713656927726834,0.8824105116211943,0,-0.5615416768236742,1.5864004343995892,0,0,3.0,1,0,0,0,0,0,0,1,0,1,0,1,0,1,0,1,1,0,0,0
0,0,0,0,0.346605647392948,0,0,-1.4760021709057967,-0.6685973442010111,1,-0.603675308276514,-1.109762475828853,0,1,2.0,0,0,0,1,1,0,1,0,1,0,1,0,1,0,1,0,0,1,0,0
0,0,0,1,-0.2639803751859618,0,0,-0.634799655611946,-0.5056312737144514,0,-0.46440278753417336,0.5079352703082123,0,1,2.0,1,0,0,0,0,1,0,0,0,0,0,1,0,0,0,1,0,0,1,0
0,0,0,0,-0.1418631706701798,0,1,0.46357522629047915,0.03721599096634399,1,-0.35687824751273234,-0.5705298937831644,0,1,2.0,0,0,1,0,0,0,0,0,0,0,0,0,0,1,0,0,0,1,0,1
0,1,1,1,0.9164859351332638,1,0,0.3756388686759344,0.8140472542657661,1,-0.5029453113893967,1.0471678523539008,0,1,3.0,0,1,0,0,0,1,0,0,0,1,0,1,0,1,0,0,0,1,0,0
0,0,1,1,0.26519417771576004,0,0,-0.46058611694162177,-0.10238458880021228,1,-0.5127749687923314,-0.5705298937831644,0,0,2.0,0,0,0,0,0,1,0,0,0,0,0,0,0,0,0,0,1,0,0,0
1,0,0,0,-0.4675090493789317,0,1,0.5780584088452633,-0.1959123699639447,1,-0.22868515747202453,-0.5705298937831644,0,1,1.0,0,1,1,0,0,0,0,1,0,0,0,0,0,0,0,0,0,1,0,1
0,0,1,0,0.631545791263106,1,0,-1.003136851657774,-0.3048855083735761,0,-0.5781953635042125,-0.031297311737476054,0,1,2.0,1,0,0,0,0,0,0,1,0,1,0,0,0,0,0,0,0,0,1,1
0,0,1,1,1.5677776925507676,2,0,-0.17354857227527792,0.8000498992616699,0,-0.5642607126929193,1.5864004343995892,0,0,3.0,1,0,0,0,0,1,0,1,0,0,0,1,0,1,0,1,0,0,0,0
0,0,0,1,-0.7931549280876836,2,0,0.7970697146022425,-0.49915914248214993,1,0.07192513358767667,2.1256330164452777,0,0,1.0,0,1,0,0,0,1,0,1,0,1,0,1,0,1,0,1,1,0,0,0
0,0,0,0,-1.1595065416350294,0,0,-1.4859572302583868,-0.9718441167192164,1,-0.19565541479514148,-1.109762475828853,0,1,0.0,0,0,0,1,1,0,1,0,1,0,1,0,1,0,1,0,0,0,1,0
0,0,0,0,1.5270719577121736,2,1,1.560290931634139,2.4118519098116966,1,-0.478168422871097,2.1256330164452777,0,0,3.0,0,1,1,0,0,1,0,1,0,1,0,1,0,1,0,1,1,0,0,0
0,0,0,0,0.387311382231542,1,0,0.29765757041397994,0.37789142749236715,1,-0.4618337759878551,1.5864004343995892,0,0,2.0,0,0,0,0,0,1,0,1,0,1,0,1,0,0,0,1,1,0,0,1
0,0,0,0,-1.2409180113122174,0,1,-1.4677062881119718,-0.9914360258393696,1,0.13485139227592002,-1.109762475828853,0,0,0.0,0,0,0,1,1,0,1,0,1,0,1,0,1,0,1,0,0,0,0,0
0,0,0,0,-0.7931549280876836,2,1,-1.477661347464562,-0.8942662996432236,1,-0.4919434981873672,-1.109762475828853,0,1,1.0,0,0,0,1,1,0,1,0,1,0,1,0,1,0,1,0,0,0,1,0
0,0,1,1,-1.0780950719578415,0,0,-0.6447547149645358,-0.8837792531041045,1,0.08878772578517981,-1.109762475828853,1,1,0.0,0,0,0,0,0,0,0,0,0,0,0,0,0,0,0,0,0,0,1,0
0,0,0,0,-1.2816237461508113,0,0,0.20474368312314,-0.977723883398053,1,3.434161504675192,-1.109762475828853,1,1,0.0,0,0,1,0,0,0,0,0,0,0,0,0,0,0,0,0,0,0,1,1
0,0,1,0,-0.1418631706701798,0,0,-1.4959122896109767,-0.757473966648649,1,-0.5835498730359168,-1.109762475828853,0,1,2.0,0,0,0,1,1,0,1,0,1,0,1,0,1,0,1,0,0,0,1,0
1,0,0,0,1.0793088744876398,0,1,-0.4390168216776767,0.30998889812296726,0,-0.5605180397905467,0.5079352703082123,0,1,3.0,1,0,0,0,0,0,0,0,0,0,0,1,0,1,0,1,0,1,0,0
0,0,0,1,1.3235432835192036,2,0,-0.6530505977583607,0.2784619402218919,0,-0.5807930323898801,0.5079352703082123,0,1,3.0,1,0,0,0,0,0,0,1,0,0,0,1,0,1,0,0,0,0,1,0
1,0,1,1,1.5677776925507676,2,0,0.8451858348064274,1.9169422951057447,1,-0.5151581237600816,2.1256330164452777,0,1,3.0,0,1,0,0,0,1,0,1,0,1,0,1,0,1,0,1,0,1,0,0
1,0,0,0,0.7536629957788878,0,0,0.6129011165793284,0.8118094326193431,1,-0.47504926885628534,-0.5705298937831644,0,0,3.0,0,1,1,0,0,0,0,0,0,0,0,0,0,0,0,1,0,0,0,0
0,0,1,0,-0.5896262538947137,2,0,-1.4876164068171518,-0.8463505890962867,1,-0.5379205788388391,-1.109762475828853,0,1,1.0,0,0,0,1,1,0,1,0,1,0,1,0,1,0,1,0,0,0,1,0
0,0,0,0,-0.6710377235719016,0,1,-0.8637660207215148,-0.7173906318641922,0,-0.396235586087909,-0.031297311737476054,0,1,1.0,1,0,0,0,0,1,0,0,0,0,0,0,0,1,0,0,0,1,0,0
0,0,0,1,0.06166550352279012,2,1,1.6996617625703982,0.7229328101717054,1,-0.2775829359108151,2.1256330164452777,0,0,2.0,0,1,1,0,0,1,0,1,0,1,0,1,0,1,0,1,1,0,0,0
0,0,0,0,-0.6303319887333076,0,0,0.5017362871420736,-0.41846592664348986,1,-0.1476084515527165,-0.5705298937831644,0,0,1.0,0,1,1,0,0,0,0,0,0,1,0,0,0,0,0,0,0,0,0,0
1,0,1,1,-0.06045170099299184,1,0,-0.16525268948145297,-0.1976894636243393,0,-0.44400335421123405,1.5864004343995892,0,1,2.0,1,0,0,0,0,1,0,0,0,1,0,1,0,1,0,1,0,1,0,0
1,0,1,1,-0.1825689055087738,1,0,0.904916190921967,0.11795308566081623,1,-0.2936201262026037,-0.031297311737476054,0,0,2.0,0,1,1,0,0,0,0,0,0,0,0,0,0,1,0,1,0,0,0,0
1,0,1,1,0.8350744654560759,0,1,0.9165304268333218,1.088246224236286,1,-0.46237683923944173,0.5079352703082123,0,1,3.0,0,0,1,0,0,0,0,1,0,0,0,1,0,1,0,0,0,1,0,0
0,0,0,0,1.1200146093262338,1,0,-0.005971739840013817,0.7635646306538147,1,-0.5375082315223237,0.5079352703082123,0,1,3.0,0,1,0,0,0,1,0,0,0,1,0,1,0,0,0,0,0,1,0,0
1,0,1,1,-0.38609757970174374,1,1,-0.5501816511149312,-0.5406685400805036,1,-0.42774911772817337,-1.109762475828853,0,0,1.0,0,1,0,0,0,0,0,0,0,0,0,0,0,0,0,0,1,0,0,1
1,0,1,0,1.4863662228735797,1,1,1.4026691585514646,2.201738008754914,1,-0.48338881726765837,1.5864004343995892,0,0,3.0,0,1,1,0,0,1,0,1,0,1,0,1,0,0,0,1,1,0,0,0
1,0,0,0,-0.30468611002455576,2,1,-1.466047111553207,-0.7897907439543439,1,-0.5678409816429207,-1.109762475828853,0,1,2.0,0,0,0,1,1,0,1,0,1,0,1,0,1,0,1,0,0,0,1,0
1,0,0,0,0.6722515261016999,0,0,1.1206091435614158,1.150159289787319,1,-0.4324226605575464,0.5079352703082123,0,1,3.0,0,1,1,0,0,0,0,1,0,0,0,0,0,1,0,1,0,1,0,0
1,1,0,0,0.9164859351332638,0,1,1.1239274966789456,1.4560826725100693,1,-0.4565731828462631,0.5079352703082123,0,1,3.0,0,1,1,0,0,1,0,0,0,0,0,0,0,1,0,1,0,1,0,1
0,1,1,0,-0.6710377235719016,0,1,0.6776090023711627,-0.40552166417888696,1,-0.08158009954454343,-0.5705298937831644,0,0,1.0,0,1,1,0,0,0,0,0,0,0,0,0,0,0,0,1,1,0,0,1
0,0,0,0,1.2014260790034217,1,1,0.9646465470375066,1.5172717369402005,1,-0.48792206698579466,-0.031297311737476054,0,0,3.0,0,1,1,0,0,0,0,0,0,0,0,0,0,1,0,1,0,0,0,0
0,0,1,1,1.0386031396490458,0,1,0.9447364283323268,1.3761573366481232,1,-0.47744403900141996,0.5079352703082123,0,0,3.0,0,1,1,0,0,1,0,1,0,0,0,0,0,0,0,1,0,0,0,1
0,0,1,1,1.4863662228735797,2,0,-1.5108448786398618,-0.4182245929365227,1,-0.6278313143350511,-1.109762475828853,0,1,3.0,0,0,0,1,1,0,1,0,1,0,1,0,1,0,1,0,0,0,1,0
1,0,1,0,-1.2816237461508113,0,0,0.37397969211716947,-0.9754860617516302,1,3.7278173785536617,-0.5705298937831644,1,1,0.0,0,0,1,0,0,0,0,0,0,1,0,0,0,0,0,0,0,1,0,1
0,0,0,0,-0.22327464034736777,0,1,-0.29135010794759253,-0.3773514387474462,1,-0.4288115981308616,-0.031297311737476054,0,1,2.0,0,0,0,0,0,0,0,1,0,0,0,1,0,0,0,0,0,0,1,0
1,1,0,0,0.6722515261016999,2,0,0.5448748776699633,0.7729547057976285,1,-0.4723828912382636,1.5864004343995892,0,0,3.0,0,1,0,0,0,1,0,1,0,1,0,1,0,0,0,1,1,0,0,0
0,0,0,0,-1.2816237461508113,0,1,0.680927355488693,-0.9714272675890004,1,4.260428522352846,-0.031297311737476054,1,1,0.0,0,0,1,0,0,0,0,0,0,1,0,0,0,1,0,0,0,1,0,1
1,0,0,0,1.3235432835192036,1,0,-1.3316538102932427,-0.30644320775490963,1,-0.6164749255616846,-1.109762475828853,0,0,3.0,0,1,0,1,1,0,1,0,1,0,1,0,1,0,1,0,1,0,0,0
0,0,0,0,0.26519417771576004,0,1,1.2782309166440902,0.7437972061104127,1,-0.36191646103515707,1.0471678523539008,0,1,2.0,0,1,1,0,0,0,0,1,0,1,0,0,0,1,0,1,0,1,0,1
1,0,1,0,0.428017117070136,0,1,0.7024966507526377,0.5495016325739328,1,-0.4344013044136259,0.5079352703082123,0,0,2.0,0,0,1,0,0,1,0,1,0,1,0,0,0,0,0,0,1,0,0,0
0,0,1,0,-0.5082147842175256,0,1,-1.3432680462045974,-0.7970746340191713,0,-0.5256686825823735,-1.109762475828853,0,1,1.0,1,0,0,0,0,0,0,0,0,0,0,0,0,0,0,0,0,1,0,1
1,0,1,0,-0.8338606629262776,0,1,0.667653943018573,-0.5702209494700292,1,0.09365984435631577,-0.031297311737476054,0,0,1.0,0,0,1,0,0,0,0,1,0,0,0,0,0,0,0,1,1,0,0,0
1,0,0,1,-1.0780950719578415,0,0,-1.5025489958460367,-0.9646479843660134,1,-0.3364786237811188,-1.109762475828853,0,1,0.0,0,0,0,1,1,0,1,0,1,0,1,0,1,0,1,0,0,0,1,0
0,0,0,0,1.4456604880349857,2,0,-1.3084253384705327,-0.2095367546936369,1,-0.6171880323881223,-1.109762475828853,0,0,3.0,0,1,0,1,1,0,1,0,1,0,1,0,1,0,1,0,0,0,0,0
0,0,1,0,0.590840056424512,1,1,0.03716685068787588,0.3168559390575785,1,-0.5012830436626103,0.5079352703082123,0,0,2.0,0,0,0,0,0,1,0,0,0,1,0,0,0,1,0,0,1,0,0,0
1,0,1,1,1.2014260790034217,2,0,1.679751643865218,2.1323874771437112,1,-0.448530320443118,2.1256330164452777,0,0,3.0,0,1,1,0,0,1,0,1,0,1,0,1,0,1,0,1,0,0,0,0
0,0,1,0,0.9571916699718578,0,1,1.1206091435614158,1.4787899803928897,1,-0.46033966685443456,1.0471678523539008,0,1,3.0,0,0,1,0,0,0,0,0,0,1,0,1,0,1,0,1,0,1,0,0
0,0,1,0,-0.6303319887333076,1,0,-1.5125040551986266,-0.8742136625370421,1,-0.5359507509954852,-1.109762475828853,0,1,1.0,0,0,0,1,1,0,1,0,1,0,1,0,1,0,1,0,0,0,1,0
0,0,0,0,0.1023712383613841,0,0,0.5017362871420736,0.23543872209801703,1,-0.4036776531210331,-0.5705298937831644,0,0,2.0,0,1,1,0,0,0,0,0,0,0,0,1,0,0,0,0,1,0,0,0
0,1,1,0,-1.2409180113122174,0,0,0.473530285643069,-0.9330771476091261,1,2.380455133699509,-0.5705298937831644,1,1,0.0,0,1,1,0,0,0,0,0,0,1,0,0,0,0,0,0,0,1,0,1
0,0,1,0,-1.2816237461508113,0,0,-0.9931817923051841,-0.9935641503462619,0,1.3555385542805374,-0.5705298937831644,1,1,0.0,1,0,0,0,0,0,0,0,0,0,0,0,0,0,0,1,0,1,0,0
0,0,1,1,0.631545791263106,1,1,1.27159421040903,1.2014975510876085,1,-0.4170900401399143,1.0471678523539008,0,0,2.0,0,1,1,0,0,1,0,1,0,0,0,0,0,1,0,1,1,0,0,1
0,0,0,0,0.5094285867473239,0,1,0.8086839505135972,0.830545704051158,1,-0.4361878646011374,-0.031297311737476054,0,0,2.0,0,1,1,0,0,0,0,0,0,1,0,0,0,0,0,1,1,0,0,0
1,0,1,1,1.5270719577121736,2,1,0.8368899520126024,1.7278244265551055,1,-0.5135271527830033,2.1256330164452777,0,0,3.0,0,1,0,0,0,1,0,1,0,1,0,1,0,1,0,1,1,0,0,0
1,0,0,0,-0.06045170099299184,0,1,0.44864263726159415,0.059594207430572706,1,-0.377426961236336,-0.031297311737476054,0,1,2.0,0,0,1,0,0,0,0,1,0,0,0,1,0,0,0,0,0,1,0,1
1,0,0,0,1.0793088744876398,2,0,-1.3250171040581826,-0.3461316328370565,1,-0.6117638687614951,-1.109762475828853,0,1,3.0,0,1,0,1,1,0,1,0,1,0,1,0,1,0,1,0,0,0,1,0
1,1,1,1,0.590840056424512,1,1,0.6643355899010431,0.7541526160820952,1,-0.4559391219607879,-0.031297311737476054,0,0,2.0,0,0,1,0,0,0,0,1,0,0,0,0,0,1,0,0,0,0,0,0
1,0,1,1,-0.019745966154397852,2,0,-1.5257774676687466,-0.7395275146214537,1,-0.5936175759015067,-1.109762475828853,0,1,2.0,0,0,0,1,1,0,1,0,1,0,1,0,1,0,1,0,0,0,1,0
1,0,0,0,0.22448844287716607,1,0,0.18815191753549007,0.17940542322582068,1,-0.45127923582740975,1.0471678523539008,0,1,2.0,0,0,0,0,0,1,0,1,0,0,0,1,0,1,0,0,0,0,1,0
0,0,0,0,1.0793088744876398,0,1,0.6079235869030333,1.162686703121706,1,-0.49996351154959434,-0.031297311737476054,0,1,3.0,0,1,1,0,0,0,0,1,0,1,0,0,0,0,0,0,0,1,0,0
1,0,0,0,-0.22327464034736777,1,1,1.1803394996769556,0.1641575208310766,1,-0.24640770448226057,0.5079352703082123,0,0,2.0,0,1,1,0,0,0,0,0,0,1,0,0,0,1,0,1,0,0,0,0
0,0,1,0,1.0386031396490458,1,1,0.9746016063900964,1.4527478794683408,1,-0.47568737375389164,0.5079352703082123,0,1,3.0,0,1,1,0,0,0,0,1,0,1,0,0,0,0,0,1,0,1,0,0
0,0,0,0,1.5677776925507676,2,0,1.5387216363701939,2.4951997964269954,1,-0.48172997689700964,2.1256330164452777,0,1,3.0,0,1,1,0,0,1,0,1,0,1,0,1,0,1,0,1,0,0,1,0
0,1,0,0,-0.22327464034736777,0,1,0.7141108866639929,0.044631517598608055,1,-0.3041929289639482,-0.031297311737476054,0,0,2.0,0,1,1,0,0,0,0,1,0,1,0,0,0,0,0,0,0,0,0,0
1,1,1,0,1.3235432835192036,1,1,1.2682758572915003,1.9715275917361377,1,-0.47976703656359737,1.0471678523539008,0,0,3.0,0,1,1,0,0,0,0,1,0,1,0,0,0,1,0,1,0,0,0,0
1,0,0,0,0.631545791263106,1,1,0.1997661534468453,0.583529685256304,1,-0.4930010823670016,0.5079352703082123,0,0,2.0,0,1,0,0,0,1,0,0,0,0,0,1,0,0,0,1,0,0,0,0
0,0,0,0,-0.1825689055087738,0,1,0.5199872292884885,-0.023863376324256877,1,-0.339683792693344,-0.5705298937831644,0,1,2.0,0,0,1,0,0,0,0,0,0,0,0,0,0,0,0,1,0,1,0,0
0,0,0,0,-0.5489205190561197,0,0,-1.3349721634107725,-0.8045121000793415,1,-0.517525284399189,-1.109762475828853,0,0,1.0,0,1,0,1,1,0,1,0,1,0,1,0,1,0,1,0,0,0,0,0
0,0,1,1,1.0386031396490458,2,0,0.3607062796470494,0.9286588256472669,1,-0.511796603841972,1.0471678523539008,0,1,3.0,0,1,0,0,0,1,0,0,0,1,0,1,0,1,0,0,0,0,1,0
0,0,0,0,0.8350744654560759,1,1,1.1737027934418955,1.2731297832010464,1,-0.44584936630873623,1.0471678523539008,0,1,3.0,0,0,1,0,0,0,0,1,0,1,0,0,0,1,0,1,0,0,1,0
0,1,1,1,0.30589991255435406,0,1,0.9828974891839214,0.588466056535178,1,-0.3941785823296245,-0.031297311737476054,0,0,2.0,0,1,1,0,0,0,0,0,0,0,0,0,0,1,0,1,1,0,0,1
1,0,0,1,-1.2816237461508113,0,0,-1.5158224083161567,-1.0004750701366856,1,0.4486601202440882,-1.109762475828853,0,1,0.0,0,0,0,1,1,0,1,0,1,0,1,0,1,0,1,0,0,0,1,1
1,0,0,0,0.30589991255435406,0,1,1.313073624378155,0.7624018409747911,1,-0.36623141881847415,1.0471678523539008,0,0,2.0,0,1,1,0,0,0,0,1,0,1,0,0,0,1,0,1,1,0,0,1
1,0,1,0,1.1607203441648277,2,0,-1.3100845150292975,-0.33380167435382463,1,-0.6124758743591344,-1.109762475828853,0,0,3.0,0,1,0,1,1,0,1,0,1,0,1,0,1,0,1,0,0,0,0,0
1,1,1,0,1.3642490183577978,1,1,1.5237890473413087,2.278372430430944,1,-0.4692185923573139,1.5864004343995892,0,1,3.0,0,1,1,0,0,0,0,1,0,1,0,1,0,1,0,1,0,1,0,1
1,0,0,1,0.30589991255435406,1,0,-0.8189682536348599,-0.32263450554961637,0,-0.5466942585764049,0.5079352703082123,0,1,2.0,1,0,0,0,0,1,0,1,0,0,0,1,0,0,0,0,0,0,1,0
1,0,0,0,-0.7117434584104956,0,1,1.1537926747367158,-0.3214497764426866,1,0.0578386998617137,0.5079352703082123,0,1,1.0,0,1,1,0,0,1,0,0,0,0,0,0,0,1,0,1,0,1,0,0
1,0,1,1,1.4456604880349857,2,0,-1.3001294556767078,-0.269058422602904,1,-0.6167707890322278,-1.109762475828853,0,1,3.0,0,1,0,1,1,0,1,0,1,0,1,0,1,0,1,0,0,0,1,0
1,1,1,0,-0.8338606629262776,0,1,0.5150096996121938,-0.5919848619528869,1,0.05291121630681481,-0.5705298937831644,0,1,1.0,0,0,1,0,0,0,0,0,0,0,0,0,0,0,0,1,0,1,0,1
0,0,0,0,-1.2816237461508113,0,0,-1.5108448786398618,-1.0004092518529673,1,0.4572970577111019,-1.109762475828853,0,0,0.0,0,0,0,1,1,0,1,0,1,0,1,0,1,0,1,0,1,0,0,0
0,0,1,1,-0.9966836022806536,2,0,-1.5075265255223318,-0.9377721851810328,1,-0.4102353278645065,-1.109762475828853,0,1,1.0,0,0,0,1,1,0,1,0,1,0,1,0,1,0,1,0,0,0,1,0
0,0,0,0,0.30589991255435406,0,0,0.3275227484717495,0.2950262082910024,1,-0.44965159532914406,-0.5705298937831644,0,0,2.0,0,0,1,0,0,0,0,1,0,0,0,0,0,0,0,0,1,0,0,0
1,1,1,0,1.6084834273893616,2,1,1.2516840917038503,2.3040635005089953,1,-0.49781413670049723,1.0471678523539008,0,0,3.0,0,1,1,0,0,1,0,1,0,1,0,0,0,0,0,1,1,0,0,0
0,0,0,1,-0.9559778674420595,0,1,0.26447403923868007,-0.7230948831197799,1,0.17976346710439195,1.0471678523539008,0,1,1.0,0,0,0,0,0,0,0,0,0,1,0,1,0,1,0,1,0,0,1,1
0,0,0,0,-0.7117434584104956,0,0,-0.19843622065675282,-0.5898128585901823,1,-0.23545730162229664,0.5079352703082123,0,1,1.0,0,0,0,0,0,1,0,0,0,1,0,1,0,0,0,0,0,1,0,0
1,0,0,0,-1.2816237461508113,0,0,-1.5091857020810966,-1.000387312425061,1,0.4601760368667732,-1.109762475828853,0,1,0.0,0,0,0,1,1,0,1,0,1,0,1,0,1,0,1,0,0,1,0,0
0,0,0,0,0.020959768684196134,0,1,0.6112419400205631,0.20119127513658455,1,-0.377437545718526,-0.5705298937831644,0,1,2.0,0,1,1,0,0,0,0,0,0,0,0,0,0,0,0,1,0,1,0,1
0,0,1,1,0.22448844287716607,2,1,-1.4925939364934466,-0.677022084516956,1,-0.6008385119656146,-1.109762475828853,0,1,2.0,0,0,0,1,1,0,1,0,1,0,1,0,1,0,1,0,0,0,1,0
0,0,0,0,0.9164859351332638,2,1,-0.005971739840013817,0.5782203437030263,1,-0.5265940687395536,0.5079352703082123,0,1,3.0,0,0,0,0,0,0,0,1,0,1,0,0,0,0,0,1,0,0,1,0
0,0,1,1,1.3235432835192036,2,1,0.48016699187812906,1.2165699380591035,1,-0.5212068880467444,1.0471678523539008,0,0,3.0,0,1,0,0,0,0,0,1,0,0,0,1,0,1,0,1,0,0,0,0
0,0,1,0,-1.1595065416350294,0,0,-0.3394662281517771,-0.9057844992939293,1,0.600094423832397,-0.031297311737476054,1,1,0.0,0,0,0,0,0,1,0,1,0,0,0,0,0,0,0,0,0,0,1,0
0,0,0,1,0.428017117070136,1,1,1.3628489211411048,0.9797996320964014,1,-0.3823179542337548,1.5864004343995892,0,0,2.0,0,0,1,0,0,1,0,1,0,0,0,1,0,1,0,1,1,0,0,0
0,0,0,0,-0.5896262538947137,0,1,-0.986545086070124,-0.742445458532966,0,-0.44639934673223675,-0.031297311737476054,0,1,1.0,1,0,0,0,0,0,0,0,0,1,0,1,0,0,0,0,0,1,0,0
1,1,0,0,-1.2816237461508113,0,1,0.9497139580086216,-0.9678730802682111,1,4.726823145571591,-0.031297311737476054,1,1,0.0,0,1,1,0,0,0,0,0,0,0,0,0,0,1,0,1,0,1,0,1
1,0,0,0,-1.2816237461508113,0,0,-1.5274366442275116,-1.0006286461320282,1,0.4285072661543893,-1.109762475828853,0,1,0.0,0,0,0,1,1,0,1,0,1,0,1,0,1,0,1,0,0,0,1,0
1,0,1,0,-1.2002122764736234,0,1,0.1781968581829002,-0.9172807595167294,1,1.364175491747551,-1.109762475828853,1,1,0.0,0,0,1,0,0,0,0,0,0,0,0,0,0,0,0,0,0,1,0,1
0,0,1,0,0.346605647392948,2,0,-1.469365464670737,-0.624740427816704,1,-0.6031269312944815,-1.109762475828853,0,0,2.0,0,0,0,1,1,0,1,0,1,0,1,0,1,0,1,0,1,0,0,0
0,0,0,0,-0.6710377235719016,0,1,0.7804779490145926,-0.384920541375053,1,-0.0605804868796471,-0.031297311737476054,0,1,1.0,0,1,1,0,0,0,0,0,0,1,0,0,0,0,0,1,0,1,0,1
0,0,0,0,-1.1188008067964355,0,0,0.5067138168183688,-0.8403172464221074,1,0.8795473338762213,-0.5705298937831644,1,1,0.0,0,0,1,0,0,0,0,0,0,0,0,0,0,1,0,0,0,1,0,0
1,0,0,0,0.9571916699718578,0,1,1.3412796258771595,1.5336166107302498,1,-0.4469044307946353,1.0471678523539008,0,1,3.0,0,1,1,0,0,1,0,0,0,0,0,1,0,1,0,1,0,0,1,0
0,1,1,0,-0.1825689055087738,0,0,-1.3017886322354726,-0.6865876750840185,1,-0.5576920073779682,-1.109762475828853,0,1,2.0,0,1,0,1,1,0,1,0,1,0,1,0,1,0,1,0,0,0,1,0
0,0,1,0,0.8757802002946699,2,0,-1.4892755833759168,-0.5252012434066984,1,-0.6177661040921069,-1.109762475828853,0,0,3.0,0,0,0,1,1,0,1,0,1,0,1,0,1,0,1,0,1,0,0,0
1,0,0,0,-1.2816237461508113,0,1,-1.5075265255223318,-1.000365372997155,1,0.46305501602244453,-1.109762475828853,0,1,0.0,0,0,0,1,1,0,1,0,1,0,1,0,1,0,1,0,0,0,1,0
1,0,1,0,0.387311382231542,1,1,1.4391710428442943,1.003428395951278,1,-0.36970644300637456,1.0471678523539008,0,1,2.0,0,1,1,0,0,0,0,0,0,1,0,1,0,1,0,1,0,1,0,0
1,0,0,0,1.3642490183577978,2,1,1.3512346852297499,1.9943665361863943,1,-0.4781563186913381,1.5864004343995892,0,0,3.0,0,0,1,0,0,1,0,0,0,1,0,1,0,1,0,1,0,0,0,0
0,1,1,0,-0.9966836022806536,0,1,0.6328112352845081,-0.7397688483284208,1,0.41507203009459015,-0.5705298937831644,1,1,1.0,0,1,1,0,0,0,0,0,0,0,0,0,0,0,0,1,0,1,0,1
0,0,1,1,-0.7524491932490895,0,0,-1.3067661619117676,-0.8454949514079485,1,-0.46359240821628067,-1.109762475828853,0,1,1.0,0,1,0,1,1,0,1,0,1,0,1,0,1,0,1,0,0,0,1,0
0,0,0,0,0.428017117070136,0,1,-0.5269531792922214,-0.09790894550736662,0,-0.53137055688419,0.5079352703082123,0,0,2.0,1,0,0,0,0,0,0,0,0,1,0,0,0,1,0,1,0,0,0,1
0,0,1,0,1.5270719577121736,2,1,-0.5004063543519814,0.4698834487026719,0,-0.5788921443173988,1.0471678523539008,0,0,3.0,1,0,0,0,0,1,0,0,0,1,0,1,0,0,0,1,0,0,0,0
1,0,1,1,-0.06045170099299184,0,0,0.8086839505135972,0.22977834969824149,1,-0.3383808064375445,0.5079352703082123,0,1,2.0,0,1,1,0,0,1,0,0,0,1,0,1,0,0,0,0,0,1,0,0
1,0,1,0,1.6084834273893616,2,1,1.5586317550753739,2.5325626421510954,1,-0.48322205056901274,1.5864004343995892,0,0,3.0,0,1,1,0,0,1,0,0,0,1,0,1,0,1,0,1,1,0,0,0
0,0,0,1,0.06166550352279012,2,0,0.09026050056835591,0.017536324134566416,1,-0.43716063768230823,1.0471678523539008,0,0,2.0,0,0,0,0,0,1,0,0,0,1,0,1,0,1,0,0,1,0,0,0
1,0,1,1,-0.5489205190561197,1,0,-1.497571466169742,-0.8577590916074621,1,-0.5457392801247675,-1.109762475828853,0,1,1.0,0,0,0,1,1,0,1,0,1,0,1,0,1,0,1,0,0,0,1,0
0,0,1,0,0.8350744654560759,1,1,1.3661672742586346,1.5227785333446333,1,-0.43348041882511157,1.5864004343995892,0,0,3.0,0,0,1,0,0,1,0,1,0,1,0,0,0,1,0,1,0,0,0,1
0,0,1,1,-1.2002122764736234,0,0,-0.817309077076095,-0.9683338082542393,0,0.5004817450461709,-0.031297311737476054,1,1,0.0,1,0,0,0,0,0,0,1,0,0,0,0,0,0,0,1,0,0,1,0
1,0,0,0,-0.7931549280876836,0,1,0.4934404043482487,-0.5817830279765474,1,-0.0033396071963007258,-0.031297311737476054,0,1,1.0,0,0,1,0,0,0,0,1,0,1,0,0,0,0,0,0,0,1,0,1
1,0,1,0,-0.3453918448631497,1,0,0.31424933600162985,-0.257320828673137,1,-0.317033175998242,1.0471678523539008,0,0,1.0,0,0,0,0,0,1,0,0,0,0,0,1,0,1,0,1,0,0,0,0
0,1,0,0,-1.1595065416350294,0,1,0.7937513614847123,-0.8454949514079485,1,1.386631529161787,-0.031297311737476054,1,1,0.0,0,1,1,0,0,0,0,0,0,1,0,0,0,0,0,1,0,1,0,1
0,1,0,0,-0.019745966154397852,0,1,0.48348534499565887,0.16044975751494467,1,-0.3823179542337548,-0.5705298937831644,0,1,2.0,0,0,1,0,0,0,0,0,0,0,0,0,0,0,0,1,0,1,0,0
0,0,0,0,0.26519417771576004,1,1,-0.817309077076095,-0.29352088471821286,0,-0.5437239947157977,0.5079352703082123,0,0,2.0,1,0,0,0,0,1,0,1,0,0,0,1,0,0,0,0,0,0,0,0
1,0,1,0,1.6084834273893616,2,1,1.4872871630484792,2.3955947937332716,1,-0.4866137246428173,1.5864004343995892,0,0,3.0,0,1,1,0,0,0,0,1,0,1,0,1,0,1,0,1,1,0,0,0
0,0,0,0,1.1200146093262338,0,1,1.359530568023575,1.7977673227197735,1,-0.45982299069880067,1.0471678523539008,0,1,3.0,0,1,1,0,0,0,0,1,0,1,0,0,0,1,0,1,0,1,0,1
0,0,0,1,-1.1595065416350294,0,1,-1.3100845150292975,-0.9719757532866531,1,-0.07358669859467969,-1.109762475828853,0,1,0.0,0,1,0,1,1,0,1,0,1,0,1,0,1,0,1,0,0,0,1,0
1,0,0,0,1.6084834273893616,2,0,-1.3333129868520075,-0.22893120896263514,1,-0.6207031647699722,-1.109762475828853,0,0,3.0,0,1,0,1,1,0,1,0,1,0,1,0,1,0,1,0,0,0,0,0
0,0,1,0,-0.9559778674420595,0,1,-0.5369082386448113,-0.8148894494789298,0,-0.09834591933345256,0.5079352703082123,1,1,1.0,1,0,0,0,0,0,0,0,0,1,0,0,0,1,0,1,0,1,0,1
0,0,0,0,-0.1418631706701798,1,0,-0.8438559020163349,-0.5338234385737983,0,-0.5081206191573296,0.5079352703082123,0,0,2.0,1,0,0,0,0,1,0,1,0,0,0,1,0,0,0,0,1,0,0,0
1,0,0,0,-0.5896262538947137,1,0,-1.3664965180273074,-0.8226560069576916,1,-0.5157978969057863,-1.109762475828853,0,1,1.0,0,1,0,1,1,0,1,0,1,0,1,0,1,0,1,0,0,0,1,0
0,1,1,1,1.6084834273893616,2,1,0.8169798333074222,1.8207598431653729,1,-0.5184796857083294,2.1256330164452777,0,0,3.0,0,1,0,0,0,1,0,1,0,1,0,1,0,1,0,1,1,0,0,0
1,0,0,0,-1.2409180113122174,0,0,-1.4892755833759168,-0.9901854784487216,1,0.1099002395934358,-1.109762475828853,0,1,0.0,0,0,0,1,1,0,1,0,1,0,1,0,1,0,1,0,0,0,1,0
1,0,1,0,1.5677776925507676,1,1,1.482309633372184,2.4373894038944046,1,-0.48444901276625474,1.5864004343995892,0,1,3.0,0,1,1,0,0,1,0,1,0,1,0,0,0,1,0,1,0,1,0,0
1,0,1,0,-0.9966836022806536,0,1,-1.5058673489635668,-0.938210973739155,1,-0.40959555471880177,-1.109762475828853,0,0,1.0,0,0,0,1,1,0,1,0,1,0,1,0,1,0,1,0,0,0,0,0
0,1,1,1,1.6084834273893616,2,1,0.7672045365444724,1.8105799486169392,1,-0.5208459699458674,2.1256330164452777,0,0,3.0,0,1,0,0,0,1,0,1,0,1,0,1,0,1,0,1,1,0,0,0
1,0,1,1,1.5677776925507676,2,1,0.19644780032931503,1.1733492650840736,1,-0.5464270362564001,1.0471678523539008,0,0,3.0,0,0,0,0,0,1,0,0,0,1,0,1,0,0,0,1,1,0,0,0
1,0,0,0,0.46872285190873,1,1,1.3645080976998696,0.9703656780967755,1,-0.3883550862814049,1.5864004343995892,0,1,2.0,0,0,1,0,0,1,0,1,0,1,0,0,0,1,0,1,0,1,0,0
1,0,1,1,0.590840056424512,2,0,-1.3399496930870676,-0.4997295676077087,1,-0.6008477394629083,-1.109762475828853,0,1,2.0,0,1,0,1,1,0,1,0,1,0,1,0,1,0,1,0,0,0,1,0
0,1,0,0,-0.22327464034736777,1,1,1.512174811429954,0.2449604338092672,1,-0.2052794308298139,1.5864004343995892,0,0,2.0,0,1,1,0,0,1,0,1,0,1,0,0,0,1,0,1,0,0,0,0
1,0,0,0,-1.2816237461508113,0,0,-0.5037247074695115,-0.9870920191139605,1,2.2048374052035613,-0.5705298937831644,1,1,0.0,0,0,0,0,0,1,0,0,0,0,0,0,0,0,0,0,0,1,0,0
0,0,1,1,0.5501343215859179,1,0,-1.3266762806169474,-0.49733816996594304,1,-0.5986144887880747,-1.109762475828853,0,1,2.0,0,1,0,1,1,0,1,0,1,0,1,0,1,0,1,0,0,0,1,0
1,0,0,0,-0.8745663977648716,0,0,-1.003136851657774,-0.8406243984127929,0,-0.3267449323500397,-0.031297311737476054,1,1,1.0,1,0,0,0,0,0,0,1,0,1,0,0,0,0,0,0,0,0,1,0
1,1,1,0,0.346605647392948,0,1,1.1571110278542456,0.8600103557290595,1,-0.3861067406550711,0.5079352703082123,0,1,2.0,0,1,1,0,0,0,0,0,0,1,0,0,0,1,0,1,0,1,0,1
0,0,1,0,1.4863662228735797,2,1,-0.1154773927185032,0.8038015414336142,1,-0.5586535580516357,-0.031297311737476054,0,0,3.0,0,0,0,0,0,0,0,1,0,0,0,0,0,0,0,1,1,0,0,0
1,0,0,0,-0.7931549280876836,1,1,-1.4925939364934466,-0.8975572138291396,1,-0.49564504281608746,-1.109762475828853,0,1,1.0,0,0,0,1,1,0,1,0,1,0,1,0,1,0,1,0,0,1,0,0
0,0,1,1,0.5094285867473239,2,1,-1.4909347599346818,-0.6199795719610789,1,-0.6096776519820233,-1.109762475828853,0,0,2.0,0,0,0,1,1,0,1,0,1,0,1,0,1,0,1,0,0,0,0,0
1,0,0,0,-0.3453918448631497,1,0,-1.3382905165283026,-0.7488737109094551,1,-0.5464302351221286,-1.109762475828853,0,1,1.0,0,1,0,1,1,0,1,0,1,0,1,0,1,0,1,0,0,1,0,0
1,0,0,0,1.3235432835192036,2,0,-1.3001294556767078,-0.282836383327939,1,-0.6148173315023587,-1.109762475828853,0,1,3.0,0,1,0,1,1,0,1,0,1,0,1,0,1,0,1,0,0,0,1,0
0,1,1,0,-1.2816237461508113,0,1,-0.5103614137045716,-0.9871797768255848,1,2.193321488580876,-0.5705298937831644,1,1,0.0,0,0,0,0,0,1,0,0,0,0,0,0,0,0,0,0,0,1,0,1
1,0,1,1,0.7536629957788878,1,1,0.38061639835222955,0.7314453081992748,1,-0.4905514643098998,1.0471678523539008,0,0,3.0,0,0,0,0,0,1,0,0,0,0,0,1,0,1,0,1,0,0,0,0
0,0,0,0,-0.8745663977648716,1,0,-1.4909347599346818,-0.9159205149865508,1,-0.4678149109779318,-1.109762475828853,0,1,1.0,0,0,0,1,1,0,1,0,1,0,1,0,1,0,1,0,0,0,1,0
0,0,0,0,-1.1188008067964355,0,1,1.0393094921819312,-0.7840645532708501,1,1.1875981035330467,0.5079352703082123,1,1,0.0,0,0,1,0,0,0,0,1,0,0,0,0,0,1,0,1,0,1,0,1
1,0,0,0,-0.9966836022806536,0,1,-1.5008898192872717,-0.9348103624137084,1,-0.4076762352816876,-1.109762475828853,0,0,1.0,0,0,0,1,1,0,1,0,1,0,1,0,1,0,1,0,0,0,0,0
1,0,1,0,1.5677776925507676,2,0,0.5133505230534289,1.5040861407686303,1,-0.5311524524026998,1.5864004343995892,0,0,3.0,0,1,0,0,0,1,0,1,0,1,0,1,0,0,0,1,1,0,0,0
0,0,0,0,-0.7117434584104956,0,1,0.9646465470375066,-0.3483475150555732,1,0.016813246893398123,0.5079352703082123,0,0,1.0,0,0,1,0,0,0,0,0,0,1,0,0,0,1,0,1,1,0,0,0
0,0,1,0,-0.1825689055087738,0,0,-1.4743429943470319,-0.7618618522298702,1,-0.5783412371841621,-1.109762475828853,0,1,2.0,0,0,0,1,1,0,1,0,1,0,1,0,1,0,1,0,0,0,1,0
0,0,0,0,-0.6710377235719016,0,1,0.3258635719129846,-0.5133758917653071,1,-0.15338522672128557,-1.109762475828853,0,0,1.0,0,1,1,0,0,0,0,0,0,0,0,0,0,0,0,0,1,0,0,0
1,0,1,1,0.8350744654560759,1,0,-0.025881858545193533,0.5231304402307928,1,-0.5229420303661557,0.5079352703082123,0,0,3.0,0,1,0,0,0,1,0,1,0,0,0,1,0,0,0,0,0,0,0,0
0,0,1,1,-0.7524491932490895,0,0,-0.18184445506910288,-0.66629370427087,1,-0.2033326925435981,0.5079352703082123,0,0,1.0,0,0,0,0,0,1,0,1,0,0,0,1,0,0,0,0,0,0,0,0
0,0,0,0,0.6722515261016999,2,0,1.1853170293532507,1.148930681824577,1,-0.42793145307469926,1.0471678523539008,0,0,3.0,0,0,1,0,0,0,0,0,0,1,0,1,0,1,0,1,1,0,0,0
0,0,1,0,1.5677776925507676,2,1,-0.5933202416428212,0.4231085884068527,0,-0.5844935384258312,0.5079352703082123,0,1,3.0,1,0,0,0,0,0,0,0,0,1,0,1,0,0,0,1,0,1,0,0
0,0,1,1,0.5094285867473239,2,0,-1.462728758435677,-0.6174565377518766,1,-0.607549710866962,-1.109762475828853,0,1,2.0,0,0,0,1,1,0,1,0,1,0,1,0,1,0,1,0,0,0,1,0
0,0,1,0,0.8350744654560759,0,1,1.1106540842088262,1.250619930169381,1,-0.4499012628981995,0.5079352703082123,0,0,3.0,0,1,1,0,0,0,0,1,0,0,0,0,0,1,0,1,1,0,0,1
0,0,0,0,-0.2639803751859618,0,1,-0.6795974226986006,-0.48948385477555695,0,-0.47016074584551587,0.5079352703082123,0,0,2.0,1,0,0,0,0,0,0,0,0,1,0,1,0,1,0,0,1,0,0,0
0,0,1,0,1.4049547531963917,2,0,0.704155827311403,1.5728443078263687,1,-0.5138503521828323,1.5864004343995892,0,0,3.0,0,1,0,0,0,0,0,1,0,1,0,1,0,1,0,1,0,0,0,0
0,0,1,0,-1.2409180113122174,0,1,0.634470411843273,-0.9501021436642647,1,2.566629119099584,-0.5705298937831644,1,1,0.0,0,1,1,0,0,0,0,0,0,0,0,0,0,1,0,0,0,1,0,0
0,1,0,0,-0.6303319887333076,0,1,0.5880134681978536,-0.36388063001309673,1,-0.13097434976439357,-0.5705298937831644,0,0,1.0,0,1,1,0,0,0,0,0,0,1,0,0,0,0,0,0,1,0,0,0
0,1,0,0,-0.7931549280876836,0,1,0.5664441729339085,-0.5143192871652695,1,0.014756833210775746,-0.5705298937831644,0,1,1.0,0,1,1,0,0,0,0,0,0,0,0,0,0,0,0,1,0,1,0,1
1,0,0,1,1.5677776925507676,2,0,1.3860773929638146,2.2303250833165706,1,-0.489087368072614,1.0471678523539008,0,0,3.0,0,1,1,0,0,1,0,0,0,1,0,0,0,1,0,1,0,0,0,0
0,0,1,0,1.4456604880349857,1,0,-0.2216646924794628,0.7355699206456227,1,-0.5625291527659576,-0.031297311737476054,0,0,3.0,0,1,0,0,0,1,0,0,0,0,0,1,0,0,0,0,0,0,0,0
1,0,1,1,-1.2816237461508113,0,0,-1.5008898192872717,-1.0002776152855306,1,0.47457093264512956,-1.109762475828853,0,1,0.0,0,0,0,1,1,0,1,0,1,0,1,0,1,0,1,0,0,0,1,0
1,0,0,1,-0.9152721326034655,1,1,-1.4925939364934466,-0.9126076613727286,1,-0.4508900032142887,-1.109762475828853,0,0,1.0,0,0,0,1,1,0,1,0,1,0,1,0,1,0,1,0,0,0,0,0
0,0,1,1,0.346605647392948,2,0,0.44864263726159415,0.3629287376604023,1,-0.4446459834870536,1.5864004343995892,0,1,2.0,0,0,0,0,0,1,0,1,0,0,0,1,0,1,0,1,0,1,0,0
0,1,1,0,-0.06045170099299184,1,1,-0.4821554122055666,-0.31559194919175615,0,-0.4783711678820598,1.0471678523539008,0,0,2.0,1,0,0,0,0,1,0,1,0,1,0,0,0,0,0,1,1,0,0,0
1,0,0,0,-0.8745663977648716,0,1,0.14667250356636527,-0.6963945993580481,1,0.005777160129991511,0.5079352703082123,1,1,1.0,0,0,0,0,0,0,0,0,0,1,0,0,0,1,0,1,0,1,0,0
1,0,0,0,-1.2816237461508113,0,1,-1.3250171040581826,-0.9979520359274833,1,0.7797427231462839,-1.109762475828853,0,1,0.0,0,1,0,1,1,0,1,0,1,0,1,0,1,0,1,0,0,0,1,0
1,0,0,1,-0.4268033145403377,0,0,-1.4859572302583868,-0.8191456984927146,1,-0.558857411234087,-1.109762475828853,0,0,1.0,0,0,0,1,1,0,1,0,1,0,1,0,1,0,1,0,1,0,0,0
1,0,0,0,0.9978974048104517,2,1,0.8468450113651922,1.2858546513865883,1,-0.48015812046144196,-0.031297311737476054,0,0,3.0,0,1,1,0,0,0,0,0,0,0,0,1,0,1,0,0,1,0,0,0
0,0,1,0,-0.8338606629262776,0,1,-0.4539494107065617,-0.7403392734539798,1,-0.20575398783349597,-0.5705298937831644,0,1,1.0,0,0,0,0,0,0,0,1,0,0,0,0,0,0,0,0,0,1,0,0
0,0,0,0,1.4049547531963917,2,1,-1.3051069853530026,-0.22333665484657794,1,-0.6163928156392412,-1.109762475828853,0,0,3.0,0,1,0,1,1,0,1,0,1,0,1,0,1,0,1,0,0,0,0,0
1,0,1,0,-0.1418631706701798,0,0,-1.034661206274309,-0.566074397595775,0,-0.5301927926841427,-0.5705298937831644,0,1,2.0,1,0,0,0,0,0,0,0,0,0,0,0,0,1,0,0,0,0,1,0
1,0,1,1,-1.1595065416350294,0,1,-1.4743429943470319,-0.9748717577702591,1,-0.1875942731592619,-1.109762475828853,0,1,0.0,0,0,0,1,1,0,1,0,1,0,1,0,1,0,1,0,0,0,1,0
0,0,0,0,-0.30468611002455576,0,1,-0.5535000042324613,-0.44121711338212244,0,-0.446038017364521,0.5079352703082123,0,1,2.0,1,0,0,0,0,0,0,0,0,1,0,0,0,1,0,1,0,1,0,0
0,0,1,1,1.6084834273893616,2,0,-0.30794187353524244,0.6935997950612409,0,-0.5719577094766889,1.5864004343995892,0,0,3.0,1,0,0,0,0,1,0,1,0,1,0,1,0,0,0,1,1,0,0,0
1,0,1,1,1.6084834273893616,2,1,0.8120023036311275,1.7890354304131428,1,-0.5187163141320832,2.1256330164452777,0,1,3.0,0,1,0,0,0,1,0,1,0,1,0,1,0,1,0,1,0,0,1,0
0,0,0,0,-0.9559778674420595,0,0,-0.8023764880472101,-0.8512211420914423,0,-0.1904732523149331,-0.031297311737476054,1,1,1.0,1,0,0,0,0,0,0,1,0,0,0,0,0,0,0,1,0,1,0,0
1,0,1,1,0.8350744654560759,2,0,0.1582867394777205,0.6084748147855474,1,-0.5111062271706184,0.5079352703082123,0,0,3.0,0,1,0,0,0,1,0,1,0,0,0,0,0,0,0,1,0,0,0,0
0,0,1,0,1.4456604880349857,2,1,1.522129870782544,2.305511502750798,1,-0.47482459935695753,1.5864004343995892,0,0,3.0,0,1,1,0,0,1,0,1,0,1,0,0,0,1,0,1,0,0,0,0
1,1,0,0,0.9978974048104517,1,1,-0.3792864655621371,0.3231525548666312,1,-0.5535224513594098,-0.031297311737476054,0,1,3.0,0,0,0,0,0,0,0,0,0,1,0,1,0,0,0,0,0,1,0,0
0,0,1,1,-0.7117434584104956,0,1,-1.3167212212643575,-0.8356660877060128,1,-0.4780112954876009,-1.109762475828853,0,1,1.0,0,1,0,1,1,0,1,0,1,0,1,0,1,0,1,0,0,1,0,0
0,0,1,1,-0.38609757970174374,2,1,-1.5025489958460367,-0.8107867764604879,1,-0.5654602873411158,-1.109762475828853,0,1,1.0,0,0,0,1,1,0,1,0,1,0,1,0,1,0,1,0,0,0,1,0
1,0,1,1,-0.8338606629262776,2,1,-1.3582006352334823,-0.8906024151829036,1,-0.44714531703977917,-1.109762475828853,0,0,1.0,0,1,0,1,1,0,1,0,1,0,1,0,1,0,1,0,0,0,0,0
1,0,1,0,0.1023712383613841,1,0,-0.39090070147349204,-0.16166492300251226,0,-0.48972714121831873,1.0471678523539008,0,0,2.0,1,0,0,0,0,1,0,0,0,1,0,0,0,1,0,1,1,0,0,0
0,0,1,0,-0.5489205190561197,0,0,0.8202981864249524,-0.2361931595995564,1,-0.14354589207749147,-0.031297311737476054,0,1,1.0,0,1,1,0,0,0,0,0,0,1,0,0,0,0,0,1,0,0,1,1
1,0,0,0,-0.9966836022806536,0,0,0.6494030008721581,-0.7181585118409058,1,0.4214697615516374,-0.5705298937831644,1,0,1.0,0,1,1,0,0,0,0,0,0,0,0,0,0,0,0,1,0,0,0,1
1,0,0,0,0.8350744654560759,2,0,-1.5025489958460367,-0.5797865400370916,1,-0.6178417136456901,-1.109762475828853,0,0,3.0,0,0,0,1,1,0,1,0,1,0,1,0,1,0,1,0,0,0,0,0
1,0,0,0,-0.7931549280876836,0,1,-1.477661347464562,-0.898500609229102,1,-0.4919434981873672,-1.109762475828853,0,1,1.0,0,0,0,1,1,0,1,0,1,0,1,0,1,0,1,0,0,1,0,0
0,1,0,0,-1.2816237461508113,0,1,0.3441145140593994,-0.9758809714539399,1,3.6759957537515784,-0.5705298937831644,1,0,0.0,0,0,1,0,0,0,0,0,0,1,0,0,0,0,0,0,0,0,0,1
0,0,1,1,-0.38609757970174374,0,0,0.6859048851649877,-0.1890892078851455,1,-0.24901249514691556,-0.5705298937831644,0,1,1.0,0,1,1,0,0,0,0,0,0,0,0,0,0,0,0,1,0,1,0,0
0,1,0,0,-0.7524491932490895,0,1,-0.6165487134655309,-0.7137486868317785,0,-0.303905031048381,-0.031297311737476054,0,1,1.0,1,0,0,0,0,0,0,0,0,0,0,0,0,1,0,1,0,1,0,0
1,0,0,0,-0.10115743583158582,2,1,-0.30794187353524244,-0.2832312930302489,1,-0.45301757725308384,-0.031297311737476054,0,1,2.0,0,0,0,0,0,1,0,0,0,1,0,0,0,0,0,0,0,0,1,0
0,0,1,1,-0.9966836022806536,2,1,-1.4959122896109767,-0.9445953472598321,1,-0.4057569158445734,-1.109762475828853,0,1,1.0,0,0,0,1,1,0,1,0,1,0,1,0,1,0,1,0,0,0,1,0
1,0,0,0,-0.6710377235719016,0,1,0.21469874247573031,-0.4770661385807006,1,-0.17607835653657675,0.5079352703082123,0,0,1.0,0,1,0,0,0,0,0,1,0,1,0,0,0,0,0,1,0,0,0,0
1,1,1,0,1.0386031396490458,0,1,1.127245849796476,1.5275832680560706,1,-0.46670886248874743,0.5079352703082123,0,1,3.0,0,1,1,0,0,0,0,1,0,0,0,0,0,1,0,1,0,1,0,0
1,0,0,0,-1.0373893371192475,0,1,1.1571110278542456,-0.7135073531248113,1,0.7768637439906126,0.5079352703082123,1,1,1.0,0,1,1,0,0,0,0,1,0,0,0,0,0,1,0,1,0,1,0,1
0,1,0,0,-1.0780950719578415,0,1,1.1056765545325309,-0.7629368841972695,1,0.9565942998518048,0.5079352703082123,1,1,0.0,0,1,1,0,0,0,0,1,0,0,0,0,0,1,0,1,0,1,0,1
0,0,1,0,1.5677776925507676,2,0,0.5614666432576133,1.5906371838582207,1,-0.5288332747495201,1.5864004343995892,0,0,3.0,0,0,0,0,0,1,0,0,0,1,0,1,0,1,0,1,0,0,0,0
1,0,0,0,-1.2816237461508113,0,1,-0.6646648336697157,-0.9892201436208528,1,1.9255764271034481,-1.109762475828853,1,1,0.0,0,0,0,0,0,0,0,0,0,0,0,0,0,0,0,0,0,0,1,0
1,0,1,0,0.9978974048104517,0,1,1.26495750417397,1.5912295484116858,1,-0.4551407843500917,1.5864004343995892,0,1,3.0,0,1,1,0,0,1,0,1,0,1,0,1,0,1,0,0,0,1,0,0
0,0,0,0,-1.2816237461508113,0,0,-1.5141632317573919,-1.0004531307087794,1,0.4515390993997595,-1.109762475828853,0,1,0.0,0,0,0,1,1,0,1,0,1,0,1,0,1,0,1,0,0,1,0,1
0,0,0,0,-0.38609757970174374,0,1,-1.480979700582092,-0.8024278544282614,1,-0.5623413932558051,-1.109762475828853,0,0,1.0,0,0,0,1,1,0,1,0,1,0,1,0,1,0,1,0,0,0,0,0
0,0,0,0,0.26519417771576004,1,1,-0.2100504565681078,-0.0328366023378544,1,-0.4910386761670134,-0.031297311737476054,0,0,2.0,0,0,0,0,0,0,0,1,0,0,0,0,0,1,0,0,1,0,0,0
1,0,0,0,0.590840056424512,0,0,1.1886353824707805,1.039869785703321,1,-0.41803256307778286,1.0471678523539008,0,1,2.0,0,1,1,0,0,1,0,1,0,0,0,1,0,1,0,0,0,0,1,0
1,1,1,0,-0.8745663977648716,0,0,-1.4925939364934466,-0.9146919070238088,1,-0.46829474083721045,-1.109762475828853,0,1,1.0,0,0,0,1,1,0,1,0,1,0,1,0,1,0,1,0,0,0,1,1
0,0,0,1,0.346605647392948,0,1,0.7821371255733575,0.5904844839025399,1,-0.4170900401399143,-0.031297311737476054,0,0,2.0,0,1,1,0,0,0,0,1,0,0,0,0,0,1,0,0,0,0,0,0
0,0,0,0,-1.2002122764736234,2,0,0.20474368312314,-0.9153062110051797,1,1.387207324992921,1.0471678523539008,0,1,0.0,0,0,0,0,0,1,0,1,0,0,0,1,0,0,0,1,0,0,1,0
1,0,0,0,-0.1418631706701798,1,1,0.3457736906181643,-0.024324104310284998,1,-0.37050541551624305,1.0471678523539008,0,0,2.0,0,0,0,0,0,0,0,0,0,1,0,1,0,1,0,1,0,0,0,0
0,0,1,1,1.4863662228735797,1,1,1.3329837430833347,2.165625710421463,1,-0.48684359225446383,1.5864004343995892,0,0,3.0,0,1,1,0,0,1,0,1,0,1,0,1,0,1,0,0,1,0,0,0
0,1,0,0,0.22448844287716607,0,1,-0.25816657677229266,-0.021362281542960607,1,-0.4909943841800031,-0.031297311737476054,0,0,2.0,0,0,0,0,0,1,0,1,0,0,0,0,0,0,0,0,1,0,0,1
1,0,1,0,-0.6710377235719016,0,1,0.29599839385521454,-0.4454294835400949,1,-0.15948188846270717,-1.109762475828853,0,0,1.0,0,1,1,0,0,0,0,0,0,0,0,0,0,0,0,0,0,0,0,1
0,0,1,0,0.428017117070136,2,1,0.4602568731729489,0.5094182977894761,1,-0.4535072569921716,1.5864004343995892,0,1,2.0,0,0,0,0,0,1,0,0,0,1,0,1,0,1,0,1,0,1,0,0
0,0,0,0,-1.0780950719578415,1,1,-0.5203164730571613,-0.8967673944245197,0,0.1504801362638498,0.5079352703082123,0,1,0.0,1,0,0,0,0,0,0,0,0,0,0,1,0,1,0,1,0,0,1,0
0,0,1,0,-0.30468611002455576,1,1,-1.2652867479426428,-0.6870484030700468,1,-0.5410443295016728,-1.109762475828853,0,1,2.0,0,1,0,1,1,0,1,0,1,0,1,0,1,0,1,0,0,0,1,0
0,0,0,0,-1.2816237461508113,0,1,0.1732193285066055,-0.9781407325282689,1,3.3794609007174383,-1.109762475828853,1,1,0.0,0,0,1,0,0,0,0,0,0,0,0,0,0,0,0,0,0,0,1,1
1,1,1,0,0.346605647392948,0,1,0.9828974891839214,0.6810504422989478,1,-0.40050163643342745,0.5079352703082123,0,1,2.0,0,0,1,0,0,0,0,1,0,0,0,0,0,1,0,1,0,1,0,0
1,0,0,0,0.5094285867473239,0,1,1.2848676228791502,1.074380505799627,1,-0.40026321165863066,1.0471678523539008,0,0,2.0,0,1,1,0,0,0,0,0,0,1,0,1,0,1,0,1,0,0,0,0
0,0,0,0,-1.1188008067964355,0,1,0.6759498258123978,-0.8244331006180862,1,0.9774326251690444,-0.031297311737476054,1,1,0.0,0,0,1,0,0,0,0,1,0,0,0,0,0,1,0,0,0,0,1,0
0,0,1,0,0.5094285867473239,1,0,1.6050886987207935,1.199171971729561,1,-0.3761048213523457,2.1256330164452777,0,1,2.0,0,1,1,0,0,1,0,1,0,1,0,1,0,1,0,1,0,0,1,0
0,1,1,0,0.46872285190873,0,0,1.3014593884668002,0.963718031441225,1,-0.39321736218876074,1.0471678523539008,0,1,2.0,0,1,1,0,0,0,0,0,0,1,0,1,0,1,0,1,0,1,0,0
0,0,1,1,1.1607203441648277,2,1,0.2943392172964497,1.01654817383913,1,-0.5226702987612597,1.0471678523539008,0,0,3.0,0,0,0,0,0,0,0,0,0,1,0,1,0,1,0,1,0,0,0,0
1,0,1,1,0.7943687306174818,0,1,0.9397588986560317,1.0234152147737412,1,-0.45713190656380576,0.5079352703082123,0,0,3.0,0,1,1,0,0,0,0,1,0,0,0,1,0,0,0,1,0,0,0,0
0,0,0,0,-1.0780950719578415,0,1,0.4685527559667738,-0.8182681213764703,1,0.6407291582010142,-0.5705298937831644,1,1,0.0,0,1,1,0,0,1,0,0,0,0,0,0,0,0,0,0,0,1,0,1
1,1,1,1,1.2828375486806096,2,1,-1.3449272227633626,-0.3293918493446971,1,-0.6165178753672703,-1.109762475828853,0,0,3.0,0,1,0,1,1,0,1,0,1,0,1,0,1,0,1,0,0,0,0,0
0,0,1,1,-0.5489205190561197,2,0,-1.4859572302583868,-0.8388034258965861,1,-0.5437239947157977,-1.109762475828853,0,1,1.0,0,0,0,1,1,0,1,0,1,0,1,0,1,0,1,0,0,0,1,0
1,1,0,0,1.5677776925507676,1,0,1.3545530383472797,2.230588356451444,1,-0.4906068292936627,1.0471678523539008,0,0,3.0,0,1,1,0,0,0,0,1,0,0,0,1,0,1,0,1,0,0,0,0
1,0,1,0,0.5094285867473239,0,0,0.5465340542287288,0.6478780273049147,1,-0.45596519967053123,-0.5705298937831644,0,0,2.0,0,1,1,0,0,0,0,1,0,0,0,0,0,0,0,0,0,0,0,0
1,1,1,0,0.7129572609402939,1,1,1.2267964433223755,1.3015194029115484,1,-0.4296543245223676,1.0471678523539008,0,0,3.0,0,1,1,0,0,1,0,1,0,1,0,0,0,1,0,0,0,0,0,0
0,0,1,0,1.4456604880349857,2,0,1.7809614139498826,2.497020768943203,1,-0.4618066066530527,2.1256330164452777,0,1,3.0,0,1,1,0,0,1,0,1,0,1,0,1,0,1,0,1,0,0,1,0
1,1,0,0,-1.2816237461508113,0,1,0.1566275629189556,-0.97836012680733,1,3.350671109160726,-1.109762475828853,1,1,0.0,0,0,1,0,0,0,0,0,0,0,0,0,0,0,0,0,0,1,0,1
0,1,0,0,-0.8338606629262776,0,1,0.875051012864197,-0.5286676730158633,1,0.14902482811922477,-0.031297311737476054,0,1,1.0,0,1,1,0,0,0,0,1,0,0,0,0,0,1,0,0,0,1,0,1
0,0,0,0,0.020959768684196134,0,1,0.8534817176002523,0.3028805234813886,1,-0.352712195322761,-0.031297311737476054,0,1,2.0,0,1,1,0,0,1,0,0,0,0,0,0,0,0,0,1,0,1,0,0
0,1,1,1,-0.019745966154397852,0,1,0.8767101894229619,0.26205124814812436,1,-0.34096534454320393,-0.031297311737476054,0,1,2.0,0,1,1,0,0,0,0,0,0,1,0,0,0,1,0,0,0,0,1,0
1,0,1,1,1.5677776925507676,2,1,-1.5042081724048018,-0.4001245649139848,1,-0.628397970549818,-1.109762475828853,0,0,3.0,0,0,0,1,1,0,1,0,1,0,1,0,1,0,1,0,0,0,0,0
0,1,1,0,-0.6303319887333076,0,1,0.9165304268333218,-0.3004098650807303,1,-0.06763680833962572,-0.031297311737476054,0,1,1.0,0,1,1,0,0,0,0,0,0,0,0,0,0,1,0,1,0,1,0,0
1,0,1,1,-0.5489205190561197,1,1,-0.5302715324097512,-0.5896154037390274,1,-0.37789479534913256,-0.5705298937831644,0,0,1.0,0,0,0,0,0,1,0,0,0,0,0,0,0,0,0,0,0,0,0,0
1,1,1,0,0.8757802002946699,0,0,0.3009759235315097,0.7107564276838163,1,-0.5048054310386778,-1.109762475828853,0,0,3.0,0,1,1,0,0,0,0,0,0,0,0,0,0,0,0,0,0,0,0,0
0,0,1,0,0.9978974048104517,0,1,-0.20507292689181286,0.4993919792363853,0,-0.5430985613130138,1.5864004343995892,0,0,3.0,1,0,0,0,0,1,0,1,0,1,0,0,0,1,0,1,0,0,0,0
1,0,1,1,1.4456604880349857,2,0,0.5946501744329131,1.5257184166840514,1,-0.52147240654595,1.5864004343995892,0,0,3.0,0,0,0,0,0,1,0,1,0,0,0,1,0,1,0,1,0,0,0,0
0,0,1,1,0.8350744654560759,0,1,-0.5385674152035762,0.0859434603458066,0,-0.5558903473699491,1.0471678523539008,0,0,3.0,1,0,0,0,0,1,0,1,0,1,0,0,0,0,0,1,0,0,0,0
0,0,0,0,0.631545791263106,0,1,1.4093058647865246,1.238246092830337,1,-0.40733676381661976,1.0471678523539008,0,0,2.0,0,1,1,0,0,0,0,1,0,1,0,0,0,1,0,1,0,0,0,1
1,0,1,1,0.14307697319997809,1,0,-0.37430893588584213,-0.1579571596863803,1,-0.49276606366041614,-0.031297311737476054,0,1,2.0,0,0,0,0,0,1,0,1,0,0,0,0,0,0,0,0,0,0,1,0
1,0,0,0,0.1023712383613841,1,0,-0.12377327551232817,-0.12204231620408376,1,-0.46397627210370346,0.5079352703082123,0,1,2.0,0,0,0,0,0,1,0,1,0,1,0,0,0,0,0,0,0,0,1,0
0,0,1,0,1.4049547531963917,2,0,0.02389343821775623,0.887895368597721,1,-0.5485674537659269,0.5079352703082123,0,1,3.0,0,1,0,0,0,1,0,1,0,1,0,0,0,0,0,0,0,0,1,0
1,0,0,0,0.8350744654560759,0,1,-0.618207890024296,0.10860688937281475,0,-0.5610085325355869,0.5079352703082123,0,0,3.0,1,0,0,0,0,1,0,1,0,0,0,0,0,0,0,1,0,0,0,0
0,0,1,1,-0.4268033145403377,0,1,0.3607062796470494,-0.3002343496574815,1,-0.28022229816781563,-1.109762475828853,0,0,1.0,0,1,1,0,0,0,0,0,0,0,0,0,0,0,0,0,0,0,0,0
1,1,0,0,-0.10115743583158582,0,1,0.3258635719129846,-0.08250746711727963,1,-0.3820646716100888,1.0471678523539008,0,1,2.0,0,0,0,0,0,1,0,1,0,0,0,0,0,1,0,1,0,1,0,0
0,0,0,0,0.7129572609402939,2,1,1.1703844403243657,1.2018924607899182,1,-0.43349296339659593,1.0471678523539008,0,1,3.0,0,0,1,0,0,0,0,1,0,0,0,1,0,1,0,1,0,0,1,0
1,0,1,1,0.5094285867473239,2,0,-1.4793205240233267,-0.6011994216734516,1,-0.608801440934645,-1.109762475828853,0,1,2.0,0,0,0,1,1,0,1,0,1,0,1,0,1,0,1,0,0,0,1,0
0,0,0,0,-0.1418631706701798,0,1,-1.3216987509406526,-0.696131326223175,0,-0.5633970189462179,-1.109762475828853,0,0,2.0,1,0,0,0,0,0,0,0,0,0,0,0,0,0,0,0,1,0,0,1
1,0,0,0,-0.8338606629262776,0,1,-0.6480730680820658,-0.7812343670709623,1,-0.2575756126355788,-1.109762475828853,0,0,1.0,0,0,0,0,0,0,0,0,0,0,0,0,0,0,0,0,0,0,0,1
1,0,0,0,-1.2002122764736234,0,1,-0.9317922596308794,-0.9612254336126609,0,0.40115696417551233,-0.031297311737476054,0,1,0.0,1,0,0,0,0,0,0,1,0,0,0,1,0,0,0,0,0,0,1,1
1,0,0,0,-1.2816237461508113,0,1,-0.9848859095113592,-0.9934544532067314,0,1.3699334500588936,-0.5705298937831644,1,0,0.0,1,0,0,0,0,0,0,0,0,0,0,0,0,0,0,1,0,0,0,1
1,0,1,1,-1.2409180113122174,0,1,0.8169798333074222,-0.9275045329209749,1,2.777754257182143,-0.031297311737476054,1,0,0.0,0,0,1,0,0,0,0,0,0,0,0,0,0,1,0,1,0,0,0,1
0,0,1,0,-0.22327464034736777,0,1,0.3706613389996392,-0.09036178230766582,1,-0.3467606921942305,-0.5705298937831644,0,1,2.0,0,0,1,0,0,0,0,1,0,0,0,0,0,0,0,0,0,1,0,0
0,1,1,0,0.9164859351332638,0,1,0.680927355488693,1.130040834397419,1,-0.4840263055092713,-0.031297311737476054,0,1,3.0,0,1,1,0,0,0,0,1,0,1,0,0,0,0,0,0,0,1,0,1
0,0,1,1,-1.2816237461508113,0,1,-1.4942531130522119,-1.000189857573906,1,0.4860868492678146,-1.109762475828853,0,1,0.0,0,0,0,1,1,0,1,0,1,0,1,0,1,0,1,0,0,1,0,1
1,0,0,1,-1.1595065416350294,0,0,0.5266239355235486,-0.8630464937328338,1,1.2012252715365574,-0.5705298937831644,0,0,0.0,0,1,1,0,0,0,0,0,0,0,0,1,0,0,0,0,1,0,0,1
0,0,1,1,0.9164859351332638,2,1,-1.3034478087942378,-0.39988323120701763,1,-0.6069998437300869,-1.109762475828853,0,0,3.0,0,1,0,1,1,0,1,0,1,0,1,0,1,0,1,0,1,0,0,0
1,0,1,1,-0.9966836022806536,0,1,-0.34942128750436724,-0.8004533059167118,1,0.03632632783739225,-0.5705298937831644,1,1,1.0,0,0,0,0,0,0,0,0,0,0,0,0,0,1,0,0,0,1,0,0
1,0,0,0,1.5270719577121736,2,1,1.6598415251600385,2.374686518938752,1,-0.4733025426079907,2.1256330164452777,0,0,3.0,0,1,1,0,0,1,0,1,0,1,0,1,0,1,0,1,0,0,0,0
0,0,1,0,1.2828375486806096,2,0,-0.5667734167025811,0.37216523680887326,0,-0.5749719915515834,1.0471678523539008,0,1,3.0,1,0,0,0,0,1,0,0,0,1,0,1,0,0,0,1,0,1,0,1
1,0,0,0,-0.8745663977648716,0,1,0.36402463276457964,-0.6287553431235215,1,0.06863487169548095,-0.5705298937831644,1,1,1.0,0,0,1,0,0,0,0,1,0,0,0,0,0,0,0,0,0,0,1,0
1,0,0,0,-1.2816237461508113,0,1,-0.5435449448798714,-0.987618565383707,1,2.1357419054674507,-0.5705298937831644,1,1,0.0,0,0,0,0,0,1,0,0,0,0,0,0,0,0,0,0,0,0,1,1
1,0,0,1,-1.2816237461508113,0,0,0.1599459160364854,-0.9783162479515178,1,3.356429067472068,-1.109762475828853,1,0,0.0,0,0,1,0,0,0,0,0,0,0,0,0,0,0,0,0,0,0,0,1
1,0,0,0,-1.2816237461508113,0,1,0.4984179340245439,-0.9738406046586722,1,3.9437408152290065,-0.5705298937831644,1,1,0.0,0,0,1,0,0,0,0,0,0,0,0,0,0,1,0,0,0,1,0,1
1,0,1,1,1.3642490183577978,1,1,-1.3017886322354726,-0.2565968275522355,1,-0.6155738610769607,-1.109762475828853,0,0,3.0,0,1,0,1,1,0,1,0,1,0,1,0,1,0,1,0,1,0,0,0
1,0,0,0,-0.7931549280876836,0,1,-0.4771778825292717,-0.7409316380074445,1,-0.24394000806311383,-0.5705298937831644,0,1,1.0,0,0,0,0,0,0,0,0,0,0,0,1,0,0,0,0,0,0,1,0
0,0,1,0,1.6084834273893616,2,0,-1.3366313399695375,-0.2059167490891293,1,-0.6208609170524748,-1.109762475828853,0,0,3.0,0,1,0,1,1,0,1,0,1,0,1,0,1,0,1,0,0,0,0,0
1,0,0,0,1.6084834273893616,2,1,0.02223426165899086,0.9948062007841783,0,-0.5562613573676866,2.1256330164452777,0,0,3.0,1,0,0,0,0,1,0,1,0,1,0,1,0,1,0,1,0,0,0,0
0,0,1,1,0.7943687306174818,0,0,0.6925415914000478,0.9363595648423103,1,-0.47331937426927817,0.5079352703082123,0,0,3.0,0,0,1,0,0,0,0,1,0,1,0,1,0,0,0,0,0,0,0,0
0,0,1,0,-0.2639803751859618,0,0,0.695859944517578,-0.04514462139318027,1,-0.29337009991577656,-0.031297311737476054,0,0,2.0,0,0,1,0,0,0,0,0,0,0,0,1,0,0,0,1,1,0,0,0
1,0,0,1,0.020959768684196134,1,0,-1.0247061469217191,-0.5201332355603878,0,-0.5444183367474595,-0.031297311737476054,0,0,2.0,1,0,0,0,0,1,0,0,0,0,0,1,0,0,0,0,1,0,0,0
0,0,0,0,-0.7931549280876836,0,1,0.6527213539896879,-0.5195847498627352,1,0.03614353551004804,-0.5705298937831644,0,1,1.0,0,1,1,0,0,0,0,0,0,0,0,0,0,0,0,1,0,1,0,1
0,0,0,0,-0.7931549280876836,0,1,-1.1242567404476187,-0.8565524230726262,0,-0.4043402753076558,-0.5705298937831644,0,1,1.0,1,0,0,0,0,0,0,1,0,0,0,0,0,0,0,0,0,1,0,1
1,0,0,0,-0.22327464034736777,1,0,-1.480979700582092,-0.747820618369962,1,-0.576256459174883,-1.109762475828853,0,1,2.0,0,0,0,1,1,0,1,0,1,0,1,0,1,0,1,0,0,0,1,0
1,0,1,0,1.3642490183577978,2,0,0.888324425334317,1.6571136504137238,1,-0.5021334883758839,2.1256330164452777,0,0,3.0,0,1,0,0,0,1,0,1,0,1,0,1,0,1,0,1,0,0,0,0
1,0,1,1,1.5677776925507676,2,1,1.6283171705435033,2.5785696224702,1,-0.4774115081635028,2.1256330164452777,0,0,3.0,0,1,1,0,0,1,0,1,0,1,0,1,0,1,0,1,0,0,0,0
0,0,0,0,-1.2816237461508113,0,0,-0.6513914211995958,-0.9890446281976039,1,1.9486082603488182,-1.109762475828853,1,1,0.0,0,0,0,0,0,0,0,0,0,0,0,0,0,0,0,0,0,0,1,0
0,0,0,0,1.1200146093262338,1,1,-0.6795974226986006,0.20823383149444485,0,-0.5758316917584724,0.5079352703082123,0,1,3.0,1,0,0,0,0,1,0,0,0,1,0,0,0,0,0,1,0,1,0,0
1,0,1,0,-0.9966836022806536,0,1,0.31756768911915967,-0.7413046082818483,1,0.2935151324106922,-0.5705298937831644,1,1,1.0,0,0,1,0,0,1,0,0,0,0,0,0,0,0,0,0,0,1,0,1
0,0,1,0,0.9164859351332638,0,1,0.9795791360663916,1.2170964843288503,1,-0.4655185823656703,0.5079352703082123,0,0,3.0,0,1,1,0,0,0,0,1,0,1,0,0,0,1,0,0,1,0,0,0
1,0,1,0,1.5677776925507676,2,1,1.4491261021968842,2.3657571717809662,1,-0.4860484456305165,1.5864004343995892,0,0,3.0,0,1,1,0,0,0,0,1,0,1,0,1,0,1,0,1,1,0,0,1
0,0,1,1,0.26519417771576004,0,1,-0.168571042598983,0.018501658962435025,1,-0.48743995222242437,-0.031297311737476054,0,1,2.0,0,0,0,0,0,0,0,0,0,1,0,0,0,1,0,0,0,0,1,0
0,1,1,0,-0.2639803751859618,0,1,0.689223238282518,-0.10194580024209014,1,-0.2942231307767162,-0.031297311737476054,0,0,2.0,0,0,1,0,0,0,0,0,0,1,0,0,0,1,0,0,1,0,0,0
1,0,1,0,0.8350744654560759,1,1,-0.14866092389380306,0.38829071631986156,0,-0.5308325658298474,1.5864004343995892,0,1,3.0,1,0,0,0,0,0,0,1,0,1,0,1,0,1,0,1,0,1,0,1
0,0,1,1,-1.1188008067964355,0,1,1.135541732590301,-0.8048631309258392,1,1.243258367209358,1.0471678523539008,0,1,0.0,0,0,1,0,0,0,0,1,0,0,0,1,0,1,0,1,0,0,1,1
1,0,0,0,1.6084834273893616,1,1,1.32800621340704,2.3014307691602625,1,-0.494185834202939,1.0471678523539008,0,1,3.0,0,1,1,0,0,0,0,1,0,1,0,0,0,1,0,1,0,1,0,0
0,0,1,1,-0.22327464034736777,0,0,0.31424933600162985,-0.14347713726834996,1,-0.35375249871514636,-0.5705298937831644,0,1,2.0,0,0,1,0,0,1,0,0,0,0,0,0,0,0,0,0,0,0,1,0
1,0,1,1,-0.8745663977648716,0,1,-0.17520774883404305,-0.70911946754359,1,-0.08730983257004606,-0.031297311737476054,1,0,1.0,0,0,0,0,0,0,0,0,0,1,0,0,0,1,0,0,0,0,0,0
0,1,1,0,1.6084834273893616,1,1,1.3910549226401094,2.3598335262463177,1,-0.4911885408353908,1.0471678523539008,0,0,3.0,0,1,1,0,0,1,0,1,0,0,0,0,0,1,0,1,0,0,0,0
0,0,1,0,0.346605647392948,1,1,1.31141444781939,0.8173381684516822,1,-0.37335697582281263,1.5864004343995892,0,0,2.0,0,0,1,0,0,1,0,1,0,1,0,0,0,1,0,1,0,0,0,0
0,0,0,0,0.14307697319997809,1,1,0.19147027065302033,0.09329316869435231,1,-0.43969947489912414,0.5079352703082123,0,1,2.0,0,1,0,0,0,0,0,1,0,0,0,1,0,0,0,1,0,0,1,0
0,1,1,0,-0.8745663977648716,0,1,0.5963093509916785,-0.6227658793051545,1,0.13581105199447727,-0.031297311737476054,0,1,1.0,0,0,1,0,0,0,0,0,0,0,0,1,0,1,0,0,0,1,0,0
1,0,0,1,1.2014260790034217,2,0,-1.4909347599346818,-0.4603921733720596,1,-0.6231883892205082,-1.109762475828853,0,0,3.0,0,0,0,1,1,0,1,0,1,0,1,0,1,0,1,0,0,0,0,0
0,0,0,0,-0.5082147842175256,0,0,-1.3283354571757127,-0.7869166788986439,0,-0.5232009861632266,-1.109762475828853,0,0,1.0,1,0,0,0,0,0,0,0,0,0,0,0,0,0,0,0,1,0,0,0
0,0,0,0,0.9164859351332638,1,0,-0.6596873039934208,0.07163895335102514,1,-0.5671054182872136,-1.109762475828853,0,0,3.0,0,0,0,0,0,0,0,0,0,0,0,0,0,0,0,0,0,0,0,0
0,0,1,1,0.5094285867473239,1,0,-0.4622452935003867,-0.015285060012969122,0,-0.5320703877856674,1.0471678523539008,0,0,2.0,1,0,0,0,0,0,0,1,0,1,0,1,0,0,0,1,0,0,0,0
0,0,1,1,1.5677776925507676,2,1,1.4623995146670041,2.352988424739613,1,-0.4854086724848119,1.5864004343995892,0,0,3.0,0,1,1,0,0,1,0,1,0,1,0,0,0,1,0,1,0,0,0,0
0,1,0,0,-1.2816237461508113,0,1,-0.9450656721009992,-0.992927906936985,0,1.4390289497950042,-0.5705298937831644,1,1,0.0,1,0,0,0,0,0,0,0,0,0,0,0,0,1,0,0,0,1,0,1
0,0,1,1,-0.1418631706701798,2,0,-1.2885152197653527,-0.7050387339530542,1,-0.5595583800719895,-1.109762475828853,0,1,2.0,0,1,0,1,1,0,1,0,1,0,1,0,1,0,1,0,0,0,1,0
1,0,0,0,-0.9152721326034655,0,0,-0.6281629493768859,-0.7929939004286355,1,-0.1781721595588832,-1.109762475828853,1,1,1.0,0,0,0,0,0,0,0,0,0,0,0,0,0,0,0,0,0,0,1,0
1,0,0,0,-0.8745663977648716,0,0,-1.4826388771408567,-0.9176537297911331,1,-0.46541576168153914,-1.109762475828853,0,1,1.0,0,0,0,1,1,0,1,0,1,0,1,0,1,0,1,0,0,0,1,0
0,0,0,0,-0.5896262538947137,0,1,0.7771595958970623,-0.2896156665509259,1,-0.12425673173449403,-0.031297311737476054,0,1,1.0,0,1,1,0,0,0,0,0,0,0,0,1,0,1,0,0,0,1,0,1
0,1,0,0,1.6084834273893616,2,1,1.4325343366092342,2.4022424403888225,1,-0.48921663730410914,1.5864004343995892,0,0,3.0,0,1,1,0,0,0,0,1,0,1,0,1,0,1,0,1,0,0,0,0
0,0,0,0,-1.2816237461508113,0,0,-0.7011667179625456,-0.9897028110347871,1,1.8622388856786802,-1.109762475828853,1,1,0.0,0,0,0,0,0,0,0,0,0,0,0,0,0,0,0,0,0,1,0,0
0,1,0,0,0.9571916699718578,2,1,1.1604293809717758,1.494937399331784,1,-0.4579152633549219,1.0471678523539008,0,0,3.0,0,1,1,0,0,0,0,1,0,1,0,1,0,1,0,0,0,0,0,0
1,0,0,0,-0.38609757970174374,0,0,1.0077851375653963,-0.046702320774513716,1,-0.20246899879689675,0.5079352703082123,0,1,1.0,0,0,1,0,0,0,0,1,0,0,0,0,0,1,0,1,0,0,1,0
1,0,1,0,-0.5896262538947137,0,1,0.9878750188602166,-0.26826860319828416,1,-0.08576932617973075,-0.031297311737476054,0,1,1.0,0,1,1,0,0,0,0,0,0,0,0,0,0,1,0,1,0,1,0,1
0,1,0,0,-0.10115743583158582,0,0,0.888324425334317,0.20132291170402128,1,-0.3190986113666978,0.5079352703082123,0,0,2.0,0,1,1,0,0,1,0,1,0,1,0,0,0,0,0,0,1,0,0,1
1,0,1,0,1.1607203441648277,1,1,-1.472683817788267,-0.45955847511162756,1,-0.6215771633028694,-1.109762475828853,0,0,3.0,0,0,0,1,1,0,1,0,1,0,1,0,1,0,1,0,1,0,0,0
1,0,0,0,0.387311382231542,1,0,-1.3233579274994176,-0.5921384379482297,1,-0.5926599450618472,-1.109762475828853,0,1,2.0,0,1,0,1,1,0,1,0,1,0,1,0,1,0,1,0,0,1,0,0
0,0,1,1,0.7129572609402939,0,1,0.6460846477546283,0.797197773633876,1,-0.4691697246982477,-0.5705298937831644,0,0,3.0,0,1,1,0,0,0,0,0,0,0,0,0,0,1,0,0,0,0,0,1
1,0,0,0,-0.22327464034736777,0,1,0.5432157011111984,-0.011643114980555348,1,-0.3253739898949582,-0.5705298937831644,0,1,2.0,0,1,1,0,0,0,0,0,0,1,0,0,0,0,0,0,0,1,0,0
0,0,0,0,-1.2816237461508113,0,1,0.19644780032931503,-0.9778335805375835,1,3.4197666088968357,-1.109762475828853,1,1,0.0,0,0,1,0,0,0,0,0,0,0,0,0,0,0,0,0,0,1,0,1
0,1,0,0,0.5094285867473239,0,1,0.16990097538907525,0.33484626994058586,1,-0.48437947220693905,0.5079352703082123,0,1,2.0,0,1,0,0,0,1,0,0,0,0,0,1,0,0,0,1,0,1,0,0
1,1,1,0,1.5270719577121736,2,0,1.3412796258771595,2.287214019877105,1,-0.48887335944993104,1.5864004343995892,0,0,3.0,0,0,1,0,0,1,0,1,0,1,0,0,0,1,0,1,1,0,0,0
1,0,0,0,-0.5896262538947137,0,1,-1.042957089068134,-0.7456486150072574,0,-0.45670306160516555,-0.031297311737476054,0,0,1.0,1,0,0,0,0,0,0,1,0,1,0,0,0,0,0,0,1,0,0,1
0,0,0,0,-1.2002122764736234,0,1,0.3258635719129846,-0.904446194191657,1,1.4922900641749224,-0.5705298937831644,1,1,0.0,0,0,1,0,0,0,0,0,0,1,0,0,0,0,0,0,0,0,1,0
0,0,1,1,0.26519417771576004,0,1,0.5498524073462585,0.3545259367723636,1,-0.42511005350214137,-0.031297311737476054,0,0,2.0,0,0,1,0,0,0,0,0,0,1,0,1,0,0,0,0,0,0,0,0
0,0,1,1,0.7943687306174818,2,0,-1.5125040551986266,-0.5562235944659332,1,-0.6177028949442637,-1.109762475828853,0,1,3.0,0,0,0,1,1,0,1,0,1,0,1,0,1,0,1,0,0,0,1,0
0,0,0,0,-1.1595065416350294,0,1,0.9779199595076267,-0.8390228201756471,1,1.5144582036735916,1.0471678523539008,0,0,0.0,0,0,1,0,0,1,0,0,0,1,0,1,0,0,0,1,0,0,0,1
1,0,1,0,1.4456604880349857,2,1,1.495583045842304,2.3310709362614124,1,-0.4761597780958196,1.5864004343995892,0,0,3.0,0,1,1,0,0,0,0,1,0,1,0,1,0,1,0,1,0,0,0,1
0,0,1,0,-0.2639803751859618,1,0,-1.5174815848749215,-0.8072545285676048,1,-0.5778558920391447,-1.109762475828853,0,1,2.0,0,0,0,1,1,0,1,0,1,0,1,0,1,0,1,0,0,0,1,0
1,0,0,0,-1.2816237461508113,0,0,-0.47385952941174164,-0.9866971094116506,1,2.2566590300056437,-0.5705298937831644,1,1,0.0,0,0,0,0,0,0,0,1,0,0,0,0,0,0,0,0,0,0,1,1
0,0,0,0,0.7943687306174818,1,0,-1.469365464670737,-0.5600629943495018,1,-0.6148782361500201,-1.109762475828853,0,1,3.0,0,0,0,1,1,0,1,0,1,0,1,0,1,0,1,0,0,0,1,0
0,0,0,1,-0.8338606629262776,0,1,-0.6762790695810708,-0.7980399688470401,1,-0.26510525042733446,-1.109762475828853,0,1,1.0,0,0,0,0,0,0,0,0,0,0,0,0,0,0,0,0,0,1,0,1
0,0,0,0,-0.1418631706701798,1,1,0.2014253300056102,-0.09619767013069026,1,-0.3872034946191364,-0.031297311737476054,0,0,2.0,0,1,0,0,0,0,0,0,0,0,0,0,0,1,0,1,1,0,0,0
0,0,0,0,-1.2816237461508113,0,1,0.49012205123071895,-0.9739503017982027,1,3.9293459194506504,-0.5705298937831644,1,1,0.0,0,0,1,0,0,0,0,0,0,0,0,0,0,0,0,1,0,1,0,1
1,0,0,0,-0.3453918448631497,0,1,-0.5103614137045716,-0.4778120791295082,1,-0.43150138722773157,-0.5705298937831644,0,0,1.0,0,0,0,0,0,1,0,0,0,0,0,0,0,0,0,0,0,0,0,1
0,0,1,1,1.3235432835192036,2,1,0.8468450113651922,1.6053366005553122,1,-0.5019264518830066,2.1256330164452777,0,1,3.0,0,1,0,0,0,1,0,1,0,1,0,1,0,1,0,1,0,0,1,0
1,0,0,0,-1.1188008067964355,0,1,-0.4622452935003867,-0.8746743905230703,0,0.31910605823888116,0.5079352703082123,1,1,0.0,1,0,0,0,0,0,0,1,0,0,0,0,0,1,0,1,0,0,1,1
0,0,1,1,0.1023712383613841,2,0,-1.5008898192872717,-0.6884305870281314,1,-0.5967291998374341,-1.109762475828853,0,0,2.0,0,0,0,1,1,0,1,0,1,0,1,0,1,0,1,0,1,0,0,0
1,0,0,0,0.18378270803857208,1,1,0.8518225410414869,0.4648154408563614,1,-0.38518315836954253,2.1256330164452777,0,0,2.0,0,1,0,0,0,1,0,1,0,1,0,1,0,1,0,1,0,0,0,0
0,0,0,0,0.14307697319997809,2,1,-0.39255987803225695,-0.1746750037508335,0,-0.4944778891043288,1.5864004343995892,0,1,2.0,1,0,0,0,0,1,0,1,0,1,0,1,0,0,0,1,0,0,1,0
1,0,0,0,-1.1595065416350294,0,1,0.5332606417586087,-0.859360669844608,1,1.2058316381856313,-0.5705298937831644,1,1,0.0,0,0,1,0,0,0,0,0,0,0,0,0,0,1,0,0,0,1,0,1
0,0,1,1,1.5270719577121736,2,0,-1.3349721634107725,-0.26916811974243454,1,-0.6196844405231072,-1.109762475828853,0,0,3.0,0,1,0,1,1,0,1,0,1,0,1,0,1,0,1,0,0,0,0,0
0,0,0,0,-1.2409180113122174,0,0,-1.5324141739038066,-0.9856001380163452,1,0.05999793422846713,-1.109762475828853,0,0,0.0,0,0,0,1,1,0,1,0,1,0,1,0,1,0,1,0,0,0,0,0
1,1,0,0,-1.1595065416350294,0,0,0.3457736906181643,-0.8889569580899457,1,1.07570178034929,-0.5705298937831644,1,1,0.0,0,0,1,0,0,1,0,0,0,0,0,0,0,0,0,0,0,1,0,0
1,0,1,0,1.5677776925507676,0,1,0.9397588986560317,1.9175565990871153,1,-0.5105997400969354,0.5079352703082123,0,0,3.0,0,1,1,0,0,0,0,1,0,1,0,0,0,0,0,1,0,0,0,0
0,1,1,0,1.6084834273893616,2,1,0.8269348926600121,1.9297987998587227,1,-0.5180064288608218,2.1256330164452777,0,0,3.0,0,1,0,0,0,1,0,1,0,1,0,1,0,1,0,1,0,0,0,0
0,1,1,0,0.590840056424512,0,1,0.08362379433329585,0.41801864113263604,1,-0.4979242346476605,0.5079352703082123,0,0,2.0,0,1,0,0,0,1,0,1,0,1,0,0,0,0,0,0,1,0,0,0
1,0,1,0,0.9164859351332638,2,0,-0.2100504565681078,0.337544819573037,1,-0.5392410128876809,0.5079352703082123,0,1,3.0,0,0,0,0,0,1,0,1,0,1,0,0,0,0,0,0,0,1,0,0
1,0,1,0,0.7536629957788878,0,1,0.9862158423014517,1.1028578832217533,1,-0.45013502616297624,-0.031297311737476054,0,1,3.0,0,1,1,0,0,0,0,0,0,0,0,0,0,1,0,1,0,1,0,1
1,0,0,0,1.6084834273893616,2,1,1.767688001479763,2.741469874673042,1,-0.47328365677135303,2.1256330164452777,0,1,3.0,0,1,1,0,0,1,0,1,0,1,0,1,0,1,0,1,0,1,0,0
1,0,1,1,1.6084834273893616,2,0,1.6432497595723885,2.5455069046156984,1,-0.47919936736519814,2.1256330164452777,0,0,3.0,0,1,1,0,0,1,0,1,0,1,0,1,0,1,0,1,0,0,0,0
1,0,1,1,0.22448844287716607,1,0,0.3026351000902746,0.22069542654511343,1,-0.4410920788150345,1.5864004343995892,0,1,2.0,0,0,0,0,0,1,0,1,0,1,0,1,0,1,0,0,0,1,0,0
1,0,1,1,-0.9966836022806536,2,1,0.37232051555840456,-0.7255520990452639,1,0.31462764621894823,1.0471678523539008,0,0,1.0,0,1,0,0,0,1,0,1,0,0,0,1,0,0,0,1,1,0,0,0
0,1,0,0,-0.22327464034736777,0,0,0.7755004193382974,0.07389871442535416,1,-0.29658419833824556,-0.031297311737476054,0,0,2.0,0,1,1,0,0,0,0,0,0,1,0,0,0,0,0,1,1,0,0,1
1,0,0,0,-1.0780950719578415,0,0,-0.13372833486491825,-0.8272194079621618,1,0.3421378914842512,-0.031297311737476054,1,1,0.0,0,0,0,0,0,0,0,0,0,1,0,0,0,1,0,0,0,0,1,0
1,0,0,0,-0.6303319887333076,2,0,-1.5191407614336867,-0.8582198195934904,1,-0.5372302972868946,-1.109762475828853,0,1,1.0,0,0,0,1,1,0,1,0,1,0,1,0,1,0,1,0,0,0,1,0
1,0,1,1,1.5677776925507676,2,0,-1.497571466169742,-0.39626322560251004,1,-0.6280780839769657,-1.109762475828853,0,1,3.0,0,0,0,1,1,0,1,0,1,0,1,0,1,0,1,0,0,0,1,0
0,0,1,0,0.387311382231542,2,1,1.1305642029140057,0.8054689379544784,1,-0.39461296035311205,1.0471678523539008,0,0,2.0,0,0,1,0,0,0,0,0,0,1,0,1,0,1,0,1,1,0,0,0
0,0,0,0,-1.2816237461508113,0,0,-1.4793205240233267,-0.9999924027227513,1,0.5119976616688562,-1.109762475828853,0,1,0.0,0,0,0,1,1,0,1,0,1,0,1,0,1,0,1,0,0,0,1,0
0,0,1,0,1.5270719577121736,1,1,1.478991280254654,2.35858297885567,1,-0.4821422250859672,1.5864004343995892,0,1,3.0,0,1,1,0,0,0,0,1,0,1,0,1,0,1,0,1,0,1,0,1
1,0,0,0,-0.9559778674420595,0,0,0.3540695734119893,-0.7186411792548403,1,0.2108564419856415,-0.5705298937831644,1,1,1.0,0,0,1,0,0,1,0,0,0,0,0,0,0,0,0,0,0,1,0,0
1,0,0,1,-1.2816237461508113,0,0,-1.4959122896109767,-1.0002117970018123,1,0.4832078701121435,-1.109762475828853,0,1,0.0,0,0,0,1,1,0,1,0,1,0,1,0,1,0,1,0,0,0,1,0
0,0,0,0,-0.9152721326034655,0,0,-0.804035664605975,-0.8117740507162627,0,-0.23365793965000212,0.5079352703082123,1,0,1.0,1,0,0,0,0,1,0,1,0,1,0,0,0,0,0,0,0,0,0,0
1,0,1,0,0.6722515261016999,2,1,0.9911933719777464,1.0492818002750408,1,-0.44140507552324076,0.5079352703082123,0,1,3.0,0,0,1,0,0,0,0,1,0,0,0,0,0,1,0,1,0,1,0,0
0,0,1,0,0.5501343215859179,0,1,-0.6961891882862504,-0.12790014345501427,0,-0.5520607832921137,-0.031297311737476054,0,1,2.0,1,0,0,0,0,0,0,0,0,0,0,0,0,1,0,1,0,1,0,0
0,0,1,0,0.5501343215859179,1,1,1.2682758572915003,1.0071580986953161,1,-0.4070092377468039,1.0471678523539008,0,1,2.0,0,1,1,0,0,0,0,1,0,0,0,1,0,1,0,1,0,1,0,0
0,1,1,0,-1.1595065416350294,0,1,1.1504743216191855,-0.8563769076493774,1,1.6342237365495158,0.5079352703082123,1,1,0.0,0,1,1,0,0,1,0,0,0,0,0,0,0,1,0,1,0,1,0,1
1,0,1,1,1.5677776925507676,2,1,1.3628489211411048,2.3801494364873728,1,-0.49020697107759725,1.0471678523539008,0,0,3.0,0,1,1,0,0,0,0,1,0,1,0,0,0,1,0,1,0,0,0,1
1,0,1,1,-0.7524491932490895,2,1,-0.11713656927726834,-0.651067741304032,1,-0.18836200093410757,0.5079352703082123,0,0,1.0,0,0,0,0,0,1,0,1,0,0,0,0,0,0,0,1,0,0,0,0
1,0,1,1,1.4049547531963917,2,1,-0.3560579937394271,0.6752364939038296,1,-0.5679582251379481,-0.031297311737476054,0,0,3.0,0,0,0,0,0,1,0,1,0,0,0,0,0,0,0,0,0,0,0,0
1,0,1,1,-0.9152721326034655,0,0,-0.15695680668762801,-0.7616643973787153,1,-0.029512144975130456,-0.031297311737476054,1,1,1.0,0,0,0,0,0,0,0,0,0,1,0,0,0,1,0,0,0,0,1,0
1,0,0,0,1.2014260790034217,2,1,-1.4892755833759168,-0.48165147901307687,1,-0.6230969930568361,-1.109762475828853,0,0,3.0,0,0,0,1,1,0,1,0,1,0,1,0,1,0,1,0,1,0,0,0
1,0,1,0,1.3235432835192036,1,0,0.8236165395424823,1.5227127150609152,1,-0.503147836979352,0.5079352703082123,0,1,3.0,0,1,1,0,0,1,0,1,0,1,0,0,0,0,0,0,0,1,0,1
1,1,1,0,0.8350744654560759,1,1,-0.16193433636392318,0.4082117168586064,1,-0.5316855966907871,-0.031297311737476054,0,1,3.0,0,1,0,0,0,1,0,0,0,0,0,1,0,0,0,0,0,1,0,1
1,0,0,0,-1.1595065416350294,0,0,-1.5108448786398618,-0.9679388985519294,1,-0.21292928972916902,-1.109762475828853,0,1,0.0,0,0,0,1,1,0,1,0,1,0,1,0,1,0,1,0,0,0,1,0
0,0,1,0,1.0386031396490458,2,1,-0.1669118660402181,0.5290760251933475,1,-0.5428310232149708,-0.031297311737476054,0,0,3.0,0,1,0,0,0,0,0,1,0,0,0,1,0,0,0,0,1,0,0,0
1,0,0,0,-1.2816237461508113,0,1,0.4685527559667738,-0.974235514360982,1,3.8919191904269237,-0.5705298937831644,1,1,0.0,0,0,1,0,0,0,0,0,0,0,0,0,0,1,0,0,0,1,0,1
0,0,0,0,1.6084834273893616,2,1,1.4126242179040545,2.43719194904325,1,-0.49016315099912433,1.0471678523539008,0,0,3.0,0,1,1,0,0,0,0,0,0,1,0,1,0,1,0,1,1,0,0,0
0,0,1,0,1.4863662228735797,1,1,1.376122333611225,2.1731289947653507,1,-0.4847049220245366,1.5864004343995892,0,0,3.0,0,0,1,0,0,1,0,1,0,0,0,1,0,1,0,1,1,0,0,0
0,0,1,0,-1.2409180113122174,0,0,0.49012205123071895,-0.9365216377903848,1,2.39964832807065,-0.031297311737476054,1,0,0.0,0,0,1,0,0,0,0,1,0,1,0,0,0,0,0,0,0,0,0,1
1,0,0,1,0.7943687306174818,2,1,0.6709722961361032,0.9488869781766973,1,-0.4747317036664,1.5864004343995892,0,1,3.0,0,1,0,0,0,1,0,1,0,0,0,1,0,1,0,1,0,0,1,0
0,0,0,0,-0.9966836022806536,0,1,0.5033954637008385,-0.7108526823481724,1,0.3651697247296213,-0.5705298937831644,1,0,1.0,0,0,1,0,0,0,0,0,0,0,0,0,0,1,0,0,0,0,0,1
0,1,0,0,1.6084834273893616,2,0,1.550335872281549,2.476573222134711,1,-0.4836164312752691,1.5864004343995892,0,1,3.0,0,1,1,0,0,0,0,1,0,1,0,1,0,1,0,1,0,1,0,0
0,0,1,0,-1.0373893371192475,0,1,-0.6862341289336606,-0.8713834763371543,1,-0.0227727164970818,-1.109762475828853,1,1,1.0,0,0,0,0,0,0,0,0,0,0,0,0,0,0,0,0,0,0,1,0
0,0,0,0,0.8350744654560759,1,0,1.1172907904438856,1.3218572525805092,1,-0.4494747474677297,1.0471678523539008,0,1,3.0,0,1,1,0,0,1,0,1,0,1,0,0,0,1,0,0,0,0,1,0
0,0,0,0,-0.8745663977648716,0,0,0.18483356441796028,-0.6450343986298527,1,0.016813246893398123,0.5079352703082123,0,1,1.0,0,0,0,0,0,0,0,0,0,0,0,1,0,1,0,1,0,0,1,0
1,0,0,0,-0.5896262538947137,0,0,-1.0396387359506039,-0.7674344669180213,0,-0.4560969607302874,-0.031297311737476054,0,1,1.0,1,0,0,0,0,1,0,0,0,1,0,0,0,0,0,0,0,0,1,0
1,0,0,0,-1.2816237461508113,0,0,-1.4909347599346818,-1.000145978718094,1,0.4918448075791572,-1.109762475828853,0,1,0.0,0,0,0,1,1,0,1,0,1,0,1,0,1,0,1,0,0,0,1,1
1,0,1,1,1.2421318138420157,2,0,-1.3167212212643575,-0.31868540852651717,1,-0.6143129648889125,-1.109762475828853,0,1,3.0,0,1,0,1,1,0,1,0,1,0,1,0,1,0,1,0,0,0,1,0
0,0,0,0,-0.10115743583158582,0,0,0.6709722961361032,0.11257792582382012,1,-0.3434306287468872,-0.031297311737476054,0,1,2.0,0,0,1,0,0,0,0,0,0,0,0,1,0,1,0,0,0,1,0,1
1,0,0,0,-1.2816237461508113,0,0,-1.4892755833759168,-1.0001240392901878,1,0.49472378673482853,-1.109762475828853,0,1,0.0,0,0,0,1,1,0,1,0,1,0,1,0,1,0,1,0,0,0,1,0
0,0,0,1,0.30589991255435406,0,1,-0.027541035103958902,0.07065167909525034,1,-0.47970532895420015,0.5079352703082123,0,0,2.0,0,0,0,0,0,1,0,0,0,0,0,1,0,1,0,0,1,0,0,0
1,0,1,1,1.0793088744876398,2,0,-1.5075265255223318,-0.5052583034400476,1,-0.6223201256656232,-1.109762475828853,0,1,3.0,0,0,0,1,1,0,1,0,1,0,1,0,1,0,1,0,0,0,1,0
0,1,1,0,-0.4268033145403377,0,1,-0.045791977250373726,-0.40260372026737484,1,-0.34155707148429054,0.5079352703082123,0,1,1.0,0,1,0,0,0,1,0,1,0,0,0,1,0,0,0,0,0,0,1,0
1,0,1,1,1.6084834273893616,2,1,-0.31457857977030224,0.8248633922234765,0,-0.572273214041694,1.5864004343995892,0,0,3.0,1,0,0,0,0,1,0,1,0,1,0,1,0,0,0,1,1,0,0,0
0,0,1,0,-0.7524491932490895,0,1,0.4370284013502389,-0.5164254722442558,1,-0.06015146253488048,-0.5705298937831644,0,1,1.0,0,0,1,0,0,0,0,0,0,0,0,0,0,0,0,1,0,1,0,0
0,0,1,0,1.6084834273893616,2,1,1.510515634871189,2.4937079153293804,1,-0.4855094586652996,1.5864004343995892,0,0,3.0,0,1,1,0,0,0,0,1,0,1,0,1,0,1,0,1,0,0,0,0
0,0,0,0,1.6084834273893616,2,0,1.6631598782775683,2.679096081135981,1,-0.478252853670183,2.1256330164452777,0,0,3.0,0,1,1,0,0,1,0,1,0,1,0,1,0,1,0,1,1,0,0,0
1,0,0,0,0.6722515261016999,0,1,0.32088604223668943,0.6235252623291364,1,-0.48792937867888847,-1.109762475828853,0,0,3.0,0,1,1,0,0,0,0,0,0,0,0,0,0,0,0,0,0,0,0,0
0,1,1,0,-0.5896262538947137,0,1,-0.5501816511149312,-0.6531958658109243,0,-0.3666970816857586,0.5079352703082123,0,1,1.0,1,0,0,0,0,0,0,0,0,1,0,0,0,1,0,1,0,1,0,1
0,0,0,0,-0.9152721326034655,0,1,-1.4942531130522119,-0.9214053719630775,1,-0.4514134539698653,-1.109762475828853,0,1,1.0,0,0,0,1,1,0,1,0,1,0,1,0,1,0,1,0,0,0,1,0
0,0,1,0,-0.9966836022806536,0,1,0.6726314726948681,-0.733625808514711,1,0.43042658559150354,-0.5705298937831644,1,0,1.0,0,1,1,0,0,0,0,0,0,0,0,0,0,0,0,1,1,0,0,1
0,0,0,0,-1.0373893371192475,0,1,-0.8239457833111549,-0.8802250657833153,0,-0.08251153397726058,-0.031297311737476054,1,0,1.0,1,0,0,0,0,0,0,1,0,0,0,0,0,0,0,1,1,0,0,1
0,0,1,1,-1.2409180113122174,0,1,-1.1508035653878583,-0.9809489793002506,0,0.5014414047647282,-0.5705298937831644,1,1,0.0,1,0,0,0,0,0,0,1,0,0,0,0,0,0,0,0,0,0,1,0
1,0,1,1,0.06166550352279012,0,1,0.634470411843273,0.26793101482696075,1,-0.38320034265029823,-0.031297311737476054,0,1,2.0,0,0,1,0,0,0,0,0,0,1,0,0,0,1,0,0,0,0,1,0
0,0,0,1,1.5270719577121736,2,0,0.03550767412911099,1.1374124821738711,1,-0.5526974889010097,0.5079352703082123,0,1,3.0,0,1,0,0,0,1,0,1,0,0,0,1,0,0,0,0,0,1,0,0
0,0,1,0,1.6084834273893616,2,0,-1.3399496930870676,-0.2407346211761204,1,-0.6210186693349773,-1.109762475828853,0,1,3.0,0,1,0,1,1,0,1,0,1,0,1,0,1,0,1,0,0,1,0,0
1,1,0,0,-0.9966836022806536,0,1,-1.1790095668868632,-0.9115545688332355,0,-0.28356024501497074,-0.5705298937831644,1,1,1.0,1,0,0,0,0,0,0,0,0,1,0,0,0,0,0,0,0,1,0,1
0,0,0,0,-0.6710377235719016,0,1,0.9380997220972668,-0.31840019596373775,1,-0.028403661022144713,0.5079352703082123,0,0,1.0,0,0,1,0,0,0,0,1,0,1,0,0,0,0,0,1,1,0,0,1
1,0,1,0,1.4863662228735797,1,0,1.1471559685016557,1.993028231084122,1,-0.49605632555261187,0.5079352703082123,0,0,3.0,0,1,1,0,0,0,0,0,0,1,0,0,0,1,0,1,0,0,0,0
1,1,1,0,0.1023712383613841,1,1,0.5531707604637883,0.22637773837279496,1,-0.3987194112418215,-0.5705298937831644,0,0,2.0,0,1,1,0,0,0,0,0,0,1,0,0,0,0,0,0,0,0,0,0
0,0,1,1,0.9164859351332638,0,0,-1.4909347599346818,-0.5318488900622488,1,-0.618618581036903,-1.109762475828853,0,0,3.0,0,0,0,1,1,0,1,0,1,0,1,0,1,0,1,0,1,0,0,0
1,0,0,0,1.4863662228735797,2,1,-1.5207999379924515,-0.45216488790726966,1,-0.6283248536188804,-1.109762475828853,0,1,3.0,0,0,0,1,1,0,1,0,1,0,1,0,1,0,1,0,0,0,1,0
0,0,0,0,-1.2409180113122174,0,0,0.5199872292884885,-0.9405584925251084,1,2.434196077938705,-0.5705298937831644,1,1,0.0,0,1,1,0,0,0,0,0,0,1,0,0,0,0,0,0,0,0,1,1
0,0,0,0,1.6084834273893616,2,0,-1.3100845150292975,-0.18994484557348365,1,-0.6195988987924544,-1.109762475828853,0,0,3.0,0,1,0,1,1,0,1,0,1,0,1,0,1,0,1,0,1,0,0,0
0,0,0,0,-1.1188008067964355,0,0,-1.4925939364934466,-0.960830523910351,1,-0.27684262698507117,-1.109762475828853,0,1,0.0,0,0,0,1,1,0,1,0,1,0,1,0,1,0,1,0,0,0,1,0
1,0,0,0,-0.9152721326034655,0,0,0.1732193285066055,-0.6861927653817086,1,0.07465455538461184,-1.109762475828853,1,1,1.0,0,0,1,0,0,0,0,0,0,0,0,0,0,0,0,0,0,0,1,0
1,0,0,0,0.9978974048104517,2,0,-1.5307549973450416,-0.5287334912995817,1,-0.6224194008089222,-1.109762475828853,0,0,3.0,0,0,0,1,1,0,1,0,1,0,1,0,1,0,1,0,1,0,0,0
0,0,1,1,-0.30468611002455576,0,1,-0.2100504565681078,-0.3495761230183152,0,-0.4001958108088324,1.5864004343995892,0,0,2.0,1,0,0,0,0,1,0,1,0,1,0,0,0,1,0,1,1,0,0,1
0,0,1,0,1.2421318138420157,0,1,1.4541036318731793,2.0063015849673165,1,-0.46406624020231824,1.5864004343995892,0,1,3.0,0,1,1,0,0,0,0,1,0,1,0,1,0,1,0,1,0,1,0,0
0,0,1,1,1.6084834273893616,2,1,0.5150096996121938,1.5741606735007352,1,-0.5328351434160601,1.5864004343995892,0,0,3.0,0,0,0,0,0,1,0,0,0,1,0,1,0,1,0,1,0,0,0,0
1,0,1,0,0.631545791263106,2,1,1.0608787874458763,0.9539769254509138,1,-0.4320137280080878,1.0471678523539008,0,0,2.0,0,1,1,0,0,1,0,1,0,1,0,0,0,1,0,0,0,0,0,0
1,0,1,1,0.6722515261016999,0,1,0.8451858348064274,0.963279242883103,1,-0.45153908215120364,0.5079352703082123,0,0,3.0,0,0,1,0,0,0,0,1,0,1,0,0,0,1,0,0,1,0,0,0
0,0,0,1,-0.4675090493789317,0,0,-1.466047111553207,-0.8105015638977086,1,-0.5511308229072064,-1.109762475828853,0,1,1.0,0,0,0,1,1,0,1,0,1,0,1,0,1,0,1,0,0,0,1,0
1,1,1,0,0.9978974048104517,0,1,-0.6663240102284806,0.12005927073980234,0,-0.5706970511501384,-0.031297311737476054,0,1,3.0,1,0,0,0,0,0,0,0,0,0,0,0,0,1,0,1,0,1,0,1
1,0,0,0,-0.4675090493789317,0,0,0.0139383788651659,-0.383911327691372,1,-0.31767178592004547,0.5079352703082123,0,0,1.0,0,0,0,0,0,1,0,0,0,1,0,0,0,1,0,0,0,0,0,0
0,0,0,0,-0.9966836022806536,0,0,-0.027541035103958902,-0.787750377159076,1,0.16044231810410908,0.5079352703082123,0,1,1.0,0,0,0,0,0,0,0,0,0,1,0,1,0,0,0,1,0,0,1,0
1,0,0,0,-0.9559778674420595,0,1,0.6825865320474579,-0.6615328484152447,1,0.3248640165502238,-0.5705298937831644,1,1,1.0,0,1,1,0,0,0,0,0,0,0,0,0,0,1,0,0,0,1,0,0
1,0,0,0,-1.2409180113122174,0,0,0.9961709016540415,-0.9307735076789849,1,2.985040756390475,0.5079352703082123,1,1,0.0,0,0,1,0,0,0,0,0,0,1,0,0,0,1,0,1,0,1,0,1
1,0,1,0,-0.9559778674420595,0,1,0.9928525485365113,-0.618136660016966,1,0.43253783697232906,1.0471678523539008,0,1,1.0,0,0,1,0,0,0,0,1,0,1,0,1,0,1,0,0,0,0,1,1
1,0,0,0,-0.5489205190561197,0,1,1.1620885575305409,-0.16129195272810848,1,-0.0842389214706633,0.5079352703082123,0,1,1.0,0,1,1,0,0,0,0,1,0,0,0,0,0,1,0,1,0,1,0,1
0,0,0,0,-0.9966836022806536,0,0,0.6643355899010431,-0.7156354776317037,1,0.42722771986298,-0.031297311737476054,1,1,1.0,0,0,1,0,0,1,0,0,0,0,0,0,0,1,0,0,0,1,0,1
0,0,0,0,0.9571916699718578,0,1,1.3445979789946898,1.587368209100211,1,-0.4467023971696759,1.0471678523539008,0,0,3.0,0,1,1,0,0,0,0,1,0,0,0,1,0,1,0,1,0,0,0,0
0,0,1,1,-0.4675090493789317,1,1,-0.2979868141826523,-0.501221448705324,0,-0.3668761569442453,1.0471678523539008,0,1,1.0,1,0,0,0,0,1,0,0,0,1,0,0,0,1,0,1,0,1,0,1
0,0,1,1,1.1200146093262338,2,1,0.5199872292884885,1.1616336105822127,1,-0.507585726855183,1.5864004343995892,0,0,3.0,0,0,0,0,0,0,0,1,0,1,0,1,0,1,0,1,0,0,0,0
1,0,1,1,0.9571916699718578,1,1,-0.4290617623250868,0.2569393614460015,0,-0.5546893697104683,1.0471678523539008,0,1,3.0,1,0,0,0,0,1,0,1,0,0,0,1,0,1,0,0,0,0,1,0
0,0,1,1,0.9164859351332638,2,0,-1.480979700582092,-0.5354469562388503,1,-0.6180016569321163,-1.109762475828853,0,1,3.0,0,0,0,1,1,0,1,0,1,0,1,0,1,0,1,0,0,0,1,0
1,0,0,1,0.9164859351332638,1,0,-1.5207999379924515,-0.5694750089212216,1,-0.6204693533512631,-1.109762475828853,0,0,3.0,0,0,0,1,1,0,1,0,1,0,1,0,1,0,1,0,0,0,0,0
0,1,0,0,-0.7524491932490895,0,1,0.3109309828840996,-0.5278997930391496,1,-0.08932511797901595,-1.109762475828853,0,1,1.0,0,1,1,0,0,0,0,0,0,0,0,0,0,0,0,0,0,1,0,1
0,0,0,0,1.1607203441648277,2,0,0.7871146552496526,1.325981865026857,1,-0.49508782104402205,1.5864004343995892,0,0,3.0,0,1,0,0,0,0,0,1,0,1,0,1,0,1,0,1,1,0,0,0
1,0,1,1,1.3642490183577978,2,0,-1.4909347599346818,-0.405938513309103,1,-0.6253709841738718,-1.109762475828853,0,0,3.0,0,0,0,1,1,0,1,0,1,0,1,0,1,0,1,0,1,0,0,0
1,0,0,0,0.9978974048104517,1,1,-0.34112540471054226,0.3665487432649099,1,-0.5512391230635326,-0.031297311737476054,0,1,3.0,0,0,0,0,0,0,0,1,0,0,0,1,0,0,0,0,0,0,1,0
1,0,0,0,1.0793088744876398,0,1,-0.009290092957543614,0.6301509695567805,1,-0.5356628530799181,0.5079352703082123,0,1,3.0,0,0,0,0,0,0,0,0,0,1,0,1,0,1,0,0,0,1,0,0
1,0,0,0,0.6722515261016999,1,1,1.3844182164050498,1.258781397350453,1,-0.41411235312747713,1.0471678523539008,0,0,3.0,0,1,1,0,0,0,0,1,0,0,0,1,0,1,0,1,0,0,0,0
1,0,1,1,1.4456604880349857,2,1,0.904916190921967,1.7961876839105337,1,-0.5058675050354999,2.1256330164452777,0,0,3.0,0,1,0,0,0,1,0,1,0,1,0,1,0,1,0,1,1,0,0,0
0,1,0,0,0.14307697319997809,0,1,0.33084110158927976,0.15801448101736673,1,-0.4266273533274276,-1.109762475828853,0,0,2.0,0,1,1,0,0,0,0,0,0,0,0,0,0,0,0,0,0,0,0,0
0,1,1,0,-1.2816237461508113,0,1,0.15330920980142534,-0.9784040056631422,1,3.344913150849383,-1.109762475828853,1,1,0.0,0,0,1,0,0,0,0,0,0,0,0,0,0,0,0,0,0,1,0,1
0,0,0,0,-0.10115743583158582,0,0,1.1786803231181906,0.34996253576789343,1,-0.28659400799621576,0.5079352703082123,0,1,2.0,0,1,1,0,0,0,0,0,0,1,0,0,0,1,0,1,0,1,0,0
0,0,1,0,1.5677776925507676,2,1,-1.3449272227633626,-0.2518359716966103,1,-0.6207206928013614,-1.109762475828853,0,0,3.0,0,1,0,1,1,0,1,0,1,0,1,0,1,0,1,0,1,0,0,0
0,0,1,0,-0.9966836022806536,0,0,1.2019087949409006,-0.6390668742393916,1,0.6345142190713111,1.0471678523539008,1,1,1.0,0,0,1,0,0,0,0,1,0,1,0,0,0,1,0,1,0,1,0,1
0,1,0,0,-0.9559778674420595,0,1,0.5282831120823135,-0.6791063301680361,1,0.27131500425473803,-0.5705298937831644,1,1,1.0,0,0,1,0,0,0,0,0,0,0,0,0,0,1,0,0,0,1,0,1
1,0,0,0,1.4863662228735797,2,1,1.3794406867287545,2.2156476060473858,1,-0.48454040892992684,1.0471678523539008,0,0,3.0,0,1,1,0,0,0,0,0,0,1,0,1,0,1,0,1,0,0,0,1
0,0,0,1,1.4049547531963917,1,1,1.3827590398462843,2.1699697171468717,1,-0.4792179264572573,1.0471678523539008,0,0,3.0,0,1,1,0,0,0,0,1,0,0,0,1,0,1,0,1,0,0,0,0
1,0,0,0,-0.3453918448631497,0,0,-0.3311703453579522,-0.41721537925284186,1,-0.4066270073227319,-0.031297311737476054,0,1,1.0,0,0,0,0,0,1,0,0,0,0,0,1,0,0,0,0,0,1,0,0
1,1,1,0,-0.6710377235719016,0,1,0.22797215494585,-0.49650447170551104,1,-0.173368729095945,-1.109762475828853,0,0,1.0,0,0,1,0,0,0,0,0,0,0,0,0,0,0,0,0,0,0,0,1
0,0,1,1,-0.7524491932490895,0,0,0.17487850506537042,-0.5497295238057256,1,-0.12080195674768839,-1.109762475828853,0,1,1.0,0,0,1,0,0,0,0,0,0,0,0,0,0,0,0,0,0,1,0,0
1,1,1,1,0.06166550352279012,0,1,1.4590811615494745,0.5817745310238155,1,-0.3014373346292342,1.5864004343995892,0,1,2.0,0,1,1,0,0,0,0,1,0,1,0,1,0,1,0,1,0,1,0,0
0,0,1,1,0.8350744654560759,1,0,-1.5058673489635668,-0.5666667621492398,1,-0.618054971360925,-1.109762475828853,0,0,3.0,0,0,0,1,1,0,1,0,1,0,1,0,1,0,1,0,0,0,0,0
0,0,1,1,-0.5082147842175256,0,1,1.3578713914648095,-0.026188955682304057,1,-0.07928981920781895,1.0471678523539008,0,0,1.0,0,1,1,0,0,0,0,1,0,1,0,0,0,1,0,1,0,0,0,1
1,0,1,1,-0.3453918448631497,1,0,0.3275227484717495,-0.20980002782851012,1,-0.3151906293386124,0.5079352703082123,0,1,1.0,0,1,0,0,0,1,0,0,0,0,0,0,0,1,0,1,0,0,1,0
0,0,1,0,1.2828375486806096,2,1,0.5432157011111984,1.2417564012953142,1,-0.5157093129317657,1.5864004343995892,0,1,3.0,0,1,0,0,0,1,0,1,0,1,0,1,0,0,0,1,0,0,1,0
1,1,1,0,1.5677776925507676,2,0,-1.3598598117922474,-0.23832128410644868,1,-0.6214404375902792,-1.109762475828853,0,0,3.0,0,1,0,1,1,0,1,0,1,0,1,0,1,0,1,0,0,0,0,0
0,0,0,0,-0.9966836022806536,1,1,-1.5174815848749215,-0.9378599428926574,1,-0.41407396673873487,-1.109762475828853,0,1,1.0,0,0,0,1,1,0,1,0,1,0,1,0,1,0,1,0,0,0,1,0
1,0,1,1,1.3235432835192036,2,1,0.15330920980142534,0.9477022490697672,1,-0.538393521188176,0.5079352703082123,0,1,3.0,0,1,0,0,0,1,0,1,0,0,0,0,0,0,0,1,0,0,1,0
1,0,0,0,-0.1418631706701798,0,0,-0.5302715324097512,-0.4280973354942707,1,-0.4718454817958716,-0.5705298937831644,0,0,2.0,0,0,0,0,0,0,0,0,0,1,0,0,0,0,0,0,0,0,0,0
0,0,1,1,0.9164859351332638,1,0,1.1936129121470758,1.3818615879037108,1,-0.4522547141127562,0.5079352703082123,0,1,3.0,0,1,1,0,0,1,0,0,0,0,0,0,0,1,0,1,0,0,1,0
1,0,0,1,0.8757802002946699,1,1,-0.13040998174738822,0.4316430258623283,1,-0.5320248703286607,0.5079352703082123,0,1,3.0,0,0,0,0,0,0,0,1,0,1,0,1,0,0,0,0,0,1,0,0
0,0,0,0,1.3642490183577978,2,1,-0.11879574583603324,0.8310941897488107,0,-0.5542988718831214,1.5864004343995892,0,0,3.0,1,0,0,0,0,1,0,0,0,1,0,1,0,1,0,1,0,0,0,0
1,0,1,1,-0.06045170099299184,0,0,-0.17354857227527792,-0.20791323702858497,1,-0.44490303519738134,-0.5705298937831644,0,0,2.0,0,1,0,0,0,0,0,0,0,0,0,0,0,0,0,1,0,0,0,0
0,1,0,0,-1.1188008067964355,0,0,0.46523440284924406,-0.8428841594871218,1,0.855555840912294,-0.5705298937831644,1,1,0.0,0,0,1,0,0,0,0,0,0,0,0,0,0,0,0,1,0,1,0,1
1,0,0,0,-0.4675090493789317,0,0,-0.10884068648344337,-0.3974260152815337,1,-0.33703946387637945,-0.031297311737476054,0,1,1.0,0,0,0,0,0,0,0,0,0,1,0,0,0,0,0,1,0,0,1,0
1,0,0,0,-0.9559778674420595,0,1,-1.3382905165283026,-0.9255080449815193,0,-0.376455305771297,-1.109762475828853,1,1,1.0,1,0,0,0,0,0,0,0,0,0,0,0,0,0,0,0,0,0,1,0
1,1,0,0,-0.06045170099299184,0,1,0.8551408941590172,0.23949751626064675,1,-0.33334259291511975,-0.031297311737476054,0,1,2.0,0,1,1,0,0,0,0,1,0,0,0,0,0,1,0,0,0,1,0,0
1,0,1,0,0.6722515261016999,1,1,1.1388600857078308,1.1502689869268496,1,-0.43115590972905105,1.0471678523539008,0,0,3.0,0,0,1,0,0,0,0,0,0,1,0,1,0,1,0,1,1,0,0,0
0,0,1,0,-0.8745663977648716,0,1,0.9646465470375066,-0.5355127745225685,1,0.242333280754314,-0.031297311737476054,1,1,1.0,0,1,1,0,0,0,0,0,0,0,0,0,0,1,0,1,0,1,0,1
0,0,0,0,-1.0780950719578415,0,1,0.9497139580086216,-0.773555567303825,1,0.8792731453852048,-0.031297311737476054,1,0,0.0,0,1,1,0,0,0,0,0,0,0,0,0,0,1,0,1,0,0,0,1
0,0,1,1,-1.3223294809894055,2,0,-1.4909347599346818,-1.0089217498805365,1,1.643436469847664,-1.109762475828853,0,1,0.0,0,0,0,1,1,0,1,0,1,0,1,0,1,0,1,0,0,0,1,0
0,0,1,0,0.9978974048104517,2,0,-1.4942531130522119,-0.5194092344394864,1,-0.620235347656344,-1.109762475828853,0,0,3.0,0,0,0,1,1,0,1,0,1,0,1,0,1,0,1,0,0,0,0,0
0,0,0,0,-1.2409180113122174,0,1,-0.1967770440979879,-0.9588340359708951,1,1.6050500811053805,-0.031297311737476054,1,1,0.0,0,0,0,0,0,0,0,1,0,0,0,0,0,1,0,0,0,1,0,0
0,0,1,1,-0.9559778674420595,0,1,0.6776090023711627,-0.6777899644936698,1,0.32313662905682095,-0.5705298937831644,1,0,1.0,0,1,1,0,0,0,0,0,0,0,0,0,0,1,0,0,0,0,0,1
0,0,0,0,0.22448844287716607,2,0,-1.480979700582092,-0.6828799117678865,1,-0.5998050322687069,-1.109762475828853,0,1,2.0,0,0,0,1,1,0,1,0,1,0,1,0,1,0,1,0,0,0,1,0
1,0,0,1,0.26519417771576004,1,0,-0.33448869847548224,-0.047228867044260395,0,-0.5018348480007807,1.0471678523539008,0,0,2.0,1,0,0,0,0,0,0,0,0,1,0,1,0,1,0,1,0,0,0,0
1,0,1,1,-0.6303319887333076,0,1,0.9165304268333218,-0.3441132054696947,1,-0.06763680833962572,-0.031297311737476054,0,1,1.0,0,1,1,0,0,0,0,0,0,0,0,0,0,1,0,1,0,1,0,1
1,0,0,0,1.5677776925507676,2,0,-1.3067661619117676,-0.17605718770891823,1,-0.6188813450074603,-1.109762475828853,0,0,3.0,0,1,0,1,1,0,1,0,1,0,1,0,1,0,1,0,0,0,0,0
0,0,0,0,0.5094285867473239,1,0,1.0559012577695812,0.9405061167165645,1,-0.4175370865926583,0.5079352703082123,0,0,2.0,0,1,1,0,0,1,0,1,0,0,0,0,0,0,0,1,0,0,0,0
0,0,1,1,0.020959768684196134,2,0,-1.4876164068171518,-0.7147798399433656,1,-0.5916674652434762,-1.109762475828853,0,1,2.0,0,0,0,1,1,0,1,0,1,0,1,0,1,0,1,0,0,0,1,0
0,0,1,1,1.6084834273893616,2,1,-1.4677062881119718,-0.3585054701761006,1,-0.6270921322113249,-1.109762475828853,0,1,3.0,0,0,0,1,1,0,1,0,1,0,1,0,1,0,1,0,0,0,1,0
0,0,0,0,-0.1418631706701798,1,1,-0.3212152860053623,-0.2979965280110586,1,-0.44766205688823296,-0.5705298937831644,0,1,2.0,0,1,0,0,0,0,0,1,0,0,0,0,0,0,0,0,0,1,0,0
0,0,1,1,1.5677776925507676,2,1,1.0227177265942813,1.9965166001211925,1,-0.5066011579362808,0.5079352703082123,0,0,3.0,0,1,1,0,0,0,0,1,0,1,0,0,0,0,0,1,1,0,0,0
0,1,0,0,-0.5896262538947137,0,1,1.283208446320385,-0.21631603791662385,1,-0.03182634831557433,1.0471678523539008,0,0,1.0,0,1,1,0,0,0,0,1,0,0,0,1,0,1,0,1,1,0,0,0
0,0,0,0,-0.6710377235719016,0,1,-0.36601305309201715,-0.6429062741229603,1,-0.2946245570642172,-0.031297311737476054,0,1,1.0,0,0,0,0,0,0,0,1,0,0,0,1,0,0,0,0,0,0,1,1
0,1,1,0,-0.22327464034736777,0,1,1.2052271480584305,0.19969939403896927,1,-0.2433230839583271,1.0471678523539008,0,1,2.0,0,0,1,0,0,1,0,0,0,1,0,0,0,1,0,1,0,1,0,1
0,0,1,0,-1.1595065416350294,0,0,-1.5042081724048018,-0.9679169591240234,1,-0.20832292308009492,-1.109762475828853,0,1,0.0,0,0,0,1,1,0,1,0,1,0,1,0,1,0,1,0,0,0,1,0
0,0,1,0,1.6084834273893616,2,0,-1.2769009838539978,-0.16886105535571524,1,-0.6180213759674291,-1.109762475828853,0,0,3.0,0,1,0,1,1,0,1,0,1,0,1,0,1,0,1,0,1,0,0,0
0,1,0,0,0.590840056424512,0,1,0.9994892547715714,0.9676232496085122,1,-0.43170771406722136,0.5079352703082123,0,1,2.0,0,1,1,0,0,0,0,1,0,0,0,1,0,1,0,0,0,1,0,1
1,0,0,0,0.26519417771576004,1,0,0.5465340542287288,0.40123497878446446,1,-0.42539795141770853,-0.5705298937831644,0,0,2.0,0,1,1,0,0,0,0,1,0,0,0,0,0,0,0,0,1,0,0,0
0,0,1,0,1.6084834273893616,2,1,1.3296653899658049,2.3213956485548195,1,-0.49410695806168775,1.0471678523539008,0,0,3.0,0,1,1,0,0,1,0,0,0,1,0,0,0,1,0,1,1,0,0,0
0,1,0,0,-1.2816237461508113,0,1,0.8086839505135972,-0.9697379316402301,1,4.482109917339534,-0.031297311737476054,1,1,0.0,0,0,1,0,0,0,0,0,0,0,0,0,0,1,0,1,0,1,0,1
0,1,1,0,1.6084834273893616,1,0,1.3296653899658049,2.3162398829968844,1,-0.49410695806168775,1.0471678523539008,0,0,3.0,0,1,1,0,0,0,0,1,0,1,0,0,0,1,0,1,1,0,0,0
0,0,0,0,-0.5896262538947137,0,1,0.34743286717692967,-0.4032180242487458,1,-0.20274679503121584,-0.5705298937831644,0,1,1.0,0,0,1,0,0,1,0,0,0,0,0,0,0,0,0,0,0,1,0,0
1,1,1,0,1.5677776925507676,1,1,0.2014253300056102,1.1903303822834004,1,-0.5461871213267607,1.0471678523539008,0,0,3.0,0,0,0,0,0,1,0,1,0,0,0,1,0,1,0,0,0,0,0,0
0,0,1,0,0.387311382231542,0,1,0.04878108659923111,0.1880056789650146,1,-0.4819196770739337,0.5079352703082123,0,0,2.0,0,1,0,0,0,1,0,1,0,0,0,1,0,0,0,0,1,0,0,0
1,0,1,0,1.6084834273893616,2,1,0.8402083051301322,1.7859200316504757,1,-0.5173754197308117,2.1256330164452777,0,0,3.0,0,1,0,0,0,1,0,1,0,1,0,1,0,1,0,1,1,0,0,0
0,0,0,0,-0.7117434584104956,0,1,1.1687252637656007,-0.3880359401377201,1,0.0610775514118439,0.5079352703082123,0,1,1.0,0,1,1,0,0,0,0,1,0,0,0,0,0,1,0,1,0,1,0,0
1,0,1,1,1.6084834273893616,2,1,1.326347036848275,2.308122294671625,1,-0.49426471034419023,1.5864004343995892,0,0,3.0,0,0,1,0,0,1,0,0,0,1,0,1,0,1,0,1,1,0,0,0
1,0,0,1,-0.22327464034736777,1,0,-0.2896909313888274,-0.3210987455961889,1,-0.4286059567625994,-0.031297311737476054,0,1,2.0,0,0,0,0,0,1,0,1,0,0,0,0,0,0,0,0,0,0,1,0
0,0,1,0,0.1023712383613841,0,1,0.1781968581829002,0.0514327402495011,1,-0.4348665939741385,-1.109762475828853,0,1,2.0,0,0,1,0,0,0,0,0,0,0,0,0,0,0,0,0,0,1,0,1
1,0,1,1,-0.9559778674420595,0,1,1.2135230308522553,-0.6110063459474814,1,0.5091186825131848,1.0471678523539008,0,1,1.0,0,0,1,0,0,0,0,1,0,0,0,1,0,1,0,1,0,1,0,0
0,0,0,0,-1.2816237461508113,0,0,-1.5058673489635668,-1.0003434335692487,1,0.46593399517811585,-1.109762475828853,0,0,0.0,0,0,0,1,1,0,1,0,1,0,1,0,1,0,1,0,1,0,0,0
0,0,0,0,-0.5082147842175256,0,1,-0.6829157758161306,-0.602098938217602,1,-0.41654166315788166,-1.109762475828853,0,1,1.0,0,0,0,0,0,0,0,0,0,0,0,0,0,0,0,0,0,1,0,0
0,0,1,0,1.3235432835192036,2,0,-1.5125040551986266,-0.4297427925872287,1,-0.6259842809546594,-1.109762475828853,0,0,3.0,0,0,0,1,1,0,1,0,1,0,1,0,1,0,1,0,0,0,0,0
0,0,0,0,-1.2816237461508113,0,0,-1.461069581876912,-0.9997510690157839,1,0.5436664323812399,-1.109762475828853,0,1,0.0,0,0,0,1,1,0,1,0,1,0,1,0,1,0,1,0,0,0,1,1
0,0,0,0,-1.0373893371192475,0,0,-1.4892755833759168,-0.9365874560741032,1,-0.3711291943333051,-1.109762475828853,0,1,1.0,0,0,0,1,1,0,1,0,1,0,1,0,1,0,1,0,0,0,1,1
1,0,1,1,-0.1418631706701798,2,0,0.3524103968532244,-0.10747453607442897,1,-0.36973768774139737,1.0471678523539008,0,1,2.0,0,0,0,0,0,0,0,0,0,1,0,1,0,1,0,1,0,0,1,0
1,0,0,0,0.5501343215859179,0,0,-1.1491443888290935,-0.4033496608161825,0,-0.5855059453984226,-0.5705298937831644,0,0,2.0,1,0,0,0,0,0,0,1,0,0,0,0,0,0,0,0,0,0,0,1
0,0,0,0,-1.2816237461508113,0,0,-0.5120205902633365,-0.9872017162534911,1,2.1904425094252047,-0.5705298937831644,1,1,0.0,0,0,0,0,0,0,0,1,0,0,0,0,0,0,0,0,0,1,0,0
0,1,1,0,-1.2002122764736234,0,1,0.32088604223668943,-0.9040293450614408,1,1.4879715954414154,-0.5705298937831644,1,0,0.0,0,0,1,0,0,0,0,1,0,0,0,0,0,0,0,0,0,0,0,0
1,0,0,0,-0.7931549280876836,0,1,0.8684143066291369,-0.5105895844212315,1,0.08961029125822874,-0.031297311737476054,0,1,1.0,0,0,1,0,0,0,0,0,0,0,0,0,0,1,0,1,0,1,0,1
0,0,0,1,-1.0373893371192475,1,0,-1.4892755833759168,-0.966447017454314,1,-0.3711291943333051,-1.109762475828853,0,1,1.0,0,0,0,1,1,0,1,0,1,0,1,0,1,0,1,0,0,0,1,0
1,0,0,0,-1.2816237461508113,0,1,-1.4959122896109767,-1.0002117970018123,1,0.4832078701121435,-1.109762475828853,0,1,0.0,0,0,0,1,1,0,1,0,1,0,1,0,1,0,1,0,0,1,0,1
1,0,1,1,-0.6710377235719016,0,0,-1.4859572302583868,-0.8591412755655469,1,-0.5232493723675237,-1.109762475828853,0,1,1.0,0,0,0,1,1,0,1,0,1,0,1,0,1,0,1,0,0,1,0,0
0,0,1,0,-0.9966836022806536,2,0,0.018915908541461066,-0.7612914271043115,1,0.17835596618384145,0.5079352703082123,0,1,1.0,0,0,0,0,0,1,0,0,0,0,0,1,0,0,0,1,0,0,1,0
1,0,0,0,-0.9152721326034655,0,1,1.309755271260625,-0.5343938636993572,1,0.4332183229545788,1.5864004343995892,1,1,1.0,0,0,1,0,0,1,0,1,0,1,0,0,0,1,0,1,0,1,0,1
1,0,0,1,-0.1418631706701798,1,0,1.1819986762357204,0.2330473244562513,1,-0.27377171588568844,1.0471678523539008,0,0,2.0,0,1,1,0,0,0,0,1,0,1,0,1,0,0,0,1,1,0,0,0
1,0,1,1,-0.5489205190561197,0,1,0.6211969993731534,-0.3657674208130219,1,-0.17809364194554667,-0.5705298937831644,0,1,1.0,0,1,1,0,0,0,0,0,0,0,0,0,0,0,0,1,0,1,0,1
0,0,1,1,1.6084834273893616,2,1,1.5984519924857334,2.610425671789867,1,-0.48132902317898235,2.1256330164452777,0,0,3.0,0,1,1,0,0,1,0,1,0,1,0,1,0,1,0,1,0,0,0,0
0,0,0,0,-1.2002122764736234,0,1,1.1305642029140057,-0.8828139182762358,1,2.1904425094252047,1.0471678523539008,1,0,0.0,0,0,1,0,0,1,0,0,0,1,0,0,0,1,0,1,1,0,0,1
1,0,1,1,0.46872285190873,1,0,-1.3299946337344775,-0.5641656673679438,1,-0.5961534040062999,-1.109762475828853,0,1,2.0,0,1,0,1,1,0,1,0,1,0,1,0,1,0,1,0,0,1,0,0
0,0,0,0,0.387311382231542,0,1,1.336302096200865,0.9220769972754349,1,-0.3780086154552871,1.0471678523539008,0,1,2.0,0,1,1,0,0,1,0,0,0,1,0,0,0,1,0,1,0,1,0,1
1,0,1,1,-0.10115743583158582,0,1,0.6178786462556232,0.11885260220496649,1,-0.34937432764891824,-0.031297311737476054,0,0,2.0,0,1,1,0,0,0,0,1,0,0,0,1,0,0,0,0,0,0,0,0
1,0,0,0,0.7536629957788878,0,0,0.5332606417586087,0.7838586014669634,1,-0.4803643072975246,-0.5705298937831644,0,0,3.0,0,1,1,0,0,0,0,1,0,0,0,0,0,0,0,0,0,0,0,0
0,0,0,0,-1.2816237461508113,0,0,-1.5025489958460367,-1.0002995547134366,1,0.47169195348945825,-1.109762475828853,0,1,0.0,0,0,0,1,1,0,1,0,1,0,1,0,1,0,1,0,0,0,1,1
1,0,1,1,-0.38609757970174374,1,1,-1.4909347599346818,-0.8135292049487513,1,-0.5637808828336408,-1.109762475828853,0,0,1.0,0,0,0,1,1,0,1,0,1,0,1,0,1,0,1,0,1,0,0,0
0,0,1,0,0.8350744654560759,1,0,1.512174811429954,1.5516288810411634,1,-0.4240970793547756,2.1256330164452777,0,1,3.0,0,0,1,0,0,1,0,1,0,1,0,1,0,1,0,1,0,1,0,0
0,0,0,0,-0.3453918448631497,0,1,1.1222683201201809,0.04737394608687138,1,-0.20486814809328943,0.5079352703082123,0,1,1.0,0,1,1,0,0,0,0,0,0,1,0,0,0,1,0,1,0,1,0,1
0,0,0,0,-1.2816237461508113,0,0,-1.4859572302583868,-1.0000801604343756,1,0.5004817450461709,-1.109762475828853,0,1,0.0,0,0,0,1,1,0,1,0,1,0,1,0,1,0,1,0,0,0,1,0
1,1,1,0,1.1607203441648277,1,1,1.107335731091296,1.6530109773952821,1,-0.4771638540425848,1.0471678523539008,0,1,3.0,0,1,1,0,0,0,0,1,0,1,0,1,0,1,0,0,0,0,1,0
1,0,0,0,-0.4268033145403377,0,1,0.9380997220972668,-0.06232319344366157,1,-0.19310188545706777,0.5079352703082123,0,1,1.0,0,0,1,0,0,0,0,1,0,0,0,0,0,1,0,1,0,0,1,0
1,1,0,0,-1.1188008067964355,0,1,0.8783693659817272,-0.8115765958651078,1,1.0945111108330092,-0.031297311737476054,1,1,0.0,0,0,1,0,0,0,0,0,0,0,0,0,0,1,0,1,0,1,0,1
1,0,0,0,0.26519417771576004,2,1,-0.5020655309107466,-0.14400368353809645,1,-0.5163736927369206,-0.5705298937831644,0,0,2.0,0,0,0,0,0,0,0,0,0,0,0,1,0,0,0,0,0,0,0,0
1,0,1,1,0.7129572609402939,0,1,-0.8455150785750998,-0.12197649792036551,0,-0.5706678525785799,-0.031297311737476054,0,0,3.0,1,0,0,0,0,1,0,0,0,0,0,0,0,1,0,0,1,0,0,0
1,0,1,1,0.9978974048104517,1,0,-1.5108448786398618,-0.5431038165780815,1,-0.6212280990893342,-1.109762475828853,0,1,3.0,0,0,0,1,1,0,1,0,1,0,1,0,1,0,1,0,0,0,1,0
1,0,0,1,0.26519417771576004,1,0,-1.3100845150292975,-0.5883648563483793,1,-0.5864768351775159,-1.109762475828853,0,0,2.0,0,1,0,1,1,0,1,0,1,0,1,0,1,0,1,0,0,0,0,0
0,0,1,0,-0.8745663977648716,0,1,1.0376503156231662,-0.4727001924273854,1,0.2634457945625701,0.5079352703082123,0,0,1.0,0,1,1,0,0,1,0,0,0,0,0,1,0,1,0,0,1,0,0,1
1,0,0,0,-1.2816237461508113,0,0,-0.6513914211995958,-0.9890446281976039,1,1.9486082603488182,-1.109762475828853,1,1,0.0,0,0,0,0,0,0,0,0,0,0,0,0,0,0,0,0,0,1,0,1
0,0,1,1,0.9571916699718578,0,1,1.482309633372184,1.603186536620514,1,-0.4383180017338614,1.5864004343995892,0,1,3.0,0,1,1,0,0,1,0,0,0,1,0,1,0,1,0,1,0,0,1,0
1,0,0,0,0.06166550352279012,1,0,-0.2648032830073525,-0.17983076930876854,1,-0.4723664399288026,-0.031297311737476054,0,1,2.0,0,0,0,0,0,1,0,0,0,1,0,0,0,0,0,0,0,0,1,0
0,1,1,0,-0.8338606629262776,1,1,0.473530285643069,-0.5947711692969625,1,0.04183821955423305,1.5864004343995892,0,1,1.0,0,0,0,0,0,1,0,0,0,1,0,1,0,1,0,1,0,1,0,0
1,0,1,0,-1.2816237461508113,0,1,0.8568000707177821,-0.9691016882309531,1,4.565600312854,-0.031297311737476054,1,1,0.0,0,0,1,0,0,0,0,0,0,0,0,0,0,1,0,1,0,1,0,1
1,0,0,0,-0.5489205190561197,1,1,-1.5008898192872717,-0.8393299721663326,1,-0.5463150759559017,-1.109762475828853,0,0,1.0,0,0,0,1,1,0,1,0,1,0,1,0,1,0,1,0,1,0,0,0
1,0,1,0,-0.5896262538947137,0,1,0.9895341954189815,-0.2665353883937017,1,-0.08546627574229168,-0.031297311737476054,0,1,1.0,0,1,1,0,0,0,0,0,0,0,0,0,0,1,0,1,0,1,0,0
1,1,1,0,0.14307697319997809,1,0,-0.3593763468569571,-0.13448197182684626,1,-0.49136547920630586,-0.031297311737476054,0,0,2.0,0,0,0,0,0,0,0,0,0,1,0,1,0,0,0,0,1,0,0,0
1,1,0,0,-0.8745663977648716,0,0,-0.1552976301288631,-0.7180268752734692,1,-0.08155187425870354,-0.031297311737476054,1,0,1.0,0,1,0,0,0,1,0,1,0,0,0,0,0,0,0,0,0,0,0,0
0,0,0,0,0.9571916699718578,0,1,0.29599839385521454,0.7869740002296305,1,-0.5105450226568423,-0.5705298937831644,0,1,3.0,0,0,1,0,0,0,0,1,0,0,0,0,0,0,0,0,0,1,0,1
0,1,1,0,0.7536629957788878,0,1,0.4171182826450592,0.6616998668857619,1,-0.48811540502433176,-0.5705298937831644,0,1,3.0,0,1,1,0,0,1,0,0,0,0,0,0,0,0,0,0,0,1,0,1
0,0,1,0,-0.22327464034736777,0,0,0.8368899520126024,0.05443844187263766,1,-0.28897546771254284,-0.031297311737476054,0,0,2.0,0,1,1,0,0,0,0,0,0,1,0,0,0,0,0,1,0,0,0,0
0,0,0,0,-1.2816237461508113,0,0,0.1981069768880804,-0.9778116411096773,1,3.4226455880525073,-1.109762475828853,1,1,0.0,0,0,1,0,0,0,0,0,0,0,0,0,0,0,0,0,0,0,1,1
0,1,1,1,-1.1595065416350294,0,0,-0.6281629493768859,-0.9292377477255575,1,0.3997174745976766,-1.109762475828853,1,1,0.0,0,0,0,0,0,0,0,0,0,0,0,0,0,0,0,0,0,1,0,1
1,1,1,0,1.6084834273893616,2,1,-0.015926799192603674,1.0275398272200895,0,-0.5580755086164657,2.1256330164452777,0,0,3.0,1,0,0,0,0,1,0,1,0,1,0,1,0,1,0,1,1,0,0,0
0,1,0,0,0.7943687306174818,0,1,-0.4788370590880366,0.11714132682829033,0,-0.5500197246052749,1.0471678523539008,0,1,3.0,1,0,0,0,0,0,0,1,0,1,0,1,0,1,0,0,0,1,0,0
0,0,0,0,-0.7117434584104956,0,1,-1.3117436915880627,-0.8335818420549327,1,-0.4769316783042243,-1.109762475828853,0,0,1.0,0,1,0,1,1,0,1,0,1,0,1,0,1,0,1,0,1,0,0,1
0,0,1,0,-1.2816237461508113,0,0,-0.3228744625641272,-0.984700621472195,1,2.5186461331717296,-0.5705298937831644,1,1,0.0,0,0,0,0,0,0,0,0,0,0,0,0,0,1,0,0,0,0,1,1
0,0,0,0,1.2421318138420157,2,1,0.4950995809070136,1.124226886002301,1,-0.5160678012016305,1.5864004343995892,0,0,3.0,0,1,0,0,0,1,0,1,0,1,0,1,0,1,0,0,1,0,0,0
0,0,1,1,-0.7524491932490895,0,1,0.8617776003940772,-0.4564869552047726,1,0.03811769264536556,-0.031297311737476054,0,0,1.0,0,1,1,0,0,0,0,1,0,0,0,0,0,0,0,1,0,0,0,1
0,1,1,1,-0.38609757970174374,0,1,0.7804779490145926,-0.0740607873734286,1,-0.235337344157477,0.5079352703082123,0,0,1.0,0,0,1,0,0,0,0,1,0,1,0,0,0,0,0,1,0,0,0,0
0,1,1,0,0.590840056424512,0,0,1.1537926747367158,1.0740952932368473,1,-0.4205516698389952,0.5079352703082123,0,1,2.0,0,1,1,0,0,0,0,0,0,1,0,0,0,1,0,1,0,1,0,0
0,0,1,1,1.6084834273893616,2,1,1.4690362209020642,2.3747742766503768,1,-0.4874813621965812,1.5864004343995892,0,0,3.0,0,1,1,0,0,0,0,1,0,1,0,1,0,1,0,1,0,0,0,0
0,0,0,0,0.631545791263106,1,1,0.6145602931380933,0.6970223458145934,1,-0.46362374404382534,1.5864004343995892,0,0,2.0,0,1,0,0,0,1,0,1,0,1,0,0,0,1,0,1,1,0,0,0
0,0,0,0,-0.8745663977648716,0,1,-0.9666349673649444,-0.8495756849984843,0,-0.31618867544591184,-0.5705298937831644,1,1,1.0,1,0,0,0,0,0,0,0,0,0,0,0,0,1,0,0,0,0,1,0
0,0,1,1,0.631545791263106,2,0,-1.4909347599346818,-0.5982595383340333,1,-0.6127431133722677,-1.109762475828853,0,1,2.0,0,0,0,1,1,0,1,0,1,0,1,0,1,0,1,0,0,0,1,0
1,1,1,0,1.1607203441648277,2,0,-1.3250171040581826,-0.34997103272062513,1,-0.6133117070172325,-1.109762475828853,0,0,3.0,0,1,0,1,1,0,1,0,1,0,1,0,1,0,1,0,0,0,0,0
1,1,0,0,0.06166550352279012,0,0,0.14003579733130567,-0.010633901296874566,1,-0.43222524484401464,-1.109762475828853,0,0,2.0,0,0,1,0,0,0,0,0,0,0,0,0,0,0,0,0,1,0,0,0
1,0,0,0,-0.3453918448631497,2,0,-1.466047111553207,-0.7952097826471523,1,-0.5641647467210635,-1.109762475828853,0,1,1.0,0,0,0,1,1,0,1,0,1,0,1,0,1,0,1,0,0,0,1,0
0,0,1,1,-0.5896262538947137,1,1,-0.1138182161597383,-0.5317611323506243,1,-0.28699481663928034,0.5079352703082123,0,1,1.0,0,0,0,0,0,1,0,1,0,0,0,1,0,0,0,0,0,0,1,0
0,0,1,1,1.2828375486806096,0,1,0.7257251225753476,1.32861459637559,1,-0.5059650757894937,-0.031297311737476054,0,0,3.0,0,1,1,0,0,1,0,0,0,0,0,1,0,0,0,0,0,0,0,0
0,1,1,1,1.0793088744876398,0,1,0.7904330083671824,1.3380046715194034,1,-0.4894072546454663,-0.031297311737476054,0,0,3.0,0,1,1,0,0,0,0,0,0,1,0,0,0,0,0,1,1,0,0,0
1,1,1,0,-0.3453918448631497,0,0,-1.018069440686659,-0.645517066043787,0,-0.5019787969585642,-0.031297311737476054,0,1,1.0,1,0,0,0,0,0,0,0,0,1,0,1,0,0,0,0,0,0,1,0
1,0,1,1,-1.3223294809894055,2,0,-1.3134028681468275,-1.0089217498805365,1,2.2595380091613153,-1.109762475828853,0,1,0.0,0,1,0,1,1,0,1,0,1,0,1,0,1,0,1,0,0,0,1,0
0,0,0,0,1.1200146093262338,2,0,-1.3250171040581826,-0.3485230304788221,1,-0.6125504750881813,-1.109762475828853,0,1,3.0,0,1,0,1,1,0,1,0,1,0,1,0,1,0,1,0,0,0,1,0
0,0,0,0,0.346605647392948,0,1,0.32254521879545484,0.3472201072796301,1,-0.45506514614567334,1.0471678523539008,0,0,2.0,0,1,0,0,0,1,0,0,0,1,0,1,0,0,0,1,0,0,0,0
1,1,0,0,-1.2002122764736234,0,1,0.5448748776699633,-0.9063768638473945,1,1.682302688449226,-0.5705298937831644,1,1,0.0,0,1,1,0,0,0,0,1,0,0,0,0,0,0,0,0,0,1,0,1
1,0,1,0,1.6084834273893616,2,1,1.4424893959618246,2.3783065245432597,1,-0.48874338045660154,1.5864004343995892,0,1,3.0,0,1,1,0,0,0,0,1,0,1,0,1,0,1,0,1,0,1,0,0
1,0,1,0,0.590840056424512,1,1,1.5237890473413087,1.3060389250602065,1,-0.3938011551842164,1.5864004343995892,0,0,2.0,0,1,1,0,0,1,0,0,0,1,0,1,0,1,0,1,1,0,0,1
1,0,0,0,-0.4675090493789317,0,0,0.3441145140593994,-0.31971656163810414,1,-0.2655884357401744,-1.109762475828853,0,1,1.0,0,1,1,0,0,0,0,0,0,0,0,0,0,0,0,0,0,0,1,0
0,0,0,0,0.346605647392948,0,0,1.0990398482974708,0.7421078701616425,1,-0.3909050392478566,0.5079352703082123,0,0,2.0,0,1,1,0,0,0,0,0,0,1,0,0,0,1,0,1,0,0,0,0
1,0,1,0,-1.0780950719578415,0,1,0.5946501744329131,-0.8069693160048254,1,0.7032441341527331,-0.5705298937831644,1,1,0.0,0,1,1,0,0,0,0,0,0,0,0,0,0,1,0,0,0,1,0,1
1,0,0,0,-0.6303319887333076,0,0,-1.4544328756418519,-0.8397468212965487,1,-0.5247547209456525,-1.109762475828853,0,0,1.0,0,0,0,1,1,0,1,0,1,0,1,0,1,0,1,0,1,0,0,0
0,0,1,1,1.6084834273893616,2,0,-1.4876164068171518,-0.3679174847478204,1,-0.6280386459063401,-1.109762475828853,0,0,3.0,0,0,0,1,1,0,1,0,1,0,1,0,1,0,1,0,0,0,0,0
1,0,0,1,-0.7931549280876836,0,1,-0.42574340920755677,-0.7146482033759288,1,-0.23119024323085532,-0.5705298937831644,0,0,1.0,0,0,0,0,0,1,0,0,0,0,0,0,0,0,0,0,1,0,0,0
0,0,1,0,1.6084834273893616,2,0,-0.005971739840013817,1.099347574756776,1,-0.5576022517689582,0.5079352703082123,0,0,3.0,0,1,0,0,0,1,0,1,0,0,0,1,0,0,0,0,0,0,0,0
1,0,1,0,-0.7117434584104956,0,1,1.2782309166440902,-0.33327512808407805,1,0.08482912944613183,1.0471678523539008,0,1,1.0,0,1,1,0,0,0,0,0,0,1,0,1,0,1,0,1,0,1,0,0
0,0,0,0,-1.2002122764736234,0,1,-0.9998184985402442,-0.9589217936825197,0,0.3421378914842512,-0.5705298937831644,1,0,0.0,1,0,0,0,0,0,0,0,0,0,0,0,0,1,0,0,1,0,0,0
0,0,0,0,0.5501343215859179,0,1,0.3275227484717495,0.5480316909042238,1,-0.4764722667368298,-0.5705298937831644,0,0,2.0,0,0,1,0,0,0,0,0,0,1,0,0,0,0,0,0,1,0,0,0
1,0,1,0,1.6084834273893616,2,1,-1.3731332242623675,-0.2524722151058874,1,-0.6225961921600026,-1.109762475828853,0,0,3.0,0,1,0,1,1,0,1,0,1,0,1,0,1,0,1,0,0,0,0,0
0,0,0,0,-0.7117434584104956,1,0,-0.29135010794759253,-0.6000146925665218,1,-0.2556101557119955,-0.5705298937831644,0,1,1.0,0,0,0,0,0,0,0,0,0,0,0,0,0,1,0,0,0,0,1,0
0,0,1,0,1.2828375486806096,0,1,1.533744106693899,2.042150610165894,1,-0.462824680441435,1.5864004343995892,0,1,3.0,0,1,1,0,0,0,0,1,0,1,0,1,0,1,0,1,0,1,0,0
0,0,1,1,1.4049547531963917,1,0,0.659358060224748,1.4475482350545938,1,-0.5161366003358653,0.5079352703082123,0,0,3.0,0,0,1,0,0,1,0,1,0,1,0,0,0,0,0,0,0,0,0,0
1,0,0,0,-1.2816237461508113,0,0,-1.4760021709057967,-0.999948523866939,1,0.5177556199801986,-1.109762475828853,0,1,0.0,0,0,0,1,1,0,1,0,1,0,1,0,1,0,1,0,0,0,1,0
1,0,1,0,0.7536629957788878,2,1,0.34079616094186965,0.70290211249343,1,-0.4932089835305194,0.5079352703082123,0,0,3.0,0,1,0,0,0,0,0,0,0,0,0,1,0,1,0,1,0,0,0,0
0,0,0,1,0.7536629957788878,1,0,-0.15861598324639314,0.341230643461263,0,-0.5265387037557906,1.5864004343995892,0,0,3.0,1,0,0,0,0,1,0,0,0,1,0,1,0,1,0,1,0,0,0,0
1,0,0,0,-1.1188008067964355,0,1,-0.7194176601089605,-0.9128270556517897,0,0.17035880186253236,1.0471678523539008,0,1,0.0,1,0,0,0,0,1,0,1,0,1,0,1,0,0,0,0,0,0,1,1
0,0,0,0,-1.1595065416350294,2,1,-1.3150620447055927,-0.9576054280081533,1,-0.07704147358148512,-1.109762475828853,0,0,0.0,0,1,0,1,1,0,1,0,1,0,1,0,1,0,1,0,1,0,0,0
1,0,1,1,0.1023712383613841,2,1,0.14003579733130567,0.08372757812728995,1,-0.4385452895619406,1.0471678523539008,0,0,2.0,0,1,0,0,0,1,0,1,0,1,0,1,0,0,0,0,1,0,0,0
0,0,1,0,1.5677776925507676,2,1,-1.3499047524396575,-0.24852311808278826,1,-0.6209606077310007,-1.109762475828853,0,0,3.0,0,1,0,1,1,0,1,0,1,0,1,0,1,0,1,0,1,0,0,0
0,0,0,0,-0.7931549280876836,0,1,0.5631258198163787,-0.5574522024286751,1,0.013934267737726918,-0.5705298937831644,0,1,1.0,0,0,1,0,0,0,0,0,0,0,0,0,0,1,0,0,0,0,1,0
0,0,0,0,-1.2002122764736234,0,0,-1.4842980536996218,-0.9799836444723821,1,-0.07819306524375372,-1.109762475828853,0,1,0.0,0,0,0,1,1,0,1,0,1,0,1,0,1,0,1,0,0,1,0,0
1,0,1,0,-0.10115743583158582,2,0,-1.5224591145512167,-0.7291721046497714,1,-0.5889796896370431,-1.109762475828853,0,1,2.0,0,0,0,1,1,0,1,0,1,0,1,0,1,0,1,0,0,0,1,0
1,1,1,0,-0.5082147842175256,0,1,0.28936168762015496,-0.36675469506879665,1,-0.2558672074223233,-0.5705298937831644,0,1,1.0,0,0,1,0,0,0,0,1,0,0,0,0,0,0,0,0,0,1,0,1
0,0,0,0,1.2828375486806096,2,1,0.712451710105228,1.3789875228480108,1,-0.5066737475816588,2.1256330164452777,0,0,3.0,0,1,0,0,0,1,0,1,0,1,0,1,0,1,0,1,1,0,0,0
0,0,1,0,1.0793088744876398,2,0,-1.5440284098151615,-0.5447492736710394,1,-0.6244313770464488,-1.109762475828853,0,0,3.0,0,0,0,1,1,0,1,0,1,0,1,0,1,0,1,0,0,0,0,0
0,1,0,0,-1.2816237461508113,0,1,-0.3029643438589475,-0.9844373483373215,1,2.5531938830397842,-0.031297311737476054,1,1,0.0,0,0,0,0,0,1,0,0,0,1,0,0,0,0,0,0,0,1,0,1
1,1,0,0,0.9978974048104517,2,0,0.9563506642436816,1.459505223263422,1,-0.47360596100370744,0.5079352703082123,0,1,3.0,0,1,1,0,0,1,0,0,0,0,0,1,0,0,0,1,0,1,0,0
1,0,1,1,1.3642490183577978,2,0,-0.4771778825292717,0.467404293349282,0,-0.5728618419614795,0.5079352703082123,0,0,3.0,1,0,0,0,0,0,0,0,0,0,0,1,0,1,0,1,0,0,0,0
1,0,0,1,-0.30468611002455576,1,1,-0.8056948411647401,-0.5830555147951015,0,-0.4796999274923696,-0.031297311737476054,0,0,2.0,1,0,0,0,0,1,0,0,0,0,0,0,0,1,0,0,1,0,0,0
1,0,0,0,-0.9152721326034655,0,0,-1.1756912137693334,-0.8969209704198624,0,-0.3509109088991592,-0.5705298937831644,1,1,1.0,1,0,0,0,0,0,0,0,0,1,0,0,0,0,0,0,0,0,1,1
0,0,0,0,-1.1595065416350294,0,0,-1.4793205240233267,-0.9749156366260713,1,-0.19104904814606732,-1.109762475828853,0,1,0.0,0,0,0,1,1,0,1,0,1,0,1,0,1,0,1,0,0,0,1,1
0,0,1,0,1.6084834273893616,2,0,0.8982794846869069,1.831970890825393,1,-0.5146147547870173,2.1256330164452777,0,0,3.0,0,1,0,0,0,1,0,1,0,1,0,1,0,1,0,1,0,0,0,0
1,1,1,0,1.5677776925507676,2,1,1.6631598782775683,2.508670605161345,1,-0.47573210365602786,2.1256330164452777,0,0,3.0,0,1,1,0,0,1,0,1,0,1,0,1,0,1,0,1,0,0,0,0
0,0,0,0,0.346605647392948,1,1,-1.4992306427285067,-0.6548413229038823,1,-0.6055946277136283,-1.109762475828853,0,1,2.0,0,0,0,1,1,0,1,0,1,0,1,0,1,0,1,0,0,0,1,0
1,0,1,1,-0.9559778674420595,2,0,-1.5042081724048018,-0.9223048885072277,1,-0.4340348888847223,-1.109762475828853,0,1,1.0,0,0,0,1,1,0,1,0,1,0,1,0,1,0,1,0,0,0,1,0
1,0,0,0,-1.2816237461508113,0,0,-0.4655636466179167,-0.98658741227212,1,2.2710539257840003,-0.5705298937831644,1,1,0.0,0,0,0,0,0,0,0,0,0,1,0,0,0,0,0,0,0,0,1,1
0,0,0,1,-1.2816237461508113,0,1,0.2877025110613896,-0.9766269120027476,1,3.5781104624587554,-0.5705298937831644,1,1,0.0,0,0,1,0,0,1,0,0,0,0,0,0,0,0,0,0,0,0,1,1
0,0,1,1,1.3235432835192036,2,0,1.472354574019594,2.2107112347685116,1,-0.4690362960742772,1.5864004343995892,0,1,3.0,0,1,1,0,0,1,0,0,0,1,0,1,0,1,0,1,0,1,0,0
0,0,0,0,-1.1595065416350294,0,0,0.3457736906181643,-0.8605673383794438,1,1.07570178034929,-1.109762475828853,1,1,0.0,0,1,1,0,0,0,0,0,0,0,0,0,0,0,0,0,0,1,0,1
0,0,0,0,-1.2816237461508113,0,0,0.3125901594428645,-0.976297820584156,1,3.6212951497938244,-0.5705298937831644,1,1,0.0,0,0,1,0,0,0,0,1,0,0,0,0,0,0,0,0,0,1,0,0
1,0,0,0,-1.2816237461508113,0,1,-0.7310318960203155,-0.990097720737097,1,1.8104172608765974,-1.109762475828853,1,1,0.0,0,0,0,0,0,0,0,0,0,0,0,0,0,0,0,0,0,1,0,1
0,0,0,0,-1.0373893371192475,0,0,-1.469365464670737,-0.9405146136692961,1,-0.36249225686629133,-1.109762475828853,0,1,1.0,0,0,0,1,1,0,1,0,1,0,1,0,1,0,1,0,0,0,1,0
1,0,0,0,-1.1188008067964355,0,0,-1.4793205240233267,-0.9682241111147089,1,-0.2691653492366144,-1.109762475828853,0,1,0.0,0,0,0,1,1,0,1,0,1,0,1,0,1,0,1,0,0,0,1,0
1,0,1,1,-0.8338606629262776,1,0,-0.37430893588584213,-0.7033713374321902,1,-0.184493834068539,-0.5705298937831644,0,0,1.0,0,0,0,0,0,0,0,0,0,0,0,0,0,0,0,1,1,0,0,1
0,1,0,0,0.9164859351332638,1,1,1.1637477340893057,1.4084960533817241,1,-0.4541054864271163,0.5079352703082123,0,1,3.0,0,1,1,0,0,0,0,0,0,1,0,0,0,1,0,1,0,1,0,1
1,0,0,0,0.8757802002946699,2,0,-0.6547097743171256,0.07073943680687489,0,-0.5651069580811015,0.5079352703082123,0,0,3.0,1,0,0,0,0,1,0,0,0,0,0,1,0,1,0,0,1,0,0,0
0,1,1,0,-1.2409180113122174,0,1,0.14501332700760036,-0.9414360696413526,1,2.000429885150901,-1.109762475828853,1,1,0.0,0,0,1,0,0,0,0,0,0,0,0,0,0,0,0,0,0,1,0,0
1,0,1,1,-0.38609757970174374,2,0,-1.5042081724048018,-0.821712611557729,1,-0.565700202270755,-1.109762475828853,0,0,1.0,0,0,0,1,1,0,1,0,1,0,1,0,1,0,1,0,1,0,0,0
1,0,0,0,-0.7117434584104956,0,0,1.0210585500355165,-0.37219567318951113,1,0.02904890830500103,0.5079352703082123,0,1,1.0,0,1,1,0,0,0,0,1,0,0,0,1,0,0,0,1,0,1,0,0
0,0,0,0,-1.2409180113122174,0,1,-0.5087022371458064,-0.9585927022639281,1,1.244218026927915,-0.5705298937831644,1,1,0.0,0,0,0,0,0,0,0,1,0,0,0,0,0,0,0,0,0,0,1,1
1,0,0,0,0.9571916699718578,0,0,1.1172907904438856,1.439979132426987,1,-0.46054170047939397,0.5079352703082123,0,1,3.0,0,1,1,0,0,0,0,1,0,0,0,0,0,1,0,1,0,1,0,0
0,0,1,0,1.3235432835192036,0,1,1.3313245665245697,2.0252791901060987,1,-0.47645184844494565,1.0471678523539008,0,1,3.0,0,1,1,0,0,1,0,0,0,1,0,0,0,1,0,1,0,1,0,0
1,0,1,1,-0.1825689055087738,1,0,0.928144662744677,0.20579855499686694,1,-0.29084042219023143,1.0471678523539008,0,0,2.0,0,0,1,0,0,0,0,1,0,1,0,1,0,1,0,0,0,0,0,0
0,0,0,0,-1.2816237461508113,0,0,-1.3183803978231226,-0.9978642782158589,0,0.7912586397689689,-1.109762475828853,1,1,0.0,1,0,0,0,0,0,0,0,0,0,0,0,0,0,0,0,0,0,1,1
0,0,0,1,-0.9966836022806536,0,1,-0.8770394331916347,-0.8637704948537354,0,-0.16712153249671063,-0.031297311737476054,1,1,1.0,1,0,0,0,0,1,0,0,0,0,0,0,0,0,0,1,0,1,0,0
0,0,1,0,-0.38609757970174374,1,1,0.12676238486118555,-0.267610420361101,1,-0.3298638264353503,1.0471678523539008,0,0,1.0,0,0,0,0,0,1,0,0,0,1,0,1,0,0,0,1,0,0,0,0
1,0,0,0,-0.6303319887333076,0,0,0.027211791335286027,-0.5213399040952237,1,-0.23909601138849232,-0.031297311737476054,0,0,1.0,0,1,0,0,0,1,0,0,0,0,0,0,0,0,0,1,0,0,0,0
1,0,0,0,-0.10115743583158582,1,0,0.1815152113004305,-0.11170884566030759,1,-0.3982241029999855,1.0471678523539008,0,1,2.0,0,0,0,0,0,1,0,1,0,0,0,1,0,1,0,0,0,1,0,0
0,1,1,0,1.4049547531963917,1,1,1.3495755086709846,2.1118082937677825,1,-0.48091144360765214,1.0471678523539008,0,1,3.0,0,1,1,0,0,1,0,1,0,0,0,0,0,1,0,1,0,1,0,0
1,0,1,1,-1.2816237461508113,0,1,0.5349198183173736,-0.9733579372447376,1,4.007078356653774,-0.5705298937831644,1,1,0.0,0,0,1,0,0,0,0,0,0,0,0,0,0,0,0,1,0,1,0,0
0,0,1,0,-0.6710377235719016,0,1,-0.4970880012344514,-0.6534152600899854,0,-0.321382128040456,0.5079352703082123,0,1,1.0,1,0,0,0,0,0,0,0,0,0,0,1,0,1,0,1,0,1,0,1
0,0,0,0,-1.2816237461508113,0,0,-1.4959122896109767,-1.0002117970018123,1,0.4832078701121435,-1.109762475828853,0,1,0.0,0,0,0,1,1,0,1,0,1,0,1,0,1,0,1,0,0,0,1,0
0,0,1,0,1.0793088744876398,1,1,1.3960324523164045,1.690637096254255,1,-0.45437967491813264,1.5864004343995892,0,0,3.0,0,1,1,0,0,1,0,1,0,1,0,1,0,0,0,1,1,0,0,0
0,1,1,0,-0.5082147842175256,0,0,0.858459247276547,-0.15284527298425743,1,-0.16182055500372863,-0.031297311737476054,0,1,1.0,0,1,1,0,0,0,0,0,0,1,0,0,0,1,0,0,0,1,0,1
0,0,0,0,-0.7931549280876836,0,1,0.23294968462214516,-0.6035469404594052,1,-0.06791099683064203,0.5079352703082123,0,1,1.0,0,0,0,0,0,1,0,0,0,0,0,0,0,1,0,1,0,1,0,0
0,0,0,0,-0.1825689055087738,0,1,0.8302532457775423,0.14313954889702662,1,-0.3025548890995145,-0.031297311737476054,0,1,2.0,0,1,1,0,0,0,0,1,0,0,0,0,0,0,0,1,0,1,0,1
0,0,1,0,0.8350744654560759,1,1,0.8700734831879022,1.1246876139883293,1,-0.46536244725273035,-0.031297311737476054,0,1,3.0,0,1,1,0,0,0,0,0,0,0,0,1,0,0,0,1,0,1,0,0
0,0,0,0,-1.0373893371192475,0,0,-1.4909347599346818,-0.9485444442829313,1,-0.37184893912222294,-1.109762475828853,0,0,1.0,0,0,0,1,1,0,1,0,1,0,1,0,1,0,1,0,0,0,0,1
0,0,1,1,0.30589991255435406,2,1,-1.3316538102932427,-0.5592951143727881,1,-0.5900896029228644,-1.109762475828853,0,1,2.0,0,1,0,1,1,0,1,0,1,0,1,0,1,0,1,0,0,0,1,0
1,0,0,0,1.4456604880349857,2,1,-1.3532231055571875,-0.35124351953917937,1,-0.619441146509952,-1.109762475828853,0,0,3.0,0,1,0,1,1,0,1,0,1,0,1,0,1,0,1,0,0,0,0,0
1,0,1,1,-1.2816237461508113,0,1,0.18981109409425545,-0.9779213382492079,1,3.408250692274151,-1.109762475828853,1,1,0.0,0,0,1,0,0,0,0,0,0,0,0,0,0,0,0,0,0,0,1,1
0,0,1,1,1.2014260790034217,1,1,1.3645080976998696,1.9324973494911737,1,-0.46589559154081767,1.0471678523539008,0,0,3.0,0,1,1,0,0,0,0,1,0,0,0,1,0,1,0,1,1,0,0,0
1,0,0,0,-0.1825689055087738,1,1,0.873391836305432,0.0808754524994961,1,-0.29739258164796606,0.5079352703082123,0,0,2.0,0,0,1,0,0,0,0,1,0,0,0,1,0,1,0,0,0,0,0,0
1,1,1,0,1.2014260790034217,0,1,0.8020472442785371,1.4563240062170366,1,-0.4968788910256609,0.5079352703082123,0,1,3.0,0,1,1,0,0,1,0,1,0,1,0,0,0,0,0,0,0,1,0,0
1,0,0,1,-0.4675090493789317,0,0,-0.6397771852882409,-0.5766930807023306,1,-0.42079158476863454,-1.109762475828853,0,1,1.0,0,0,0,0,0,0,0,0,0,0,0,0,0,0,0,0,0,0,1,0
0,1,0,0,0.346605647392948,1,1,1.2002496183821352,0.753340857249569,1,-0.3825422902718591,1.0471678523539008,0,0,2.0,0,0,1,0,0,0,0,0,0,1,0,1,0,1,0,1,0,0,0,0
1,0,1,1,-1.0780950719578415,0,1,0.1616050925952503,-0.8431254931940891,1,0.4885545456869615,-1.109762475828853,1,1,0.0,0,0,1,0,0,0,0,0,0,0,0,0,0,0,0,0,0,1,0,0
1,1,1,0,0.6722515261016999,0,0,0.8335715988950722,0.9863595210403272,1,-0.4523451963147916,-0.031297311737476054,0,0,3.0,0,1,1,0,0,0,0,1,0,0,0,0,0,0,0,1,1,0,0,1
0,0,1,1,1.4049547531963917,1,1,1.4756729271371243,2.186161014941578,1,-0.4744760784361517,1.5864004343995892,0,1,3.0,0,1,1,0,0,1,0,0,0,1,0,1,0,1,0,1,0,1,0,0
0,0,0,0,0.5094285867473239,1,1,1.1737027934418955,0.9585842053111961,1,-0.40864980311210786,1.0471678523539008,0,1,2.0,0,0,1,0,0,1,0,1,0,0,0,0,0,1,0,1,0,1,0,0
1,0,1,1,1.0793088744876398,2,0,-1.5141632317573919,-0.48557863660826994,1,-0.6227039895530461,-1.109762475828853,0,0,3.0,0,0,0,1,1,0,1,0,1,0,1,0,1,0,1,0,1,0,0,0
0,0,0,0,-1.2816237461508113,0,0,0.888324425334317,-0.9686848391007371,1,4.620300916811755,0.5079352703082123,0,1,0.0,0,0,1,0,0,0,0,1,0,0,0,1,0,1,0,0,0,1,0,1
1,0,1,1,1.6084834273893616,1,1,1.326347036848275,2.2984470069650316,1,-0.49426471034419023,1.5864004343995892,0,0,3.0,0,1,1,0,0,1,0,1,0,1,0,1,0,0,0,1,1,0,0,0
1,0,1,1,1.4049547531963917,2,1,-1.464387934994442,-0.38939618466789866,1,-0.6245216979611365,-1.109762475828853,0,1,3.0,0,0,0,1,1,0,1,0,1,0,1,0,1,0,1,0,0,0,1,0
0,0,1,1,0.46872285190873,0,0,-1.5042081724048018,-0.6665569774057433,1,-0.6095886400660991,-1.109762475828853,0,1,2.0,0,0,0,1,1,0,1,0,1,0,1,0,1,0,1,0,0,0,1,0
0,0,0,0,-1.2816237461508113,0,1,-0.6945300117274855,-0.9896150533231627,1,1.8737548023013655,-1.109762475828853,1,1,0.0,0,0,0,0,0,0,0,0,0,0,0,0,0,0,0,0,0,0,1,0
0,1,0,0,1.5677776925507676,1,1,1.359530568023575,2.291623844886233,1,-0.49036691436402347,1.0471678523539008,0,1,3.0,0,1,1,0,0,0,0,1,0,1,0,0,0,1,0,1,0,1,0,0
1,1,0,0,-1.1188008067964355,0,1,0.21635791903449522,-0.8458679216823524,1,0.7116068831287305,-1.109762475828853,1,1,0.0,0,0,1,0,0,0,0,0,0,0,0,0,0,0,0,0,0,0,1,0
0,1,1,1,1.3642490183577978,1,1,1.5154931645474838,2.1551167244544374,1,-0.46964829073875736,1.5864004343995892,0,0,3.0,0,1,1,0,0,1,0,1,0,0,0,1,0,1,0,1,1,0,0,0
1,1,1,0,-0.019745966154397852,0,1,0.9480547814498567,0.29463129858869264,1,-0.3334625503799394,0.5079352703082123,0,1,2.0,0,1,1,0,0,0,0,1,0,1,0,0,0,0,0,1,0,1,0,0
1,0,0,0,0.7943687306174818,2,1,-0.05574703660296358,0.45770706621478274,1,-0.5223163402771175,0.5079352703082123,0,0,3.0,0,0,0,0,0,1,0,1,0,0,0,0,0,1,0,0,1,0,0,0
1,0,0,0,-1.2816237461508113,0,0,-0.6812565992573657,-0.9894395378999139,1,1.8967866355467355,-1.109762475828853,1,1,0.0,0,0,0,0,0,0,0,0,0,0,0,0,0,0,0,0,0,0,1,1
1,0,0,0,-0.5896262538947137,0,0,-1.4892755833759168,-0.8516160517937523,1,-0.5382236292762783,-1.109762475828853,0,1,1.0,0,0,0,1,1,0,1,0,1,0,1,0,1,0,1,0,0,0,1,0
1,0,0,0,1.3642490183577978,1,1,-0.33614787503424737,0.5117877560033355,1,-0.5655569694769405,-0.031297311737476054,0,1,3.0,0,0,0,0,0,1,0,1,0,0,0,0,0,0,0,0,0,0,1,0
1,0,1,0,0.22448844287716607,0,1,0.48182616843689396,0.3131701151693527,1,-0.4251469634913167,-0.031297311737476054,0,1,2.0,0,0,1,0,0,1,0,1,0,0,0,0,0,0,0,0,0,1,0,1
1,0,1,1,-0.7117434584104956,1,0,1.2267964433223755,-0.2773515263514123,1,0.07367308521790569,1.0471678523539008,0,1,1.0,0,0,1,0,0,1,0,0,0,0,0,1,0,1,0,1,0,1,0,0
0,0,1,1,0.5501343215859179,2,0,1.152133498177951,1.022757031936558,1,-0.4155849203381652,1.0471678523539008,0,1,2.0,0,1,1,0,0,1,0,0,0,1,0,1,0,0,0,1,0,0,1,0
0,0,1,0,1.3235432835192036,1,1,1.1687252637656007,1.9061700360038458,1,-0.48500154411936336,1.0471678523539008,0,0,3.0,0,1,1,0,0,1,0,1,0,0,0,1,0,1,0,0,0,0,0,0
0,0,1,0,1.4456604880349857,2,0,-1.2984702791179428,-0.17017742103008163,1,-0.616687340361049,-1.109762475828853,0,0,3.0,0,1,0,1,1,0,1,0,1,0,1,0,1,0,1,0,1,0,0,0
1,0,1,1,-0.7931549280876836,0,0,1.064197140563406,-0.42338035849445776,1,0.13814165416811586,0.5079352703082123,0,1,1.0,0,0,1,0,0,0,0,0,0,1,0,0,0,1,0,1,0,1,0,0
0,0,0,0,-0.9152721326034655,0,1,1.113972437326356,-0.5445737582477905,1,0.37145113379654066,0.5079352703082123,0,1,1.0,0,1,1,0,0,0,0,0,0,0,0,1,0,1,0,1,0,1,0,1
1,0,0,0,-0.30468611002455576,1,1,-1.5075265255223318,-0.7823752173220799,1,-0.5733774800192116,-1.109762475828853,0,0,2.0,0,0,0,1,1,0,1,0,1,0,1,0,1,0,1,0,0,0,0,0
1,0,0,0,-0.9152721326034655,2,0,-1.3017886322354726,-0.8985225486570082,1,-0.39069316632298035,-1.109762475828853,0,0,1.0,0,1,0,1,1,0,1,0,1,0,1,0,1,0,1,0,0,0,0,0
1,0,1,0,1.6084834273893616,2,0,-1.2968111025591778,-0.1874218113642814,1,-0.6189678896624443,-1.109762475828853,0,0,3.0,0,1,0,1,1,0,1,0,1,0,1,0,1,0,1,0,1,0,0,0
1,0,0,0,-1.2002122764736234,0,1,-0.4871329418818615,-0.9420942524785358,1,0.7869401710354621,-0.5705298937831644,0,1,0.0,0,0,0,0,0,0,0,0,0,0,0,1,0,0,0,0,0,0,1,0
1,0,0,0,-1.2409180113122174,0,1,-0.34942128750436724,-0.9588559753988013,1,1.428472692890876,-0.5705298937831644,1,1,0.0,0,1,0,0,0,0,0,1,0,0,0,0,0,0,0,0,0,0,1,1
1,0,1,1,0.22448844287716607,2,0,0.5332606417586087,0.34469707307042785,1,-0.42057012483358286,1.5864004343995892,0,0,2.0,0,0,0,0,0,1,0,0,0,1,0,1,0,1,0,1,1,0,0,0
1,0,1,0,1.2014260790034217,2,1,1.4159425710215843,2.024291915850324,1,-0.46306231046698243,1.0471678523539008,0,0,3.0,0,1,1,0,0,0,0,0,0,1,0,1,0,1,0,1,0,0,0,0
1,1,1,1,-0.8745663977648716,0,1,0.34079616094186965,-0.6687289807684478,1,0.061917253665581304,-1.109762475828853,1,0,1.0,0,1,1,0,0,0,0,0,0,0,0,0,0,0,0,0,1,0,0,0
0,0,0,0,-1.2002122764736234,0,0,0.5033954637008385,-0.9134632990610667,1,1.6463154490033352,-0.031297311737476054,0,0,0.0,0,0,1,0,0,0,0,0,0,1,0,1,0,0,0,0,1,0,0,1
1,0,1,1,0.6722515261016999,1,1,-0.4356984685601469,0.10614967344733085,0,-0.5404419584783323,0.5079352703082123,0,0,3.0,1,0,0,0,0,0,0,1,0,0,0,0,0,1,0,1,0,0,0,1
1,0,0,0,-0.6303319887333076,2,0,-1.5091857020810966,-0.8469868325055638,1,-0.5353109778497804,-1.109762475828853,0,0,1.0,0,0,0,1,1,0,1,0,1,0,1,0,1,0,1,0,1,0,0,0
0,0,0,0,-0.9966836022806536,0,1,-1.4677062881119718,-0.9485444442829313,1,-0.3948807723675931,-1.109762475828853,0,1,1.0,0,0,0,1,1,0,1,0,1,0,1,0,1,0,1,0,0,0,1,0
1,0,0,0,-1.2409180113122174,0,1,-0.4887921184406264,-0.9609840999056937,1,1.2672498601732851,-0.5705298937831644,0,0,0.0,0,0,0,0,0,0,0,0,0,0,0,1,0,0,0,0,1,0,0,0
1,0,0,0,-1.2002122764736234,0,1,0.7771595958970623,-0.893937208224632,1,1.8838312293462147,0.5079352703082123,0,1,0.0,0,0,1,0,0,0,0,0,0,1,0,1,0,1,0,0,0,0,1,1
0,1,0,0,-0.9559778674420595,0,1,0.6477438243133932,-0.6743454743124111,1,0.31277230409640444,-0.5705298937831644,1,1,1.0,0,1,1,0,0,0,0,0,0,0,0,0,0,0,0,1,0,1,0,1
1,0,1,0,1.5270719577121736,2,0,-1.3499047524396575,-0.252384457394263,1,-0.6204143225625732,-1.109762475828853,0,0,3.0,0,1,0,1,1,0,1,0,1,0,1,0,1,0,1,0,0,0,0,0
1,0,1,1,-0.019745966154397852,1,0,0.9911933719777464,0.36516655930682534,1,-0.32892597716494226,1.0471678523539008,0,1,2.0,0,0,1,0,0,1,0,1,0,1,0,0,0,0,0,1,0,0,1,0
1,0,1,1,-0.4268033145403377,0,0,0.3341594547068096,-0.3182904988242072,1,-0.2842278343844018,-0.5705298937831644,0,0,1.0,0,0,1,0,0,1,0,0,0,0,0,0,0,0,0,0,0,0,0,0
0,0,1,1,-0.7524491932490895,1,1,-1.5075265255223318,-0.8895712620713166,1,-0.5100399385944437,-1.109762475828853,0,1,1.0,0,0,0,1,1,0,1,0,1,0,1,0,1,0,1,0,0,0,1,0
1,0,1,1,-1.2409180113122174,0,0,0.8319124223363072,-0.9255299844094254,1,2.7950281321161707,0.5079352703082123,0,0,0.0,0,0,1,0,0,0,0,0,0,1,0,1,0,0,0,1,1,0,0,1
1,0,1,0,1.4456604880349857,2,0,-1.3167212212643575,-0.2506073637338684,1,-0.6176052757440167,-1.109762475828853,0,0,3.0,0,1,0,1,1,0,1,0,1,0,1,0,1,0,1,0,0,0,0,0
1,0,0,0,-0.7524491932490895,1,0,-1.477661347464562,-0.8879477444062648,1,-0.5031303886208327,-1.109762475828853,0,0,1.0,0,0,0,1,1,0,1,0,1,0,1,0,1,0,1,0,0,0,0,0
0,0,0,0,-1.2409180113122174,0,1,0.8700734831879022,-0.9349858778369573,1,2.839172479169797,0.5079352703082123,1,1,0.0,0,0,1,0,0,1,0,1,0,0,0,0,0,1,0,0,0,1,0,0
0,0,0,0,-1.2409180113122174,0,1,0.4917812277894838,-0.9367410320694458,1,2.4015676475077643,-0.5705298937831644,1,1,0.0,0,0,1,0,0,0,0,0,0,0,0,0,0,1,0,0,0,1,0,1
0,0,1,0,0.631545791263106,1,1,1.065856317122171,1.0502910139587218,1,-0.4316611999482097,1.0471678523539008,0,1,2.0,0,0,1,0,0,0,0,1,0,1,0,0,0,1,0,1,0,1,0,0
0,0,1,0,-1.0780950719578415,0,1,-0.5236348261746914,-0.8900978083410632,1,0.14883500531775193,-0.5705298937831644,0,1,0.0,0,0,0,0,0,0,0,0,0,0,0,1,0,0,0,0,0,1,0,1
1,1,1,0,0.428017117070136,0,1,1.2632983276152052,0.9280225822379898,1,-0.39016971556740376,1.0471678523539008,0,1,2.0,0,1,1,0,0,0,0,1,0,1,0,0,0,1,0,1,0,1,0,1
0,0,0,0,0.14307697319997809,1,1,0.3524103968532244,0.16709740417049498,1,-0.42460428689371266,1.5864004343995892,0,1,2.0,0,0,0,0,0,1,0,1,0,1,0,1,0,0,0,1,0,0,1,0
1,0,0,0,1.3642490183577978,0,0,1.1471559685016557,1.9355688693980286,1,-0.48872689887484755,1.0471678523539008,0,1,3.0,0,0,1,0,0,0,0,1,0,1,0,0,0,1,0,1,0,1,0,1
1,0,1,1,1.0386031396490458,0,1,0.9264854861859115,1.3188734903852788,1,-0.4785175566526872,0.5079352703082123,0,1,3.0,0,0,1,0,0,0,0,1,0,0,0,0,0,1,0,1,0,1,0,0
0,0,0,0,-0.38609757970174374,0,1,0.8335715988950722,-0.056838336467134924,1,-0.22766006640902034,-0.031297311737476054,0,0,1.0,0,1,1,0,0,1,0,0,0,0,0,0,0,1,0,0,0,0,0,1
1,0,0,0,-1.2816237461508113,0,1,1.2118638542934905,-0.9644066506590463,1,5.1817018521676514,0.5079352703082123,1,1,0.0,0,1,1,0,0,0,0,0,0,1,0,0,0,1,0,1,0,1,0,1
0,0,0,0,-0.7117434584104956,1,0,-1.4876164068171518,-0.8762101504764978,1,-0.5150781521168685,-1.109762475828853,0,0,1.0,0,0,0,1,1,0,1,0,1,0,1,0,1,0,1,0,1,0,0,0
1,0,1,1,1.5677776925507676,2,0,1.1703844403243657,2.154304965621911,1,-0.4994836816903158,1.5864004343995892,0,0,3.0,0,0,1,0,0,1,0,1,0,1,0,1,0,1,0,0,1,0,0,0
0,0,0,0,-0.8338606629262776,0,1,0.8037064208373025,-0.5448809102384761,1,0.12997927370478415,-0.031297311737476054,0,1,1.0,0,1,1,0,0,0,0,1,0,0,0,0,0,0,0,1,0,1,0,0
1,0,0,0,-1.2816237461508113,0,0,-0.6596873039934208,-0.9891543253371344,1,1.9342133645704618,-1.109762475828853,1,1,0.0,0,0,0,0,0,0,0,0,0,0,0,0,0,0,0,0,0,0,1,1
1,1,0,0,-0.9559778674420595,0,0,-0.5219756496159262,-0.8123883546976337,1,-0.0931637568532443,-0.5705298937831644,0,1,1.0,0,0,0,0,0,0,0,0,0,0,0,1,0,0,0,0,0,0,1,0
1,0,1,1,-0.10115743583158582,2,0,-1.449455345965557,-0.6965481753533909,1,-0.5808071036467504,-1.109762475828853,0,1,2.0,0,0,0,1,1,0,1,0,1,0,1,0,1,0,1,0,0,0,1,0
1,1,0,0,0.1023712383613841,0,1,1.2102046777347255,0.5252146858818729,1,-0.33538186981705354,0.5079352703082123,0,1,2.0,0,1,1,0,0,0,0,0,0,1,0,0,0,1,0,1,0,1,0,1
0,0,1,0,0.6722515261016999,0,1,-0.42408423264879186,0.12479818716752145,1,-0.5396358443147444,-1.109762475828853,0,0,3.0,0,1,0,0,0,0,0,0,0,0,0,0,0,0,0,0,1,0,0,0
0,0,1,1,1.1607203441648277,2,1,-0.1154773927185032,0.6370399499192981,0,-0.5456092617112855,1.5864004343995892,0,0,3.0,1,0,0,0,0,0,0,1,0,1,0,1,0,1,0,1,0,0,0,0
0,0,1,0,1.5270719577121736,2,0,-0.01260844607507388,0.9677768256038548,0,-0.5550493310281777,2.1256330164452777,0,0,3.0,1,0,0,0,0,1,0,1,0,1,0,1,0,1,0,1,0,0,0,0
0,0,0,0,-0.9152721326034655,0,1,1.1836578527944854,-0.5437181205594525,1,0.39343606553075744,0.5079352703082123,1,1,1.0,0,1,1,0,0,0,0,0,0,1,0,0,0,1,0,1,0,1,0,1
1,0,1,1,1.6084834273893616,2,0,-1.2885152197653527,-0.19652667394531564,1,-0.618573508956188,-1.109762475828853,0,1,3.0,0,1,0,1,1,0,1,0,1,0,1,0,1,0,1,0,0,0,1,0
0,0,1,1,1.2014260790034217,1,0,-0.3378070515930122,0.4940826376831075,1,-0.559668055468396,-0.031297311737476054,0,0,3.0,0,0,0,0,0,1,0,0,0,1,0,0,0,0,0,0,1,0,0,0
0,0,1,1,-0.9966836022806536,0,1,-0.6464138915233006,-0.8282505610737487,1,-0.0781930652437536,-1.109762475828853,1,1,1.0,0,0,0,0,0,0,0,0,0,0,0,0,0,0,0,0,0,1,0,0
1,0,0,0,-1.2409180113122174,0,1,0.4984179340245439,-0.9323750859161307,1,2.409244925256221,-0.5705298937831644,1,1,0.0,0,0,1,0,0,0,0,0,0,0,0,0,0,1,0,0,0,1,0,0
1,0,0,0,0.6722515261016999,0,1,1.2865267994379153,1.2009490653899557,1,-0.4209067439348614,1.0471678523539008,0,0,3.0,0,1,1,0,0,0,0,1,0,1,0,0,0,1,0,1,0,0,0,1
1,0,0,0,-1.2816237461508113,0,0,-1.5091857020810966,-1.000387312425061,1,0.4601760368667732,-1.109762475828853,0,1,0.0,0,0,0,1,1,0,1,0,1,0,1,0,1,0,1,0,0,0,1,0
1,0,1,0,-0.30468611002455576,0,1,1.0210585500355165,0.01711947500435027,1,-0.23587253900051847,0.5079352703082123,0,0,2.0,0,0,1,0,0,0,0,0,0,0,0,1,0,1,0,1,1,0,0,0
1,0,0,0,1.6084834273893616,2,1,0.3374778078243394,1.3326075722545014,1,-0.5412748905299458,1.5864004343995892,0,0,3.0,0,0,0,0,0,1,0,1,0,1,0,1,0,1,0,0,0,0,0,0
0,0,0,0,0.26519417771576004,0,1,-0.47385952941174164,-0.17285403123462662,0,-0.5139265604546,0.5079352703082123,0,0,2.0,1,0,0,0,0,0,0,0,0,1,0,0,0,1,0,1,1,0,0,0
0,0,1,1,-1.2002122764736234,0,1,0.14003579733130567,-0.9058064387218355,1,1.3310672314573317,0.5079352703082123,1,0,0.0,0,1,0,0,0,0,0,1,0,1,0,0,0,1,0,0,0,0,0,0
0,0,1,1,1.4863662228735797,0,1,1.2948226822317401,2.258692763599166,1,-0.48873549284247636,1.0471678523539008,0,1,3.0,0,1,1,0,0,0,0,1,0,1,0,0,0,1,0,1,0,1,0,1
1,0,0,0,-0.6710377235719016,0,0,-1.4992306427285067,-0.8795230040903198,1,-0.5259589998081554,-1.109762475828853,0,0,1.0,0,0,0,1,1,0,1,0,1,0,1,0,1,0,1,0,1,0,0,0
0,0,0,0,-0.8338606629262776,1,1,-1.0396387359506039,-0.8178512722462542,0,-0.3621047019799509,-0.031297311737476054,0,1,1.0,1,0,0,0,0,1,0,0,0,0,0,1,0,0,0,0,0,0,1,0
1,0,1,1,1.5677776925507676,1,1,0.06371367562811567,1.0747534760740305,1,-0.5528247677134474,0.5079352703082123,0,0,3.0,0,1,0,0,0,1,0,1,0,0,0,1,0,0,0,0,1,0,0,0
0,0,1,1,-0.8338606629262776,0,0,-1.5108448786398618,-0.9219977365165423,1,-0.4878939450892802,-1.109762475828853,0,0,1.0,0,0,0,1,1,0,1,0,1,0,1,0,1,0,1,0,0,0,0,0
1,1,0,0,1.5677776925507676,2,1,1.3893957460813444,2.3360511863960984,1,-0.48892742478618784,1.0471678523539008,0,1,3.0,0,1,1,0,0,0,0,1,0,0,0,1,0,1,0,1,0,1,0,0
1,0,1,1,0.5501343215859179,1,0,-0.26646245956611764,0.11442083776793299,1,-0.5203307577040772,0.5079352703082123,0,1,2.0,0,0,0,0,0,1,0,0,0,1,0,1,0,0,0,0,0,0,1,0
0,0,1,1,1.6084834273893616,2,0,0.919848779950852,1.9454416119557765,1,-0.5135893649507508,2.1256330164452777,0,0,3.0,0,1,0,0,0,1,0,1,0,1,0,1,0,1,0,1,0,0,0,0
0,0,0,0,-0.4268033145403377,1,1,0.3673429858821094,-0.22629847761390234,1,-0.2792209141136691,-1.109762475828853,0,0,1.0,0,1,1,0,0,0,0,0,0,0,0,0,0,0,0,0,1,0,0,0
1,0,1,0,-1.2816237461508113,0,0,-0.3062826969764773,-0.9844812271931339,1,2.547435924728442,-0.031297311737476054,1,1,0.0,0,0,0,0,0,1,0,0,0,1,0,0,0,0,0,0,0,0,1,0
0,0,1,1,1.6084834273893616,2,1,1.7079576453642233,2.7397585992963656,1,-0.47612319785639867,2.1256330164452777,0,0,3.0,0,1,1,0,0,1,0,1,0,1,0,1,0,1,0,1,1,0,0,0
1,0,0,0,0.346605647392948,0,1,-1.3167212212643575,-0.5716908911397383,1,-0.590514260707731,-1.109762475828853,0,0,2.0,0,1,0,1,1,0,1,0,1,0,1,0,1,0,1,0,0,0,0,0
0,0,1,0,0.8350744654560759,1,1,0.9928525485365113,1.1851087984417468,1,-0.4574719117890388,0.5079352703082123,0,0,3.0,0,0,1,0,0,0,0,0,0,1,0,0,0,1,0,1,0,0,0,1
0,0,1,1,1.2014260790034217,2,1,1.2019087949409006,1.903910274929517,1,-0.47485241558068386,0.5079352703082123,0,0,3.0,0,1,1,0,0,1,0,0,0,0,0,0,0,1,0,1,0,0,0,0
0,0,0,0,-1.2409180113122174,0,1,1.0310136093881064,-0.9322215099207878,1,3.025346464569872,-0.031297311737476054,1,1,0.0,0,1,1,0,0,0,0,0,0,0,0,0,0,1,0,1,0,1,0,1
0,0,1,1,1.4863662228735797,2,1,0.9414180752147966,1.798469384412769,1,-0.5062561374184187,0.5079352703082123,0,0,3.0,0,1,1,0,0,0,0,1,0,0,0,1,0,0,0,1,0,0,0,0
0,0,0,0,-1.1595065416350294,0,1,-0.6513914211995958,-0.9225023433583828,1,0.3835951913259174,-1.109762475828853,1,1,0.0,0,0,0,0,0,0,0,0,0,0,0,0,0,0,0,0,0,0,1,1
0,0,0,0,-0.9559778674420595,0,1,-0.180185278510338,-0.7763418746479006,1,0.025450184360411948,-0.031297311737476054,0,0,1.0,0,0,0,0,0,0,0,0,0,0,0,1,0,1,0,0,0,0,0,0
1,0,0,0,1.2421318138420157,1,0,0.21801709559326013,0.9991063286537752,1,-0.5310924736702899,1.0471678523539008,0,1,3.0,0,1,0,0,0,1,0,1,0,1,0,1,0,0,0,0,0,1,0,0
1,0,0,0,-1.1188008067964355,0,0,-0.5900018885252911,-0.9110060831355828,1,0.24521225990998533,-1.109762475828853,1,1,0.0,0,1,0,0,0,0,0,0,0,0,0,0,0,0,0,0,0,1,0,1
0,0,0,0,0.346605647392948,2,0,-1.469365464670737,-0.6424674855648381,1,-0.6031269312944815,-1.109762475828853,0,1,2.0,0,0,0,1,1,0,1,0,1,0,1,0,1,0,1,0,0,0,1,0
0,0,0,0,-1.1188008067964355,0,1,0.9613281939199768,-0.7952975403587768,1,1.1424940967608637,-0.031297311737476054,1,1,0.0,0,1,1,0,0,0,0,0,0,0,0,0,0,1,0,1,0,0,1,1
1,1,1,0,-1.2409180113122174,0,1,1.0144218438004564,-0.9292158082976513,1,3.0061532701987304,0.5079352703082123,1,0,0.0,0,0,1,0,0,0,0,0,0,1,0,0,0,1,0,1,1,0,0,0
1,0,1,0,0.020959768684196134,2,1,-0.12875080518862334,-0.12327092416682571,1,-0.4529684106261369,0.5079352703082123,0,1,2.0,0,0,0,0,0,1,0,1,0,0,0,1,0,0,0,0,0,0,1,0
1,0,0,0,-1.2816237461508113,0,0,-1.5174815848749215,-1.0004970095645918,1,0.4457811410884169,-1.109762475828853,0,1,0.0,0,0,0,1,1,0,1,0,1,0,1,0,1,0,1,0,0,0,1,0
0,0,1,0,0.7536629957788878,2,0,-1.3084253384705327,-0.4467239097865552,1,-0.6032745712511826,-1.109762475828853,0,1,3.0,0,1,0,1,1,0,1,0,1,0,1,0,1,0,1,0,0,0,1,0
0,1,0,0,-0.9966836022806536,0,0,1.2085455011759603,-0.6664472802662127,1,0.6370733116541301,0.5079352703082123,1,1,1.0,0,1,1,0,0,0,0,0,0,1,0,0,0,1,0,1,0,1,0,1
1,1,0,0,-1.0373893371192475,0,0,0.2926800407376848,-0.7697161674202564,1,0.4018767089644301,-1.109762475828853,1,1,1.0,0,1,1,0,0,0,0,0,0,0,0,0,0,0,0,0,0,0,1,1
1,0,0,0,-1.1188008067964355,0,0,1.2998002119080347,-0.7711422302341533,1,1.3382646793465094,1.0471678523539008,1,1,0.0,0,1,1,0,0,0,0,1,0,1,0,0,0,1,0,1,0,0,1,1
0,0,0,0,-1.2816237461508113,0,0,0.505054640259604,-0.9737528469470477,1,3.955256731851692,-0.5705298937831644,1,0,0.0,0,0,1,0,0,0,0,0,0,0,0,0,0,0,0,1,1,0,0,1
0,0,0,0,-0.5489205190561197,1,1,-0.6663240102284806,-0.6168422337705057,0,-0.401502424425637,-0.031297311737476054,0,0,1.0,1,0,0,0,0,0,0,0,0,0,0,0,0,1,0,1,1,0,0,1
0,0,0,0,0.14307697319997809,0,1,1.135541732590301,0.5775621608658431,1,-0.35115141330037003,0.5079352703082123,0,1,2.0,0,1,1,0,0,0,0,1,0,0,0,0,0,1,0,1,0,1,0,1
0,0,0,0,1.4456604880349857,1,1,-0.3477621109456021,0.6036042617903916,1,-0.5688712517755522,-0.031297311737476054,0,0,3.0,0,0,0,0,0,1,0,0,0,1,0,0,0,0,0,0,1,0,0,0
0,1,0,0,0.26519417771576004,0,1,1.1554518512954808,0.7620288707003873,1,-0.3725686839111408,0.5079352703082123,0,1,2.0,0,1,1,0,0,0,0,0,0,1,0,0,0,1,0,1,0,1,0,0
1,1,0,0,-0.7117434584104956,0,1,0.5067138168183688,-0.4748063775063716,1,-0.08251153397726058,-0.5705298937831644,0,1,1.0,0,1,1,0,0,0,0,1,0,0,0,0,0,0,0,0,0,1,0,1
1,0,1,1,1.6084834273893616,2,0,-1.457751228759382,-0.3534813411856022,1,-0.6266188753638173,-1.109762475828853,0,0,3.0,0,0,0,1,1,0,1,0,1,0,1,0,1,0,1,0,0,0,0,0
1,0,1,0,-1.0373893371192475,0,0,-1.0197286172454239,-0.8963286058663975,0,-0.16744141906956295,-0.031297311737476054,1,1,1.0,1,0,0,0,0,1,0,1,0,0,0,0,0,0,0,0,0,0,1,0
1,0,1,0,1.5677776925507676,2,0,-1.3432680462045974,-0.24953233176646913,1,-0.6206407211581483,-1.109762475828853,0,0,3.0,0,1,0,1,1,0,1,0,1,0,1,0,1,0,1,0,0,0,0,0
1,0,1,1,-0.7524491932490895,0,1,0.01725673198269617,-0.5975135977852258,1,-0.15726902605285784,0.5079352703082123,0,1,1.0,0,0,0,0,0,1,0,1,0,0,0,0,0,1,0,0,0,1,0,1
1,0,1,0,-0.4268033145403377,0,1,-1.4760021709057967,-0.8020110052980454,1,-0.5573553351528672,-1.109762475828853,0,0,1.0,0,0,0,1,1,0,1,0,1,0,1,0,1,0,1,0,0,0,0,0
0,1,0,0,1.6084834273893616,2,1,1.7394819999807578,2.6928082235772974,1,-0.4746245511726246,2.1256330164452777,0,0,3.0,0,1,1,0,0,1,0,1,0,1,0,1,0,1,0,1,1,0,0,0
1,0,1,0,0.7943687306174818,2,1,0.8850060722167867,1.021703939397065,1,-0.4607170504180379,0.5079352703082123,0,0,3.0,0,1,1,0,0,1,0,0,0,1,0,1,0,0,0,0,1,0,0,0
0,0,0,0,0.1023712383613841,0,1,-0.09390809745455836,-0.08917705320073616,1,-0.4610972929480322,-0.031297311737476054,0,1,2.0,0,0,0,0,0,0,0,0,0,1,0,0,0,0,0,1,0,1,0,0
0,0,1,1,0.7129572609402939,2,0,-1.4859572302583868,-0.600453481124644,1,-0.6142476939154077,-1.109762475828853,0,0,3.0,0,0,0,1,1,0,1,0,1,0,1,0,1,0,1,0,0,0,0,0
0,0,1,0,0.9978974048104517,0,1,1.152133498177951,1.4031208935447281,1,-0.4618914940944243,0.5079352703082123,0,1,3.0,0,1,1,0,0,1,0,0,0,0,0,0,0,1,0,1,0,1,0,0
0,0,1,1,1.4049547531963917,1,1,1.5735643441042586,2.2330455723769282,1,-0.4694802028424868,1.5864004343995892,0,0,3.0,0,1,1,0,0,0,0,1,0,1,0,1,0,1,0,1,1,0,0,0
1,0,0,0,-0.8745663977648716,0,1,0.48348534499565887,-0.6597996336106623,1,0.10318262156353614,-0.031297311737476054,1,0,1.0,0,0,1,0,0,1,0,0,0,1,0,0,0,0,0,0,0,0,0,0
1,0,1,0,0.1023712383613841,1,1,0.13505826765501053,0.06246827248627255,1,-0.43902511942121913,0.5079352703082123,0,1,2.0,0,1,0,0,0,0,0,1,0,0,0,1,0,1,0,0,0,1,0,0
1,1,1,0,-1.2816237461508113,0,1,0.2860433345026247,-0.9766488514306537,1,3.5752314833030843,-1.109762475828853,1,1,0.0,0,1,1,0,0,0,0,0,0,0,0,0,0,0,0,0,0,1,0,1
0,0,0,0,-0.1418631706701798,0,1,0.3076126297665698,-0.13430645640359737,1,-0.3749198502216056,-1.109762475828853,0,1,2.0,0,1,1,0,0,0,0,0,0,0,0,0,0,0,0,0,0,1,0,0
0,0,0,0,-0.019745966154397852,1,0,-1.472683817788267,-0.7217126991616952,1,-0.5880341011753563,-1.109762475828853,0,0,2.0,0,0,0,1,1,0,1,0,1,0,1,0,1,0,1,0,0,0,0,0
1,0,0,0,-0.5082147842175256,0,1,-0.4356984685601469,-0.559668084647192,1,-0.37568757799645136,-0.5705298937831644,0,1,1.0,0,0,0,0,0,0,0,1,0,0,0,0,0,0,0,0,0,0,1,0
0,0,1,1,-0.4268033145403377,0,0,-1.5224591145512167,-0.8096898050651826,1,-0.5643650235318929,-1.109762475828853,0,0,1.0,0,0,0,1,1,0,1,0,1,0,1,0,1,0,1,0,0,0,0,0
0,0,0,0,-0.2639803751859618,0,1,0.33250027814804467,-0.2037666851543308,1,-0.3400735395522215,-1.109762475828853,0,0,2.0,0,1,1,0,0,0,0,0,0,0,0,0,0,0,0,0,0,0,0,1
1,0,0,0,-0.4268033145403377,2,0,-0.2714399892424126,-0.4363684998148729,0,-0.37560412932527243,1.0471678523539008,0,0,1.0,1,0,0,0,0,0,0,0,0,1,0,1,0,1,0,1,0,0,0,0
1,0,1,0,1.5270719577121736,2,0,-1.3200395743818876,-0.1572989768491971,1,-0.6189545584836412,-1.109762475828853,0,0,3.0,0,1,0,1,1,0,1,0,1,0,1,0,1,0,1,0,0,0,0,0
0,0,1,1,1.4456604880349857,2,0,0.6759498258123978,1.4307426332785163,1,-0.517383421658185,1.5864004343995892,0,0,3.0,0,1,0,0,0,0,0,1,0,1,0,1,0,1,0,1,0,0,0,0
1,0,0,0,-0.6303319887333076,0,1,0.8634367769528422,-0.30150683647603566,1,-0.07787317867090131,0.5079352703082123,0,0,1.0,0,0,1,0,0,0,0,1,0,1,0,0,0,0,0,1,1,0,0,0
0,0,0,0,-1.2409180113122174,0,1,-1.1292342701239135,-0.9830112855234245,0,0.5263925574472123,-0.5705298937831644,0,1,0.0,1,0,0,0,0,0,0,0,0,0,0,1,0,0,0,0,0,1,0,1
0,0,1,0,0.9164859351332638,1,0,-1.5008898192872717,-0.5086808541934003,1,-0.6192355051416897,-1.109762475828853,0,1,3.0,0,0,0,1,1,0,1,0,1,0,1,0,1,0,1,0,0,1,0,0
1,0,0,0,0.22448844287716607,1,1,1.3246878602895098,0.6967590726797203,1,-0.35014586548716264,1.0471678523539008,0,1,2.0,0,1,1,0,0,1,0,1,0,0,0,0,0,1,0,1,0,1,0,0
0,0,1,1,-1.0373893371192475,0,0,-1.0047960282165391,-0.9007164914476189,0,-0.16096371596930265,-0.031297311737476054,0,1,1.0,1,0,0,0,0,1,0,0,0,0,0,1,0,0,0,0,0,0,1,0
0,0,1,1,-1.1188008067964355,0,1,0.6908824148412829,-0.8022742784329185,1,0.9860695626360582,-0.031297311737476054,0,1,0.0,0,0,1,0,0,0,0,0,0,0,0,1,0,1,0,0,0,1,0,1
0,0,0,0,0.346605647392948,2,1,1.1239274966789456,0.7283079700087015,1,-0.38884862556523425,1.0471678523539008,0,0,2.0,0,0,1,0,0,0,0,1,0,0,0,1,0,1,0,1,0,0,0,0
0,0,0,0,-0.8745663977648716,0,1,-0.0009942101637186523,-0.694705263409278,1,-0.036927697345798774,-0.031297311737476054,1,1,1.0,0,0,0,0,0,0,0,0,0,0,0,0,0,1,0,1,0,1,0,0
0,0,1,0,1.5677776925507676,2,1,0.6095827634617982,1.5775174059703692,1,-0.5265140970963406,1.5864004343995892,0,0,3.0,0,1,0,0,0,0,0,1,0,1,0,1,0,1,0,1,1,0,0,0
0,1,0,0,-0.06045170099299184,0,1,0.2860433345026247,-0.08981329661001317,1,-0.39506070856482256,-0.5705298937831644,0,0,2.0,0,0,1,0,0,1,0,0,0,0,0,0,0,0,0,0,1,0,0,0
1,0,1,0,1.4456604880349857,2,1,0.858459247276547,1.756696713679542,1,-0.5082040678285085,2.1256330164452777,0,0,3.0,0,1,0,0,0,1,0,1,0,1,0,1,0,1,0,1,1,0,0,0
0,0,1,0,1.6084834273893616,2,1,1.104017377973766,2.0695748950485275,1,-0.5048341132718601,1.0471678523539008,0,0,3.0,0,1,1,0,0,1,0,0,0,1,0,1,0,1,0,0,0,0,0,0
0,0,1,1,-0.3453918448631497,2,0,-0.019245152310133944,-0.3250039637634758,1,-0.363327160821436,0.5079352703082123,0,1,1.0,0,1,0,0,0,1,0,1,0,1,0,0,0,0,0,0,0,1,0,0
0,0,0,0,-0.8745663977648716,0,1,1.1886353824707805,-0.5132003763420582,1,0.30711031175691766,0.5079352703082123,1,1,1.0,0,1,1,0,0,0,0,0,0,1,0,0,0,1,0,1,0,1,0,1
0,0,1,0,-1.2409180113122174,0,1,-0.09224892089579345,-0.9592947639569235,1,1.7259672056435735,-0.031297311737476054,1,1,0.0,0,0,0,0,0,1,0,0,0,0,0,0,0,0,0,1,0,0,1,0
1,0,1,1,1.6084834273893616,2,1,1.4424893959618246,2.399258678193591,1,-0.48874338045660154,1.5864004343995892,0,0,3.0,0,1,1,0,0,1,0,1,0,1,0,0,0,1,0,1,1,0,0,0
0,0,0,0,-0.8338606629262776,0,0,-1.5008898192872717,-0.9122346910983249,1,-0.48523642586866056,-1.109762475828853,0,1,1.0,0,0,0,1,1,0,1,0,1,0,1,0,1,0,1,0,0,0,1,0
1,0,0,1,-0.019745966154397852,1,0,0.6228561759319183,0.14654016022247315,1,-0.3676613330776102,1.5864004343995892,0,0,2.0,0,1,0,0,0,0,0,1,0,1,0,1,0,1,0,1,1,0,0,0
0,1,0,0,-1.2816237461508113,0,1,0.2677923923562099,-0.9768901851376209,1,3.5435627125907003,-0.5705298937831644,1,1,0.0,0,0,1,0,0,0,0,1,0,0,0,0,0,0,0,0,0,1,0,1
1,0,1,1,-0.8338606629262776,0,1,-1.452773699083087,-0.8746305116672581,1,-0.4723917496356657,-1.109762475828853,0,1,1.0,0,0,0,1,1,0,1,0,1,0,1,0,1,0,1,0,0,1,0,0
1,0,0,0,0.428017117070136,0,1,1.2102046777347255,0.9779128412964762,1,-0.3943573216120165,0.5079352703082123,0,1,2.0,0,1,1,0,0,0,0,1,0,0,0,0,0,1,0,1,0,1,0,1
1,0,1,1,-0.8338606629262776,2,0,-1.456092052200617,-0.893937208224632,1,-0.4732775893758723,-1.109762475828853,0,0,1.0,0,0,0,1,1,0,1,0,1,0,1,0,1,0,1,0,0,0,0,0
1,0,0,0,-0.2639803751859618,1,0,-0.3444437578280723,-0.4109187634437893,0,-0.4270826873680643,1.0471678523539008,0,0,2.0,1,0,0,0,0,1,0,0,0,0,0,1,0,1,0,1,1,0,0,0
0,0,0,0,-1.2816237461508113,0,1,0.17653768162413533,-0.9780968536724568,1,3.3852188590287806,-1.109762475828853,1,1,0.0,0,0,1,0,0,0,0,0,0,0,0,0,0,0,0,0,0,1,0,0
1,0,0,0,-0.8745663977648716,0,0,-1.3864066367324874,-0.9013307954289899,1,-0.4375856298433836,-1.109762475828853,0,0,1.0,0,1,0,1,1,0,1,0,1,0,1,0,1,0,1,0,1,0,0,1
1,0,0,0,-0.1825689055087738,0,1,-1.1557810950641534,-0.653130047527206,0,-0.5402195821573426,-0.5705298937831644,0,0,2.0,1,0,0,0,0,0,0,0,0,0,0,1,0,0,0,0,1,0,0,0
0,1,1,0,1.3642490183577978,2,1,0.5183280527297236,1.3013438874882997,1,-0.5212980361882628,1.0471678523539008,0,0,3.0,0,1,0,0,0,0,0,1,0,1,0,0,0,1,0,1,0,0,0,1
1,0,1,1,-0.5082147842175256,0,0,1.057560434328346,-0.2073866907588384,1,-0.1289179360817713,0.5079352703082123,0,1,1.0,0,1,1,0,0,0,0,1,0,0,0,1,0,1,0,0,0,0,1,0
0,0,1,0,1.2014260790034217,1,1,1.3064369181430948,1.8930721975439,1,-0.4690944572693413,1.5864004343995892,0,1,3.0,0,0,1,0,0,1,0,0,0,1,0,1,0,1,0,1,0,1,0,0
0,1,0,0,-1.2816237461508113,0,1,0.3076126297665698,-0.9763636388678745,1,3.612658212326811,-1.109762475828853,1,1,0.0,0,1,1,0,0,0,0,0,0,0,0,0,0,0,0,0,0,1,0,1
1,0,0,1,-0.4675090493789317,0,0,0.5116913464946635,-0.24227038112954788,1,-0.2391541725835564,-0.5705298937831644,0,1,1.0,0,1,1,0,0,1,0,0,0,0,0,0,0,0,0,0,0,1,0,0
1,0,0,0,-1.2816237461508113,0,1,-1.3432680462045974,-0.9981933696344505,0,0.7480739524339,-1.109762475828853,1,1,0.0,1,0,0,0,0,0,0,0,0,0,0,0,0,0,0,0,0,0,1,1
1,0,1,1,0.22448844287716607,2,1,0.9945117250952766,0.5778473734286225,1,-0.3795262168706796,0.5079352703082123,0,0,2.0,0,1,1,0,0,0,0,0,0,1,0,1,0,1,0,0,0,0,0,0
1,0,1,1,-0.5896262538947137,0,0,0.6079235869030333,-0.30196756446206385,1,-0.1551678763532802,1.5864004343995892,0,1,1.0,0,0,0,0,0,1,0,0,0,1,0,1,0,1,0,1,0,1,0,0
1,0,1,0,1.1200146093262338,2,1,-1.4743429943470319,-0.482902026403725,1,-0.6210458234163916,-1.109762475828853,0,0,3.0,0,0,0,1,1,0,1,0,1,0,1,0,1,0,1,0,0,0,0,0
0,0,0,0,1.5270719577121736,1,1,0.8402083051301322,1.793160042859491,1,-0.5133649567742331,0.5079352703082123,0,0,3.0,0,1,1,0,0,0,0,1,0,1,0,1,0,0,0,0,0,0,0,0
0,0,1,1,1.4049547531963917,2,1,0.16492344571278056,1.0164823555554114,1,-0.5413700058767487,0.5079352703082123,0,0,3.0,0,1,0,0,0,0,0,0,0,1,0,1,0,0,0,1,0,0,0,0
1,0,1,1,-1.1188008067964355,0,1,-1.2951519260004127,-0.9496852945340487,1,-0.16264312047677756,-1.109762475828853,0,0,0.0,0,1,0,1,1,0,1,0,1,0,1,0,1,0,1,0,0,0,0,1
1,0,1,0,1.3642490183577978,1,0,1.6880475266590431,2.476002797009152,1,-0.4607105644047331,2.1256330164452777,0,0,3.0,0,1,1,0,0,1,0,1,0,1,0,1,0,1,0,1,0,0,0,0
1,0,1,0,1.6084834273893616,2,0,-1.3117436915880627,-0.22037483207925357,1,-0.6196777749337057,-1.109762475828853,0,1,3.0,0,1,0,1,1,0,1,0,1,0,1,0,1,0,1,0,0,0,1,0
0,1,1,0,1.6084834273893616,2,1,0.6361295884020379,1.6806985354127884,1,-0.5270771851047176,1.5864004343995892,0,0,3.0,0,1,0,0,0,1,0,1,0,1,0,0,0,1,0,1,1,0,0,0
1,0,0,1,-1.2002122764736234,0,1,-1.4892755833759168,-0.9758151531702218,1,-0.08251153397726058,-1.109762475828853,0,1,0.0,0,0,0,1,1,0,1,0,1,0,1,0,1,0,1,0,0,0,1,0
1,0,1,0,0.631545791263106,2,1,-1.4892755833759168,-0.554336803666008,1,-0.612625604018975,-1.109762475828853,0,1,2.0,0,0,0,1,1,0,1,0,1,0,1,0,1,0,1,0,0,0,1,0
0,0,0,0,-1.0373893371192475,0,1,0.33084110158927976,-0.7714713216527449,1,0.41843083910954,-1.109762475828853,1,1,1.0,0,1,1,0,0,0,0,0,0,0,0,0,0,0,0,0,0,1,0,1
0,0,1,0,-1.2409180113122174,0,0,0.8435266582476619,-0.9253325295582704,1,2.80846336817597,0.5079352703082123,1,1,0.0,0,0,1,0,0,1,0,1,0,0,0,0,0,1,0,0,0,1,0,0
1,0,0,0,0.7943687306174818,0,1,1.26495750417397,1.3450911067330762,1,-0.43583832488412394,1.0471678523539008,0,1,3.0,0,1,1,0,0,0,0,1,0,1,0,0,0,1,0,1,0,1,0,0
0,0,1,1,0.22448844287716607,2,1,-1.4842980536996218,-0.6815635460935201,1,-0.600100312182109,-1.109762475828853,0,1,2.0,0,0,0,1,1,0,1,0,1,0,1,0,1,0,1,0,0,0,1,0
1,0,1,1,1.6084834273893616,2,0,-1.4793205240233267,-0.41462652675992123,1,-0.6276442652000838,-1.109762475828853,0,1,3.0,0,0,0,1,1,0,1,0,1,0,1,0,1,0,1,0,0,1,0,0
0,1,0,0,-0.9559778674420595,0,1,0.3192268656779245,-0.7356003570262606,1,0.19876472953182223,-1.109762475828853,1,1,1.0,0,1,1,0,0,0,0,0,0,0,0,0,0,0,0,0,0,1,0,1
0,0,1,1,0.9978974048104517,2,0,-1.5075265255223318,-0.4965922294171355,1,-0.6210295488027361,-1.109762475828853,0,0,3.0,0,0,0,1,1,0,1,0,1,0,1,0,1,0,1,0,0,0,0,0
1,0,0,1,-0.7931549280876836,0,0,-0.6945300117274855,-0.719606514082709,1,-0.29781804654781896,-1.109762475828853,0,1,1.0,0,0,0,0,0,0,0,0,0,0,0,0,0,0,0,0,0,0,1,0
1,0,1,0,0.30589991255435406,1,1,1.3628489211411048,0.8246220585165093,1,-0.3620182785906625,1.0471678523539008,0,0,2.0,0,1,1,0,0,0,0,1,0,1,0,0,0,1,0,1,0,0,0,0
0,0,1,1,0.26519417771576004,2,1,-1.4959122896109767,-0.6338452903977383,1,-0.602599118449275,-1.109762475828853,0,0,2.0,0,0,0,1,1,0,1,0,1,0,1,0,1,0,1,0,0,0,0,0
0,1,0,0,0.020959768684196134,0,1,1.510515634871189,0.59504788490701,1,-0.2856489161671244,1.5864004343995892,0,1,2.0,0,1,1,0,0,0,0,1,0,1,0,1,0,1,0,1,0,1,0,1
0,0,0,0,0.631545791263106,2,0,-1.3582006352334823,-0.48981294619414856,1,-0.6033423651088514,-1.109762475828853,0,0,2.0,0,1,0,1,1,0,1,0,1,0,1,0,1,0,1,0,1,0,0,0
0,1,0,0,-0.9152721326034655,0,1,-1.1707136840930383,-0.8810587640437473,0,-0.3493405566324294,-0.5705298937831644,0,1,1.0,1,0,0,0,0,0,0,0,0,0,0,1,0,0,0,0,0,1,0,1
0,0,0,0,-0.8745663977648716,0,0,0.38061639835222955,-0.6409097861835046,1,0.07343317028826643,-0.5705298937831644,1,1,1.0,0,0,1,0,0,1,0,0,0,0,0,0,0,0,0,0,0,1,0,0
0,0,1,0,0.590840056424512,1,0,-1.261968394825113,-0.46006308195346807,1,-0.5952097386163854,-1.109762475828853,0,1,2.0,0,1,0,1,1,0,1,0,1,0,1,0,1,0,1,0,0,1,0,0
1,0,0,0,-1.2816237461508113,0,1,0.46523440284924406,-0.9742793932167944,1,3.8861612321155814,-0.5705298937831644,1,1,0.0,0,0,1,0,0,0,0,0,0,0,0,0,0,1,0,0,0,1,0,1
1,0,0,0,0.7943687306174818,2,1,0.8070247739548323,1.0324981379268692,1,-0.46582316439224736,2.1256330164452777,0,1,3.0,0,1,0,0,0,1,0,1,0,1,0,1,0,1,0,1,0,0,1,0
1,0,1,0,1.3642490183577978,2,0,0.6742906492536329,1.4212428609951722,1,-0.5132197066171256,1.5864004343995892,0,1,3.0,0,1,0,0,0,1,0,1,0,0,0,1,0,1,0,1,0,1,0,0
0,1,1,1,-0.8745663977648716,0,1,0.4370284013502389,-0.629435465388611,1,0.08974738550373684,-0.5705298937831644,1,0,1.0,0,1,1,0,0,0,0,0,0,1,0,0,0,0,0,0,1,0,0,0
1,0,1,1,0.5501343215859179,0,1,0.5000771105833088,0.6451794776724635,1,-0.4637312526010932,-0.5705298937831644,0,0,2.0,0,1,1,0,0,0,0,1,0,0,0,0,0,0,0,0,0,0,0,0
0,0,1,0,0.46872285190873,0,1,1.034331962505636,0.905995396620259,1,-0.41381805748045297,-0.031297311737476054,0,1,2.0,0,1,1,0,0,0,0,0,0,0,0,0,0,1,0,1,0,1,0,1
1,1,1,1,1.5677776925507676,0,1,1.3329837430833347,2.3030981656811265,1,-0.49164646065543294,1.0471678523539008,0,0,3.0,0,1,1,0,0,1,0,1,0,0,0,0,0,1,0,1,1,0,0,1
0,0,1,1,-0.4268033145403377,0,0,-0.32453363912289235,-0.4797208093573395,1,-0.38361520175844466,-0.031297311737476054,0,1,1.0,0,0,0,0,0,0,0,1,0,0,0,1,0,0,0,0,0,1,0,1
0,0,1,1,-0.38609757970174374,2,1,0.40550404673370444,-0.23691716072045785,1,-0.2895581182559525,1.0471678523539008,0,0,1.0,0,1,0,0,0,1,0,0,0,1,0,1,0,1,0,0,0,0,0,0
1,1,1,0,0.7943687306174818,0,1,1.303118565025565,1.434406517738836,1,-0.43333958825844704,1.0471678523539008,0,1,3.0,0,1,1,0,0,1,0,0,0,1,0,0,0,1,0,1,0,1,0,1
1,0,1,1,1.6084834273893616,2,0,-1.5108448786398618,-0.4107432480205404,1,-0.6291429118838578,-1.109762475828853,0,0,3.0,0,0,0,1,1,0,1,0,1,0,1,0,1,0,1,0,1,0,0,0
0,0,1,1,0.30589991255435406,0,1,0.6610172367835129,0.44041879702477094,1,-0.42142355580280627,-0.031297311737476054,0,1,2.0,0,1,1,0,0,0,0,0,0,1,0,1,0,0,0,0,0,1,0,1
0,0,1,0,1.4863662228735797,1,1,1.0193993734767515,1.9503560438067447,1,-0.5023900796950886,0.5079352703082123,0,0,3.0,0,0,1,0,0,0,0,1,0,0,0,0,0,1,0,1,1,0,0,0
0,1,0,0,-0.1418631706701798,0,0,1.118949967002651,0.24722019488359623,1,-0.2810651297467223,0.5079352703082123,0,1,2.0,0,1,1,0,0,0,0,0,0,0,0,1,0,1,0,1,0,1,0,1
1,1,0,0,1.6084834273893616,2,0,1.6216804643084435,2.4337255194340854,1,-0.4802247572014646,2.1256330164452777,0,0,3.0,0,1,1,0,0,1,0,1,0,1,0,1,0,1,0,1,0,0,0,0
0,1,1,0,0.428017117070136,0,1,0.9812383126251565,0.8150345285215409,1,-0.41241637267940895,0.5079352703082123,0,1,2.0,0,1,1,0,0,1,0,1,0,0,0,0,0,1,0,0,0,1,0,0
1,0,1,1,1.4049547531963917,2,0,-1.2818785135302928,-0.26785175406806816,1,-0.6152073536339647,-1.109762475828853,0,1,3.0,0,1,0,1,1,0,1,0,1,0,1,0,1,0,1,0,0,0,1,0
0,0,1,1,0.9164859351332638,2,0,-1.457751228759382,-0.4778559579853205,1,-0.6165621673542807,-1.109762475828853,0,1,3.0,0,0,0,1,1,0,1,0,1,0,1,0,1,0,1,0,0,0,1,0
1,0,1,0,1.5677776925507676,2,1,-1.3416088696458326,-0.2119939706191208,1,-0.6205607495149352,-1.109762475828853,0,1,3.0,0,1,0,1,1,0,1,0,1,0,1,0,1,0,1,0,0,1,0,0
0,0,0,1,-0.30468611002455576,0,0,-1.4892755833759168,-0.8019451870143269,1,-0.5709414207336436,-1.109762475828853,0,0,2.0,0,0,0,1,1,0,1,0,1,0,1,0,1,0,1,0,1,0,0,0
0,0,0,0,-1.2816237461508113,0,0,-1.459410405318147,-0.999729129587878,1,0.5465454115369113,-1.109762475828853,0,1,0.0,0,0,0,1,1,0,1,0,1,0,1,0,1,0,1,0,0,0,1,1
1,0,0,0,1.6084834273893616,2,0,1.4690362209020642,2.4479861475730544,1,-0.4874813621965812,1.5864004343995892,0,0,3.0,0,1,1,0,0,0,0,1,0,1,0,1,0,1,0,1,0,0,0,0
1,0,1,0,0.7943687306174818,1,1,0.34743286717692967,0.6871934821126576,1,-0.49591664462322627,1.0471678523539008,0,1,3.0,0,0,0,0,0,1,0,1,0,0,0,0,0,1,0,1,0,0,1,0
0,0,0,0,-0.4268033145403377,1,1,-1.5158224083161567,-0.827899530227251,1,-0.5633636394777464,-1.109762475828853,0,1,1.0,0,0,0,1,1,0,1,0,1,0,1,0,1,0,1,0,0,0,1,0
1,0,0,0,1.4456604880349857,1,0,0.3922306342635843,1.2873684719121097,1,-0.5316531444297731,1.0471678523539008,0,0,3.0,0,1,0,0,0,1,0,1,0,1,0,0,0,0,0,1,1,0,0,0
1,0,1,0,-0.9152721326034655,0,1,0.17156015194784016,-0.7194748775152723,1,0.0741311046290351,-1.109762475828853,1,1,1.0,0,0,1,0,0,0,0,0,0,0,0,0,0,0,0,0,0,1,0,1
0,0,1,1,-0.9152721326034655,0,1,1.1720436168831305,-0.5417655114758089,1,0.38977191024172136,0.5079352703082123,1,1,1.0,0,1,1,0,0,1,0,0,0,0,0,0,0,1,0,1,0,1,0,1
0,0,1,1,0.9164859351332638,1,1,1.2865267994379153,1.4731954262768323,1,-0.4464967558014136,1.5864004343995892,0,0,3.0,0,0,1,0,0,0,0,1,0,1,0,1,0,1,0,1,0,0,0,0
1,0,0,0,0.9571916699718578,1,0,-1.3283354571757127,-0.42357781334561273,1,-0.6094404820744623,-1.109762475828853,0,1,3.0,0,1,0,1,1,0,1,0,1,0,1,0,1,0,1,0,0,1,0,1
0,1,1,1,0.5501343215859179,0,1,1.5022197520773641,1.172778839958515,1,-0.3897353628127763,1.5864004343995892,0,1,2.0,0,1,1,0,0,1,0,1,0,0,0,1,0,1,0,1,0,1,0,0
1,0,0,0,-1.2816237461508113,0,1,0.6527213539896879,-0.9718002378634042,1,4.211485876706434,-0.031297311737476054,1,1,0.0,0,0,1,0,0,1,0,0,0,0,0,0,0,0,0,1,0,0,1,1
1,0,0,0,0.428017117070136,0,1,0.3457736906181643,0.3782643977667709,1,-0.46253678252586794,-1.109762475828853,0,0,2.0,0,1,1,0,0,0,0,0,0,0,0,0,0,0,0,0,1,0,0,0
1,1,1,0,0.26519417771576004,0,1,1.3512346852297499,0.8711994639611738,1,-0.35558270689268023,1.0471678523539008,0,1,2.0,0,1,1,0,0,0,0,1,0,1,0,0,0,1,0,1,0,1,0,1
1,0,1,0,0.7129572609402939,1,1,-0.6795974226986006,-0.04865492985815732,0,-0.559377738242614,0.5079352703082123,0,0,3.0,1,0,0,0,0,1,0,0,0,0,0,1,0,1,0,0,0,0,0,0
0,0,0,0,-1.0780950719578415,0,0,-1.5008898192872717,-0.9520766921758143,1,-0.3356560583080699,-1.109762475828853,0,0,0.0,0,0,0,1,1,0,1,0,1,0,1,0,1,0,1,0,1,0,0,0
1,0,1,1,0.5094285867473239,2,0,-1.3432680462045974,-0.5314101015041266,1,-0.5985372543796431,-1.109762475828853,0,1,2.0,0,1,0,1,1,0,1,0,1,0,1,0,1,0,1,0,0,0,1,0
0,0,0,0,-0.4268033145403377,0,1,-0.47551870597050655,-0.5379699904480525,0,-0.40639668899027814,0.5079352703082123,0,1,1.0,1,0,0,0,0,0,0,0,0,1,0,0,0,1,0,1,0,1,0,0
0,0,1,1,1.6084834273893616,2,0,-1.3216987509406526,-0.19371842717333404,1,-0.6201510317812133,-1.109762475828853,0,0,3.0,0,1,0,1,1,0,1,0,1,0,1,0,1,0,1,0,0,0,0,0
0,0,0,0,-1.0373893371192475,0,1,1.1770211465594258,-0.6951879308232123,1,0.7855006814576265,1.0471678523539008,0,1,1.0,0,0,1,0,0,0,0,0,0,1,0,1,0,1,0,1,0,1,0,0
1,0,0,0,-1.2816237461508113,0,1,-1.4992306427285067,-1.0002556758576244,1,0.4774499118008009,-1.109762475828853,0,1,0.0,0,0,0,1,1,0,1,0,1,0,1,0,1,0,1,0,0,0,1,0
0,0,0,0,1.6084834273893616,2,1,1.7096168219229881,2.507332300059073,1,-0.47604432171514743,2.1256330164452777,0,0,3.0,0,1,1,0,0,1,0,1,0,1,0,1,0,1,0,1,0,0,0,0
1,1,1,0,-0.9152721326034655,0,1,0.9148712502745568,-0.5990493577386533,1,0.3086370431273492,1.0471678523539008,0,1,1.0,0,0,1,0,0,0,0,1,0,1,0,1,0,1,0,0,0,0,1,1
1,1,1,0,-1.2816237461508113,0,0,-0.8206274301936248,-0.9912824498440269,0,1.6549523864703493,-0.031297311737476054,1,1,0.0,1,0,0,0,0,0,0,1,0,0,0,0,0,1,0,0,0,1,0,1
0,0,1,0,0.631545791263106,1,1,0.15330920980142534,0.49858022040385935,1,-0.4962913442591973,0.5079352703082123,0,1,2.0,0,1,0,0,0,0,0,0,0,1,0,1,0,0,0,1,0,0,1,0
1,0,0,0,-0.2639803751859618,1,1,-1.5042081724048018,-0.8018793687306087,1,-0.5761498303172654,-1.109762475828853,0,0,2.0,0,0,0,1,1,0,1,0,1,0,1,0,1,0,1,0,0,0,0,0
0,0,1,0,1.4456604880349857,2,0,0.8385491285713673,1.7544150131773064,1,-0.509205451882655,0.5079352703082123,0,0,3.0,0,1,1,0,0,0,0,1,0,1,0,1,0,0,0,0,1,0,0,0
0,0,1,0,0.7129572609402939,1,0,0.35738792652951956,0.6919104591124706,1,-0.4888145236428282,0.5079352703082123,0,0,3.0,0,1,0,0,0,0,0,0,0,1,0,0,0,1,0,1,0,0,0,0
0,0,1,0,1.6084834273893616,2,1,1.679751643865218,2.6384642606538713,1,-0.4774640922576702,2.1256330164452777,0,0,3.0,0,1,1,0,0,1,0,1,0,1,0,1,0,1,0,1,1,0,0,0
0,1,0,0,-0.6303319887333076,1,0,-1.469365464670737,-0.8638582525653599,1,-0.5276337001013237,-1.109762475828853,0,1,1.0,0,0,0,1,1,0,1,0,1,0,1,0,1,0,1,0,0,0,1,0
1,1,1,0,1.3642490183577978,1,1,1.4076466882277594,2.0853932225688308,1,-0.47523436969752253,1.5864004343995892,0,0,3.0,0,1,1,0,0,0,0,1,0,1,0,1,0,1,0,1,0,0,0,0
1,0,1,0,-0.6303319887333076,0,0,0.8385491285713673,-0.37085736808723857,1,-0.08267147726368677,0.5079352703082123,0,0,1.0,0,1,1,0,0,1,0,1,0,1,0,0,0,0,0,0,1,0,0,1
1,0,1,0,-0.5082147842175256,1,1,-0.025881858545193533,-0.4497076719817857,1,-0.3079630207154224,0.5079352703082123,0,1,1.0,0,0,0,0,0,1,0,0,0,0,0,1,0,0,0,1,0,0,1,0
0,1,0,0,-0.1825689055087738,0,1,1.273253386967795,0.25946239565520374,1,-0.2495419625778436,1.0471678523539008,0,1,2.0,0,1,1,0,0,0,0,0,0,1,0,1,0,1,0,1,0,1,0,1
1,0,0,0,0.5094285867473239,0,1,-0.4655636466179167,-0.0003443096089104555,1,-0.532320733799204,-0.5705298937831644,0,0,2.0,0,0,0,0,0,1,0,0,0,0,0,0,0,0,0,0,0,0,0,0
1,0,1,1,0.387311382231542,0,0,-0.3461029343868372,0.0007965406422070473,1,-0.5137893067971784,-0.031297311737476054,0,1,2.0,0,0,0,0,0,1,0,1,0,0,0,0,0,0,0,0,0,0,1,0
0,0,0,0,-1.2816237461508113,0,1,-0.6513914211995958,-0.9890446281976039,1,1.9486082603488182,-1.109762475828853,1,1,0.0,0,0,0,0,0,0,0,0,0,0,0,0,0,0,0,0,0,1,0,1
0,0,1,0,-0.3453918448631497,0,1,0.34743286717692967,-0.24198516856676855,1,-0.312426809349168,-1.109762475828853,0,0,1.0,0,1,1,0,0,0,0,0,0,0,0,0,0,0,0,0,1,0,0,1
1,0,1,1,-0.9966836022806536,1,1,-0.7127809538739004,-0.85732030304934,1,-0.10378399107194267,-1.109762475828853,0,1,1.0,0,0,0,0,0,0,0,0,0,0,0,0,0,0,0,0,0,0,1,0
0,0,1,1,-0.8338606629262776,1,0,-1.0545713249794888,-0.8137705386557185,0,-0.36609098081088043,-0.031297311737476054,0,0,1.0,1,0,0,0,0,1,0,0,0,0,0,1,0,0,0,0,1,0,0,0
1,0,0,0,-0.9559778674420595,0,0,-1.5008898192872717,-0.9296326574278674,1,-0.43288329722245383,-1.109762475828853,0,0,1.0,0,0,0,1,1,0,1,0,1,0,1,0,1,0,1,0,1,0,0,0
0,0,1,0,0.428017117070136,0,0,0.5150096996121938,0.48247668032077723,1,-0.44918878825866476,-0.5705298937831644,0,1,2.0,0,1,1,0,0,0,0,1,0,0,0,0,0,0,0,0,0,1,0,0
0,0,1,1,0.7943687306174818,1,1,-1.477661347464562,-0.5303570089646334,1,-0.6154214397642976,-1.109762475828853,0,1,3.0,0,0,0,1,1,0,1,0,1,0,1,0,1,0,1,0,0,1,0,0
0,0,1,0,-0.019745966154397852,0,1,0.3507512202944595,0.01113001118598313,1,-0.39627664104913063,-0.5705298937831644,0,0,2.0,0,0,1,0,0,1,0,0,0,0,0,0,0,0,0,0,0,0,0,0
1,1,0,0,-1.2816237461508113,0,0,0.13837662077254032,-0.9786014605142973,1,3.319002338448341,-1.109762475828853,1,1,0.0,0,0,1,0,0,0,0,0,0,0,0,0,0,0,0,0,0,1,0,1
0,0,1,1,1.6084834273893616,2,1,1.7477778827745827,2.636928500700444,1,-0.4742301704663683,2.1256330164452777,0,0,3.0,0,1,1,0,0,1,0,1,0,1,0,1,0,1,0,1,0,0,0,0
1,0,0,0,-1.0780950719578415,0,1,0.6776090023711627,-0.7941566901076591,1,0.7443724078051797,-0.031297311737476054,1,1,0.0,0,0,1,0,0,0,0,1,0,0,0,0,0,1,0,0,0,1,0,1
0,0,1,1,1.2014260790034217,2,0,-0.5385674152035762,0.3111955666578031,0,-0.5707269912727206,1.0471678523539008,0,0,3.0,1,0,0,0,0,1,0,1,0,0,0,1,0,1,0,0,0,0,0,0
0,0,0,0,-0.5082147842175256,1,1,-1.5125040551986266,-0.8185972127950619,1,-0.5536359086660372,-1.109762475828853,0,0,1.0,0,0,0,1,1,0,1,0,1,0,1,0,1,0,1,0,1,0,0,0
1,0,1,1,0.06166550352279012,0,1,0.8335715988950722,0.3500064146237056,1,-0.36345877129712384,-0.031297311737476054,0,0,2.0,0,1,1,0,0,0,0,0,0,1,0,0,0,0,0,1,1,0,0,0
1,0,1,1,-0.5082147842175256,0,1,0.18317438785919538,-0.3634857203107868,1,-0.2734152708473672,-1.109762475828853,0,1,1.0,0,0,1,0,0,0,0,0,0,0,0,0,0,0,0,0,0,1,0,1
0,0,1,0,0.7536629957788878,0,1,-0.5070430605870415,0.1114590150006086,0,-0.5497919969362125,0.5079352703082123,0,1,3.0,1,0,0,0,0,0,0,1,0,0,0,0,0,1,0,1,0,1,0,0
0,0,0,0,1.6084834273893616,2,0,-1.4826388771408567,-0.3213839581589682,1,-0.6278020174825862,-1.109762475828853,0,0,3.0,0,0,0,1,1,0,1,0,1,0,1,0,1,0,1,0,1,0,0,0
0,0,0,0,-1.0373893371192475,0,1,0.4519609903791239,-0.7794572734105677,1,0.47097220870054046,-0.5705298937831644,1,0,1.0,0,1,1,0,0,0,0,1,0,0,0,0,0,0,0,0,0,0,0,0
1,0,0,0,-1.2816237461508113,0,0,-1.4842980536996218,-1.0000582210064695,1,0.5033607242018422,-1.109762475828853,0,1,0.0,0,0,0,1,1,0,1,0,1,0,1,0,1,0,1,0,0,0,1,0
0,0,1,1,-0.9966836022806536,0,0,-0.34112540471054226,-0.7973159677261384,1,0.03952519356591587,-0.031297311737476054,1,1,1.0,0,0,0,0,0,1,0,1,0,0,0,0,0,0,0,0,0,0,1,0
1,0,0,0,-1.2002122764736234,0,1,-0.5236348261746914,-0.9347445441299901,1,0.7552714003230782,-0.5705298937831644,1,1,0.0,0,0,0,0,0,0,0,0,0,1,0,0,0,0,0,0,0,1,0,1
1,0,0,0,-0.06045170099299184,0,1,0.5150096996121938,0.056939536653933726,1,-0.37022951334715787,-0.5705298937831644,0,1,2.0,0,1,1,0,0,0,0,1,0,0,0,0,0,0,0,0,0,1,0,0
0,0,0,0,-0.9559778674420595,0,1,0.3258635719129846,-0.6988737547114383,1,0.2010679128563592,-1.109762475828853,1,1,1.0,0,1,1,0,0,0,0,0,0,0,0,0,0,0,0,0,0,1,0,1
0,1,0,0,-0.5896262538947137,0,1,0.6643355899010431,-0.37546464794752094,1,-0.14486416148035144,-0.031297311737476054,0,1,1.0,0,0,1,0,0,0,0,0,0,1,0,0,0,0,0,1,0,1,0,0
1,0,0,0,0.7943687306174818,0,1,0.6776090023711627,0.8948062883881446,1,-0.47429714077497787,-0.031297311737476054,0,1,3.0,0,0,1,0,0,0,0,1,0,0,0,0,0,0,0,1,0,1,0,1
1,1,1,0,-0.9559778674420595,1,0,-1.4959122896109767,-0.928557625460468,1,-0.43115590972905105,-1.109762475828853,0,0,1.0,0,0,0,1,1,0,1,0,1,0,1,0,1,0,1,0,1,0,0,0
1,0,0,0,1.4863662228735797,2,1,-1.5141632317573919,-0.3735997965755019,1,-0.6279958274296609,-1.109762475828853,0,0,3.0,0,0,0,1,1,0,1,0,1,0,1,0,1,0,1,0,0,0,0,0
0,0,0,0,-1.2816237461508113,0,0,-0.49045129499939155,-0.9869165036907116,1,2.2278692384489314,-0.5705298937831644,1,1,0.0,0,0,0,0,0,1,0,0,0,0,0,0,0,0,0,0,0,1,0,0
0,0,1,1,0.020959768684196134,2,1,-1.3416088696458326,-0.6840865803027224,1,-0.5767645143200014,-1.109762475828853,0,1,2.0,0,1,0,1,1,0,1,0,1,0,1,0,1,0,1,0,0,0,1,1
1,0,0,0,-0.6710377235719016,0,1,-1.4710246412295018,-0.8640118285607025,1,-0.5202010414968129,-1.109762475828853,0,0,1.0,0,0,0,1,1,0,1,0,1,0,1,0,1,0,1,0,1,0,0,0
0,0,1,0,1.3235432835192036,0,1,-0.32453363912289235,0.6028144423857719,1,-0.5635191574558525,-0.031297311737476054,0,1,3.0,0,0,0,0,0,1,0,0,0,1,0,0,0,0,0,0,0,0,1,0
1,0,1,1,-1.2409180113122174,1,0,-1.4842980536996218,-0.9936738474857925,1,0.11565819790477831,-1.109762475828853,0,1,0.0,0,0,0,1,1,0,1,0,1,0,1,0,1,0,1,0,0,0,1,0
0,1,0,0,-0.7931549280876836,0,1,1.059219610887111,-0.4667765468927366,1,0.1369078059585424,0.5079352703082123,0,1,1.0,0,0,1,0,0,0,0,0,0,1,0,0,0,1,0,1,0,1,0,0
0,0,1,0,1.4863662228735797,2,0,1.3412796258771595,2.1681926234864766,1,-0.4864323095179394,1.0471678523539008,0,0,3.0,0,1,1,0,0,0,0,0,0,1,0,1,0,1,0,1,0,0,0,0
1,0,1,0,-0.9559778674420595,0,1,0.49675875746577897,-0.6834722763213513,1,0.2603748834631874,-0.031297311737476054,1,1,1.0,0,0,1,0,0,0,0,1,0,1,0,0,0,0,0,0,0,1,0,1
0,0,1,0,0.18378270803857208,1,0,0.23792721429843983,0.15755375303133862,1,-0.4412474892957725,0.5079352703082123,0,1,2.0,0,1,0,0,0,0,0,1,0,0,0,1,0,0,0,1,0,0,1,0
1,0,1,0,0.18378270803857208,0,1,-0.3278519922404224,-0.11785188547401743,1,-0.4929175888791357,-0.5705298937831644,0,1,2.0,0,1,0,0,0,1,0,0,0,0,0,0,0,0,0,0,0,0,1,0
1,0,1,1,0.8757802002946699,2,1,0.4984179340245439,0.9050958800761085,1,-0.49234730305595487,-0.031297311737476054,0,0,3.0,0,0,1,0,0,0,0,1,0,0,0,1,0,0,0,0,0,0,0,0
0,0,0,1,0.1023712383613841,0,0,-0.49045129499939155,-0.28257311019306575,1,-0.4993237384038896,-1.109762475828853,0,1,2.0,0,1,0,0,0,0,0,0,0,0,0,0,0,0,0,0,0,0,1,0
1,0,1,1,-0.9966836022806536,0,0,-1.5025489958460367,-0.9344373921393047,1,-0.40831600842739235,-1.109762475828853,0,0,1.0,0,0,0,1,1,0,1,0,1,0,1,0,1,0,1,0,1,0,0,0
0,0,0,0,0.8757802002946699,2,1,-1.4743429943470319,-0.5544684402334447,1,-0.616823892732069,-1.109762475828853,0,1,3.0,0,0,0,1,1,0,1,0,1,0,1,0,1,0,1,0,0,0,1,0
1,1,0,0,-0.6710377235719016,0,1,0.31590851256039476,-0.45545580209318565,1,-0.1554174473017594,-1.109762475828853,0,0,1.0,0,1,1,0,0,0,0,0,0,0,0,0,0,0,0,0,0,0,0,0
0,0,0,0,-0.8745663977648716,1,0,-0.0009942101637186523,-0.7029764277298801,1,-0.036927697345798774,0.5079352703082123,0,0,1.0,0,0,0,0,0,0,0,0,0,1,0,1,0,0,0,1,1,0,0,0
1,0,1,1,0.06166550352279012,1,0,-1.1458260357115635,-0.5970528697991975,0,-0.5597228931665994,-0.5705298937831644,0,0,2.0,1,0,0,0,0,1,0,0,0,0,0,0,0,0,0,0,0,0,0,0
1,0,0,0,-0.9559778674420595,0,0,-0.6630056571109506,-0.8198038813298978,1,-0.1421064024996558,-1.109762475828853,1,1,1.0,0,0,0,0,0,0,0,0,0,0,0,0,0,0,0,0,0,0,1,1
0,0,1,0,1.6084834273893616,2,0,-1.3250171040581826,-0.19751394820109044,1,-0.6203087840637159,-1.109762475828853,0,0,3.0,0,1,0,1,1,0,1,0,1,0,1,0,1,0,1,0,1,0,0,0
1,0,0,0,-0.6303319887333076,0,0,-0.4456535279127367,-0.6137926532915569,1,-0.33026368465141576,-0.5705298937831644,0,1,1.0,0,0,0,0,0,0,0,0,0,0,0,1,0,0,0,0,0,0,1,1
1,0,0,0,-1.2409180113122174,0,0,-0.6646648336697157,-0.9601942805010737,1,1.0638019998391823,-1.109762475828853,1,0,0.0,0,0,0,0,0,0,0,0,0,0,0,0,0,0,0,0,0,0,0,0
1,0,0,0,0.346605647392948,0,1,0.8053655973960674,0.5907916358932254,1,-0.4151707207028001,-0.031297311737476054,0,1,2.0,0,1,1,0,0,0,0,1,0,0,0,0,0,1,0,0,0,1,0,0
0,0,0,0,0.18378270803857208,0,1,-0.005971739840013817,0.02012517662748683,1,-0.46352169644754493,-0.031297311737476054,0,1,2.0,0,0,0,0,0,0,0,0,0,0,0,0,0,1,0,1,0,1,0,1
0,1,0,0,0.6722515261016999,1,1,0.8269348926600121,0.8722525565006668,1,-0.452805832979699,0.5079352703082123,0,0,3.0,0,0,1,0,0,0,0,1,0,1,0,0,0,0,0,1,0,0,0,0
0,0,1,0,0.8350744654560759,1,0,0.3042942766490395,0.6733716425318105,1,-0.5017228877002824,1.0471678523539008,0,0,3.0,0,1,0,0,0,1,0,1,0,1,0,0,0,0,0,1,0,0,0,0
0,0,1,1,-1.2409180113122174,0,0,-1.1906238027982183,-0.9892859619045712,0,0.45537773827398786,-0.5705298937831644,0,0,0.0,1,0,0,0,0,0,0,0,0,0,0,1,0,0,0,0,0,0,0,0
0,1,0,0,0.8757802002946699,0,1,0.48348534499565887,0.9086939462527098,1,-0.4932895144159928,-0.5705298937831644,0,1,3.0,0,1,1,0,0,0,0,1,0,0,0,0,0,0,0,0,0,1,0,1
0,0,0,1,-1.2816237461508113,0,0,-0.49874717779321653,-0.9870262008302422,1,2.2134743426705747,-0.5705298937831644,1,1,0.0,0,0,0,0,0,1,0,0,0,0,0,0,0,0,0,0,0,0,1,0
1,0,0,1,-0.22327464034736777,1,0,-1.4892755833759168,-0.7663155560948098,1,-0.5772846660161941,-1.109762475828853,0,0,2.0,0,0,0,1,1,0,1,0,1,0,1,0,1,0,1,0,1,0,0,0
0,0,0,0,-0.8338606629262776,0,0,-1.477661347464562,-0.8919407202851762,1,-0.4790355476872148,-1.109762475828853,0,1,1.0,0,0,0,1,1,0,1,0,1,0,1,0,1,0,1,0,0,0,1,0
1,1,1,0,-0.8745663977648716,0,1,0.17487850506537042,-0.6426649404159931,1,0.013934267737726918,-1.109762475828853,1,1,1.0,0,0,1,0,0,0,0,0,0,0,0,0,0,0,0,0,0,1,0,0
0,0,0,1,-0.30468611002455576,2,0,-0.9915226157464192,-0.6383867519743024,0,-0.5045034402181529,-0.031297311737476054,0,0,2.0,1,0,0,0,0,1,0,0,0,0,0,1,0,0,0,0,0,0,0,0
1,0,0,0,-1.2002122764736234,1,1,-1.5091857020810966,-0.9785356422305789,1,-0.09978540891128822,-1.109762475828853,0,1,0.0,0,0,0,1,1,0,1,0,1,0,1,0,1,0,1,0,0,0,1,0
1,0,0,0,-1.2409180113122174,0,1,0.5067138168183688,-0.9294571420046185,1,2.418841522441792,-0.5705298937831644,1,1,0.0,0,0,1,0,0,0,0,0,0,0,0,0,0,0,0,1,0,1,0,1
0,0,1,1,-0.7931549280876836,2,0,-1.5058673489635668,-0.892511145410735,1,-0.4989353047082832,-1.109762475828853,0,1,1.0,0,0,0,1,1,0,1,0,1,0,1,0,1,0,1,0,0,0,1,0
0,1,1,0,-0.30468611002455576,0,1,1.113972437326356,0.09441207951756382,1,-0.22347078263762687,1.0471678523539008,0,1,2.0,0,0,1,0,0,0,0,1,0,1,0,0,0,1,0,1,0,1,0,1
1,0,0,0,-0.9152721326034655,0,1,0.5233055824060188,-0.662805335233799,1,0.18510266481127316,-0.5705298937831644,1,0,1.0,0,1,1,0,0,0,0,1,0,0,0,0,0,0,0,0,0,0,0,1
1,0,1,0,1.4049547531963917,1,0,1.4922646927247742,2.2084514736941823,1,-0.4736293198609542,1.5864004343995892,0,0,3.0,0,1,1,0,0,1,0,1,0,1,0,0,0,1,0,1,1,0,0,0
0,0,1,1,1.6084834273893616,2,0,0.8634367769528422,1.9100971935990392,1,-0.5162711537532939,2.1256330164452777,0,0,3.0,0,1,0,0,0,1,0,1,0,1,0,1,0,1,0,1,1,0,0,0
0,0,0,0,-0.9559778674420595,0,0,-1.4859572302583868,-0.9044242547637508,1,-0.4277011347422456,-1.109762475828853,0,0,1.0,0,0,0,1,1,0,1,0,1,0,1,0,1,0,1,0,0,0,0,0
1,1,0,0,0.7129572609402939,0,1,0.17985603474166512,0.5069172030081799,1,-0.5008949459823114,0.5079352703082123,0,0,3.0,0,1,0,0,0,1,0,1,0,0,0,0,0,1,0,0,0,0,0,0
0,0,1,0,-0.6710377235719016,0,1,1.1637477340893057,-0.3354910103025948,1,0.017660005468595603,0.5079352703082123,0,1,1.0,0,1,1,0,0,0,0,1,0,0,0,0,0,1,0,1,0,1,0,1
0,0,0,0,-0.8338606629262776,1,1,0.6709722961361032,-0.5793258120510635,1,0.09454568409652242,-0.031297311737476054,0,0,1.0,0,0,1,0,0,1,0,0,0,0,0,0,0,1,0,0,1,0,0,0
0,0,0,0,-0.9559778674420595,0,1,0.34079616094186965,-0.7307956223148233,1,0.20625007533656756,-1.109762475828853,1,0,1.0,0,1,1,0,0,0,0,0,0,0,0,0,0,0,0,0,1,0,0,0
1,0,0,0,0.1023712383613841,2,0,-1.5158224083161567,-0.7114669863295434,1,-0.5981686894152698,-1.109762475828853,0,1,2.0,0,0,0,1,1,0,1,0,1,0,1,0,1,0,1,0,0,0,1,0
0,0,1,1,-0.5082147842175256,1,0,0.3673429858821094,-0.31179642816399966,1,-0.2429803483445567,0.5079352703082123,0,0,1.0,0,1,0,0,0,1,0,0,0,0,0,0,0,1,0,1,0,0,0,0
1,0,1,0,-0.7931549280876836,0,1,-0.3477621109456021,-0.6987640575719077,0,-0.21185995461420534,1.0471678523539008,0,1,1.0,1,0,0,0,0,1,0,0,0,0,0,1,0,1,0,1,0,1,0,1
1,0,1,1,-0.9559778674420595,0,0,1.266616680732735,-0.5830993936509137,1,0.5275441491094808,1.0471678523539008,0,1,1.0,0,0,1,0,0,0,0,0,0,1,0,1,0,1,0,1,0,1,0,0
1,0,1,1,1.3235432835192036,2,0,-1.4942531130522119,-0.441743659651869,1,-0.6250246212361023,-1.109762475828853,0,1,3.0,0,0,0,1,1,0,1,0,1,0,1,0,1,0,1,0,0,0,1,0
0,0,0,0,0.346605647392948,1,1,-1.3299946337344775,-0.5866974598275152,1,-0.5916110146717963,-1.109762475828853,0,1,2.0,0,1,0,1,1,0,1,0,1,0,1,0,1,0,1,0,0,0,1,0
0,0,1,0,1.0386031396490458,0,1,1.233433149557435,1.5735244300914577,1,-0.46046294160864704,1.0471678523539008,0,0,3.0,0,1,1,0,0,0,0,0,0,1,0,1,0,1,0,1,1,0,0,1
1,0,0,0,-0.8338606629262776,0,0,0.3258635719129846,-0.6460216728856275,1,0.002418351115041788,0.5079352703082123,0,0,1.0,0,1,0,0,0,0,0,0,0,1,0,0,0,1,0,1,0,0,0,0
0,0,1,1,-0.4675090493789317,0,1,-0.6630056571109506,-0.602493847919912,1,-0.4244557400576706,-1.109762475828853,0,1,1.0,0,0,0,0,0,0,0,0,0,0,0,0,0,0,0,0,0,1,0,0
0,0,0,0,-1.2816237461508113,0,1,0.5067138168183688,-0.9737309075191416,1,3.958135711007363,-0.5705298937831644,1,1,0.0,0,1,1,0,0,0,0,1,0,0,0,0,0,0,0,0,0,0,1,1
1,0,0,0,-1.2816237461508113,0,1,-1.4892755833759168,-1.0001240392901878,1,0.49472378673482853,-1.109762475828853,0,1,0.0,0,0,0,1,1,0,1,0,1,0,1,0,1,0,1,0,0,0,1,0
1,0,0,0,-0.7931549280876836,2,0,-1.4909347599346818,-0.8911289614526502,1,-0.49523376007956293,-1.109762475828853,0,0,1.0,0,0,0,1,1,0,1,0,1,0,1,0,1,0,1,0,1,0,0,0
1,0,0,0,-1.2816237461508113,0,1,-0.6928708351687206,-0.9895931138952565,1,1.8766337814570364,-1.109762475828853,1,0,0.0,0,0,0,0,0,0,0,0,0,0,0,0,0,0,0,0,0,0,0,0
1,0,1,1,-0.8745663977648716,0,1,0.007301672630106309,-0.6915240463628926,1,-0.03452854804940609,-0.031297311737476054,1,0,1.0,0,1,0,0,0,1,0,0,0,0,0,0,0,1,0,0,0,0,0,0
1,0,1,1,1.3642490183577978,1,1,1.2682758572915003,2.0763322388436087,1,-0.48245330250577284,1.5864004343995892,0,0,3.0,0,0,1,0,0,1,0,1,0,1,0,0,0,1,0,1,0,0,0,0
0,0,1,0,1.0386031396490458,1,1,1.517152341106249,1.8548975929872744,1,-0.44377462175712884,1.5864004343995892,0,0,3.0,0,1,1,0,0,1,0,1,0,1,0,0,0,1,0,1,1,0,0,0
1,0,0,1,-1.2816237461508113,0,1,0.8601184238353119,-0.9690578093751409,1,4.571358271165343,-0.031297311737476054,1,1,0.0,0,0,1,0,0,0,0,0,0,0,0,0,0,1,0,1,0,1,0,1
0,0,1,1,-0.06045170099299184,2,0,-1.457751228759382,-0.7027789728787251,1,-0.5841736518529789,-1.109762475828853,0,1,2.0,0,0,0,1,1,0,1,0,1,0,1,0,1,0,1,0,0,0,1,0
0,0,0,0,-1.2816237461508113,0,0,-1.4942531130522119,-1.000189857573906,1,0.4860868492678146,-1.109762475828853,0,1,0.0,0,0,0,1,1,0,1,0,1,0,1,0,1,0,1,0,0,0,1,0
0,0,1,1,-0.7117434584104956,0,0,-1.4892755833759168,-0.8841741628064145,1,-0.5154380245113275,-1.109762475828853,0,1,1.0,0,0,0,1,1,0,1,0,1,0,1,0,1,0,1,0,0,0,1,0
0,0,1,1,-1.0780950719578415,0,1,-0.5352490620860464,-0.8784479721229207,1,0.14307704700640933,-0.5705298937831644,0,1,0.0,0,0,0,0,0,0,0,0,0,0,0,1,0,0,0,0,0,0,1,0
1,0,0,0,1.2421318138420157,2,0,-1.3167212212643575,-0.3247187512006965,1,-0.6143129648889125,-1.109762475828853,0,1,3.0,0,1,0,1,1,0,1,0,1,0,1,0,1,0,1,0,0,0,1,0
0,1,1,1,1.5677776925507676,1,0,0.14169497389007057,1.177342240962985,1,-0.5490661004824321,0.5079352703082123,0,1,3.0,0,1,0,0,0,1,0,1,0,0,0,0,0,1,0,0,0,1,0,0
1,0,0,0,-1.2816237461508113,0,1,-0.6596873039934208,-0.9891543253371344,1,1.9342133645704618,-1.109762475828853,1,1,0.0,0,0,0,0,0,0,0,0,0,0,0,0,0,0,0,0,0,0,1,1
1,0,1,0,-0.6303319887333076,0,1,0.1815152113004305,-0.4762105008923625,1,-0.2093465601132225,-1.109762475828853,0,0,1.0,0,0,1,0,0,0,0,0,0,0,0,0,0,0,0,0,0,0,0,1
1,0,0,0,-1.2002122764736234,0,0,-0.6464138915233006,-0.9467454111946305,1,0.6487491715632414,-1.109762475828853,1,1,0.0,0,0,0,0,0,0,0,0,0,0,0,0,0,0,0,0,0,0,1,0
1,0,0,0,-1.2816237461508113,0,1,-1.4826388771408567,-1.0000362815785633,1,0.5062397033575136,-1.109762475828853,0,1,0.0,0,0,0,1,1,0,1,0,1,0,1,0,1,0,1,0,0,0,1,0
1,0,0,1,1.2014260790034217,2,1,-1.3449272227633626,-0.38891351725396434,1,-0.6151455268173631,-1.109762475828853,0,1,3.0,0,1,0,1,1,0,1,0,1,0,1,0,1,0,1,0,0,0,1,0
0,0,0,0,0.8350744654560759,2,0,1.1471559685016557,1.3711770865134367,1,-0.44755542803061554,1.5864004343995892,0,1,3.0,0,0,1,0,0,1,0,1,0,1,0,1,0,0,0,1,0,0,1,0
0,0,1,1,-0.6710377235719016,0,0,0.27608827515003487,-0.4842403315059975,1,-0.1635463296236548,-0.5705298937831644,0,0,1.0,0,0,1,0,0,0,0,1,0,0,0,0,0,0,0,0,0,0,0,0
1,1,1,0,1.6084834273893616,2,1,0.0006649663950462456,0.9858110353426746,0,-0.5572867472039531,2.1256330164452777,0,0,3.0,1,0,0,0,0,1,0,1,0,1,0,1,0,1,0,1,1,0,0,0
0,0,0,0,-0.9152721326034655,0,0,-0.9517023783360593,-0.8448148291428592,0,-0.280245056896319,-0.031297311737476054,0,1,1.0,1,0,0,0,0,0,0,1,0,0,0,1,0,0,0,0,0,1,0,0
1,0,1,1,-0.5489205190561197,2,0,-1.4842980536996218,-0.8389350624640226,1,-0.5434360968002305,-1.109762475828853,0,1,1.0,0,0,0,1,1,0,1,0,1,0,1,0,1,0,1,0,0,0,1,0
0,0,1,1,0.1023712383613841,2,1,-1.4959122896109767,-0.6845034294329384,1,-0.5962493699781556,-1.109762475828853,0,1,2.0,0,0,0,1,1,0,1,0,1,0,1,0,1,0,1,0,0,0,1,0
0,1,0,0,-0.7931549280876836,0,1,0.9994892547715714,-0.44288450990298656,1,0.12210162744366154,-0.031297311737476054,0,1,1.0,0,1,1,0,0,0,0,0,0,0,0,0,0,1,0,1,0,1,0,1
0,1,0,0,-1.2409180113122174,0,0,-1.3465863993221274,-0.9905584487231254,0,0.27496171118525514,-1.109762475828853,1,1,0.0,1,0,0,0,0,0,0,0,0,0,0,0,0,0,0,0,0,1,0,1
0,1,0,0,-0.7117434584104956,0,0,0.7987288911610074,-0.44363045045179417,1,-0.019173992552492716,-0.031297311737476054,0,0,1.0,0,1,1,0,0,0,0,1,0,0,0,0,0,1,0,0,1,0,0,0
0,0,1,0,-0.9152721326034655,0,1,-1.472683817788267,-0.8980179418151677,1,-0.44460859414736953,-1.109762475828853,0,1,1.0,0,0,0,1,1,0,1,0,1,0,1,0,1,0,1,0,0,0,1,0
0,0,1,0,-0.8338606629262776,0,0,-0.6314813024944159,-0.7869166788986439,1,-0.2531464139345461,-1.109762475828853,0,0,1.0,0,0,0,0,0,0,0,0,0,0,0,0,0,0,0,0,0,0,0,0
0,1,1,0,-0.06045170099299184,1,1,0.8551408941590172,0.23526320667476813,1,-0.33334259291511975,-0.031297311737476054,0,1,2.0,0,1,1,0,0,0,0,0,0,1,0,0,0,1,0,0,0,1,0,0
1,1,1,0,0.46872285190873,1,0,0.7788187724558276,0.708013999195553,1,-0.4335230703681585,-0.031297311737476054,0,1,2.0,0,1,1,0,0,0,0,1,0,0,0,0,0,0,0,1,0,0,1,1
0,0,0,0,-0.5896262538947137,0,1,0.6726314726948681,-0.3270882094145559,1,-0.14334890929315608,-0.5705298937831644,0,1,1.0,0,1,1,0,0,0,0,0,0,0,0,0,0,1,0,0,0,1,0,1
0,0,1,1,0.428017117070136,2,0,0.34079616094186965,0.419049794244223,1,-0.46292937059255035,1.0471678523539008,0,0,2.0,0,0,0,0,0,1,0,0,0,1,0,0,0,1,0,1,0,0,0,0
0,0,0,0,-0.7117434584104956,0,1,1.2052271480584305,-0.36949712355706,1,0.06899474408993984,1.0471678523539008,0,1,1.0,0,0,1,0,0,0,0,1,0,1,0,0,0,1,0,1,0,1,0,1
0,0,1,0,-0.7117434584104956,0,0,0.3457736906181643,-0.5198699624255145,1,-0.11741915623977475,-0.5705298937831644,0,0,1.0,0,0,1,0,0,0,0,1,0,0,0,0,0,0,0,0,0,0,0,0
0,1,1,0,-1.2816237461508113,0,1,-1.3316538102932427,-0.9980397936391076,0,0.7682268065235989,-1.109762475828853,1,1,0.0,1,0,0,0,0,0,0,0,0,0,0,0,0,0,0,0,0,1,0,1
0,0,1,1,0.5094285867473239,1,1,-1.2951519260004127,-0.4750915900691511,1,-0.594907237183362,-1.109762475828853,0,0,2.0,0,1,0,1,1,0,1,0,1,0,1,0,1,0,1,0,1,0,0,0
1,0,1,0,0.590840056424512,2,0,-1.5025489958460367,-0.5819366039718902,1,-0.6126035710152327,-1.109762475828853,0,1,2.0,0,0,0,1,1,0,1,0,1,0,1,0,1,0,1,0,0,0,1,0
1,0,0,0,-0.1418631706701798,1,1,-0.20507292689181286,-0.26464859759377657,1,-0.4342268208284338,0.5079352703082123,0,1,2.0,0,0,0,0,0,1,0,1,0,0,0,1,0,0,0,0,0,1,0,0
0,0,1,1,0.631545791263106,2,0,0.48846287467195404,0.6893216066195502,1,-0.47255445489407094,1.0471678523539008,0,1,2.0,0,1,0,0,0,0,0,1,0,0,0,1,0,1,0,1,0,1,0,0
0,0,0,0,-0.9966836022806536,2,0,-1.4909347599346818,-0.9467892900504428,1,-0.40383759640745925,-1.109762475828853,0,1,1.0,0,0,0,1,1,0,1,0,1,0,1,0,1,0,1,0,0,0,1,0
1,0,1,1,1.2014260790034217,0,1,1.3462571555534548,1.8375873843693569,1,-0.4669009493412108,1.0471678523539008,0,1,3.0,0,1,1,0,0,1,0,1,0,0,0,0,0,1,0,1,0,1,0,0
1,0,0,1,1.3642490183577978,2,1,-1.3150620447055927,-0.2744774612957124,1,-0.6162613784872703,-1.109762475828853,0,0,3.0,0,1,0,1,1,0,1,0,1,0,1,0,1,0,1,0,1,0,0,0
0,0,0,0,-1.2002122764736234,0,0,-1.4909347599346818,-0.981014797583969,1,-0.08395102355509623,-1.109762475828853,0,1,0.0,0,0,0,1,1,0,1,0,1,0,1,0,1,0,1,0,0,0,1,0
0,0,0,0,-0.019745966154397852,1,1,1.4806504568134191,0.5742273678241149,1,-0.2774533195332438,1.5864004343995892,0,0,2.0,0,1,1,0,0,1,0,0,0,1,0,1,0,1,0,1,0,0,0,0
1,1,0,0,-0.6710377235719016,0,1,-0.8604476676039847,-0.7106113486412053,0,-0.39555817922775105,-0.031297311737476054,0,1,1.0,1,0,0,0,0,0,0,1,0,0,0,0,0,1,0,0,0,0,1,1
0,0,0,0,0.30589991255435406,1,1,1.3611897445823398,0.893314407290529,1,-0.36215871659825627,1.0471678523539008,0,0,2.0,0,1,1,0,0,0,0,0,0,1,0,1,0,1,0,1,1,0,0,0
0,0,0,0,-0.9966836022806536,2,0,-1.4826388771408567,-0.9322873282045062,1,-0.40063873067893563,-1.109762475828853,0,1,1.0,0,0,0,1,1,0,1,0,1,0,1,0,1,0,1,0,0,0,1,0
0,0,1,1,-1.1595065416350294,0,1,-0.21336880968563784,-0.9102601425867752,1,0.6876153901648033,-0.031297311737476054,0,1,0.0,0,1,0,0,0,0,0,1,0,0,0,1,0,0,0,0,0,0,1,0
1,0,1,1,1.5270719577121736,2,1,0.4751894622018339,1.5061484469918047,1,-0.5312065177389566,1.5864004343995892,0,0,3.0,0,1,0,0,0,1,0,1,0,1,0,1,0,1,0,0,0,0,0,0
1,0,0,1,-1.2816237461508113,0,1,-1.3150620447055927,-0.9978203993600465,0,0.7970165980803116,-1.109762475828853,1,1,0.0,1,0,0,0,0,0,0,0,0,0,0,0,0,0,0,0,0,1,0,1
1,0,1,0,1.4456604880349857,0,1,1.4192609241391145,2.2034054052757774,1,-0.4799984169700479,1.5864004343995892,0,1,3.0,0,1,1,0,0,1,0,1,0,0,0,1,0,1,0,1,0,1,0,0
1,0,1,1,0.46872285190873,1,1,-0.3527396406218973,0.0077952181442549695,0,-0.5207881274422832,1.0471678523539008,0,1,2.0,1,0,0,0,0,0,0,0,0,1,0,1,0,1,0,1,0,1,0,0
0,0,0,0,-1.0373893371192475,0,0,-0.07067962563184861,-0.8253764960180489,1,0.2442526001914282,0.5079352703082123,0,0,1.0,0,0,0,0,0,0,0,0,0,1,0,1,0,0,0,1,0,0,0,0
0,1,0,0,1.5677776925507676,2,0,0.8269348926600121,1.7525721012331936,1,-0.5160378118354255,2.1256330164452777,0,1,3.0,0,1,0,0,0,1,0,1,0,1,0,1,0,1,0,1,0,0,1,0
1,0,0,0,0.428017117070136,0,1,0.4287325185564139,0.4679747184748407,1,-0.45599364808116044,-0.5705298937831644,0,1,2.0,0,1,1,0,0,0,0,1,0,0,0,0,0,0,0,0,0,1,0,1
0,0,0,1,-0.7931549280876836,1,1,1.3014593884668002,-0.43889153402407516,1,0.19695508549111462,1.0471678523539008,0,0,1.0,0,1,1,0,0,0,0,1,0,1,0,0,0,1,0,1,1,0,0,0
1,0,1,1,1.4049547531963917,2,0,-1.3366313399695375,-0.29788683087152806,1,-0.6180016569321163,-1.109762475828853,0,0,3.0,0,1,0,1,1,0,1,0,1,0,1,0,1,0,1,0,0,0,0,0
1,0,0,1,-1.2816237461508113,0,0,-1.4992306427285067,-1.0002556758576244,1,0.4774499118008009,-1.109762475828853,0,1,0.0,0,0,0,1,1,0,1,0,1,0,1,0,1,0,1,0,0,0,1,1
1,0,1,1,0.5501343215859179,1,1,-1.4842980536996218,-0.637882145132462,1,-0.6102529151620649,-1.109762475828853,0,0,2.0,0,0,0,1,1,0,1,0,1,0,1,0,1,0,1,0,0,0,0,0
0,0,1,1,1.3642490183577978,1,1,1.2450473854687905,1.8937303803810832,1,-0.4836564579738145,1.0471678523539008,0,0,3.0,0,1,1,0,0,0,0,1,0,1,0,0,0,1,0,1,1,0,0,1
1,0,1,1,0.30589991255435406,0,1,0.3192268656779245,0.31435484427628235,1,-0.4503537853671126,0.5079352703082123,0,1,2.0,0,1,0,0,0,0,0,0,0,1,0,0,0,1,0,1,0,1,0,0
0,0,1,1,1.4049547531963917,1,1,0.9762607829488613,1.773633952023056,1,-0.49996351154959434,0.5079352703082123,0,0,3.0,0,1,1,0,0,1,0,0,0,0,0,1,0,0,0,1,1,0,0,1
0,0,1,1,0.1023712383613841,0,1,-1.3001294556767078,-0.6216689079098492,1,-0.5773760621798663,-1.109762475828853,0,1,2.0,0,1,0,1,1,0,1,0,1,0,1,0,1,0,1,0,0,1,0,0
1,0,1,1,0.26519417771576004,1,0,0.5000771105833088,0.38772029119430274,1,-0.4294285222356483,1.5864004343995892,0,0,2.0,0,0,0,0,0,1,0,0,0,1,0,1,0,1,0,1,1,0,0,1
1,0,0,0,-1.2816237461508113,0,0,0.1815152113004305,-0.9780310353887384,1,3.393855796495795,-1.109762475828853,1,1,0.0,0,0,1,0,0,0,0,0,0,0,0,0,0,0,0,0,0,1,0,1
1,0,1,1,1.2421318138420157,2,1,-1.5191407614336867,-0.4924456775428813,1,-0.6252890729199092,-1.109762475828853,0,1,3.0,0,0,0,1,1,0,1,0,1,0,1,0,1,0,1,0,0,0,1,0
1,0,0,1,-1.2816237461508113,0,0,-0.5302715324097512,-0.9874430499604583,1,2.158773738712821,-0.5705298937831644,1,1,0.0,0,0,0,0,0,0,0,0,0,1,0,0,0,0,0,0,0,1,0,1
0,0,0,0,-1.2816237461508113,0,1,0.665994766459808,-0.9716247224401553,1,4.234517709951804,-0.5705298937831644,1,1,0.0,0,1,1,0,0,0,0,0,0,0,0,0,0,0,0,1,0,1,0,1
1,0,0,0,-0.9152721326034655,0,0,-1.4909347599346818,-0.9275703512046932,1,-0.45036655245871204,-1.109762475828853,0,1,1.0,0,0,0,1,1,0,1,0,1,0,1,0,1,0,1,0,0,1,0,0
1,0,0,0,-1.2816237461508113,0,1,0.33250027814804467,-0.9760345474492829,1,3.65584289966188,-1.109762475828853,1,1,0.0,0,1,1,0,0,0,0,0,0,0,0,0,0,0,0,0,0,1,0,1
0,0,1,1,1.2828375486806096,1,1,0.9264854861859115,1.6153629191084031,1,-0.49524641493299454,0.5079352703082123,0,1,3.0,0,1,1,0,0,0,0,1,0,1,0,0,0,0,0,1,0,1,0,0
0,0,0,0,-0.6710377235719016,1,0,-1.4876164068171518,-0.8691237152628254,1,-0.5235880757976027,-1.109762475828853,0,0,1.0,0,0,0,1,1,0,1,0,1,0,1,0,1,0,1,0,0,0,0,0
0,0,1,0,1.5677776925507676,2,1,0.5150096996121938,1.475608763346504,1,-0.5310724807594867,1.0471678523539008,0,0,3.0,0,1,0,0,0,0,0,0,0,1,0,1,0,1,0,1,0,0,0,0
1,0,0,1,-0.9152721326034655,0,0,1.0044667844478665,-0.6006728754037051,1,0.33690338392848534,-0.031297311737476054,1,1,1.0,0,1,1,0,0,0,0,0,0,0,0,0,0,1,0,1,0,1,0,1
1,1,1,0,-0.38609757970174374,0,1,1.31141444781939,-0.05023456866739696,1,-0.15856456667290986,1.0471678523539008,0,1,1.0,0,1,1,0,0,0,0,1,0,1,0,0,0,1,0,1,0,1,0,0
0,0,0,0,-1.2816237461508113,0,1,0.680927355488693,-0.9714272675890004,1,4.260428522352846,-0.5705298937831644,1,1,0.0,0,1,1,0,0,0,0,0,0,0,0,0,0,0,0,1,0,0,1,1
1,0,0,0,-0.2639803751859618,1,1,-0.44399435135397186,-0.44051505168912697,1,-0.4398781502821589,-1.109762475828853,0,0,2.0,0,1,0,0,0,0,0,0,0,0,0,0,0,0,0,0,1,0,0,0
1,0,0,0,0.8757802002946699,1,0,0.6460846477546283,0.9586280841670085,1,-0.4830298796066916,0.5079352703082123,0,1,3.0,0,0,1,0,0,1,0,0,0,1,0,1,0,0,0,0,0,1,0,0
0,0,0,0,-1.0373893371192475,0,1,0.48846287467195404,-0.7435863087840834,1,0.4868065940567326,-0.5705298937831644,1,1,1.0,0,1,1,0,0,1,0,0,0,0,0,0,0,0,0,0,0,0,1,1
1,0,0,0,-1.1188008067964355,0,1,-1.5158224083161567,-0.971163994454127,1,-0.29027786304487035,-1.109762475828853,0,1,0.0,0,0,0,1,1,0,1,0,1,0,1,0,1,0,1,0,0,0,1,0
0,0,1,1,0.14307697319997809,0,1,1.0758113764747608,0.508365205249983,1,-0.35675375111681146,0.5079352703082123,0,0,2.0,0,1,1,0,0,0,0,1,0,1,0,0,0,1,0,0,0,0,0,1
0,0,0,0,-0.9152721326034655,0,0,0.7141108866639929,-0.6443542763647634,1,0.24529950170258144,-0.5705298937831644,1,1,1.0,0,1,1,0,0,0,0,0,0,0,0,0,0,0,0,1,0,1,0,1
1,0,1,0,-1.2002122764736234,0,1,-1.3714740477036023,-0.9698476287797606,1,0.019692226049069433,-1.109762475828853,0,1,0.0,0,1,0,1,1,0,1,0,1,0,1,0,1,0,1,0,0,0,1,0
0,0,1,0,-1.1188008067964355,0,0,0.10021555992094577,-0.8552141179703538,1,0.6444307028297345,0.5079352703082123,0,0,0.0,0,1,0,0,0,0,0,0,0,1,0,1,0,1,0,0,0,0,0,1
1,1,1,0,0.7536629957788878,0,1,0.9580098408024466,1.0757407503298053,1,-0.4520174356109152,0.5079352703082123,0,0,3.0,0,1,1,0,0,1,0,0,0,1,0,0,0,1,0,0,0,0,0,1
0,0,0,0,-0.8338606629262776,0,0,-1.5091857020810966,-0.9008700674429616,1,-0.48745102521917694,-1.109762475828853,0,1,1.0,0,0,0,1,1,0,1,0,1,0,1,0,1,0,1,0,0,0,1,0
0,0,0,0,0.020959768684196134,1,1,0.4984179340245439,0.16915971039366892,1,-0.38895346234121103,-0.031297311737476054,0,0,2.0,0,0,1,0,0,0,0,1,0,0,0,1,0,0,0,0,0,0,0,0
0,0,0,0,-0.10115743583158582,0,1,-0.5352490620860464,-0.3346134331863505,1,-0.47846403817740407,-0.5705298937831644,0,1,2.0,0,0,0,0,0,1,0,0,0,0,0,0,0,0,0,0,0,0,1,0
0,0,1,0,1.5677776925507676,2,1,1.6664782313950985,2.535656101485856,1,-0.47557216036960165,2.1256330164452777,0,0,3.0,0,1,1,0,0,1,0,1,0,1,0,1,0,1,0,1,1,0,0,0
0,1,0,0,-1.2816237461508113,0,1,0.14335415044883548,-0.9785356422305789,1,3.3276392759153555,-1.109762475828853,1,1,0.0,0,0,1,0,0,0,0,0,0,0,0,0,0,0,0,0,0,1,0,1
0,0,1,1,-1.2409180113122174,0,0,0.1815152113004305,-0.9443540135528649,1,2.0426549127674134,-1.109762475828853,1,1,0.0,0,0,1,0,0,0,0,0,0,0,0,0,0,0,0,0,0,1,0,1
1,0,0,0,-0.7931549280876836,2,0,-1.4925939364934466,-0.902010917694079,1,-0.49564504281608746,-1.109762475828853,0,1,1.0,0,0,0,1,1,0,1,0,1,0,1,0,1,0,1,0,0,0,1,0
1,0,1,1,-0.5896262538947137,0,1,0.6859048851649877,-0.30620187404794247,1,-0.14092450579364343,-0.031297311737476054,0,1,1.0,0,0,1,0,0,0,0,0,0,0,0,1,0,0,0,1,0,1,0,0
0,1,1,0,1.3642490183577978,1,0,-0.6430955384057709,0.3194009126946869,0,-0.5814558095903489,0.5079352703082123,0,0,3.0,1,0,0,0,0,0,0,1,0,1,0,0,0,1,0,0,0,0,0,0
0,0,1,0,1.4049547531963917,2,1,-1.3167212212643575,-0.24843536037116382,1,-0.6169855466418794,-1.109762475828853,0,0,3.0,0,1,0,1,1,0,1,0,1,0,1,0,1,0,1,0,1,0,0,0
1,0,0,0,-0.9966836022806536,0,1,-1.3167212212643575,-0.9271754415023833,0,-0.33666141610846306,-1.109762475828853,1,0,1.0,1,0,0,0,0,0,0,0,0,0,0,0,0,0,0,0,1,0,0,0
0,0,1,1,-1.2002122764736234,0,1,0.5100321699358986,-0.8992026709220974,1,1.6520734073146777,-0.5705298937831644,1,1,0.0,0,0,1,0,0,0,0,0,0,0,0,0,0,0,0,1,0,1,0,1
0,0,1,1,0.18378270803857208,2,1,-1.3548822821159523,-0.6307518310629773,1,-0.5867116992665312,-1.109762475828853,0,0,2.0,0,1,0,1,1,0,1,0,1,0,1,0,1,0,1,0,0,0,0,0
1,1,1,0,1.4863662228735797,2,1,1.4939238692835393,2.340899799963348,1,-0.4788647071658892,1.5864004343995892,0,1,3.0,0,1,1,0,0,0,0,1,0,1,0,1,0,1,0,1,0,1,0,0
1,0,1,1,0.7536629957788878,1,1,-1.3598598117922474,-0.4752012872086816,1,-0.6067072002444829,-1.109762475828853,0,1,3.0,0,1,0,1,1,0,1,0,1,0,1,0,1,0,1,0,0,0,1,0
1,0,0,0,-1.0780950719578415,0,0,-1.5257774676687466,-0.9605891902033837,1,-0.3479945404038039,-1.109762475828853,0,1,0.0,0,0,0,1,1,0,1,0,1,0,1,0,1,0,1,0,0,0,1,0
1,0,1,0,-0.10115743583158582,1,0,-1.4677062881119718,-0.751308987407033,1,-0.5828502501443236,-1.109762475828853,0,0,2.0,0,0,0,1,1,0,1,0,1,0,1,0,1,0,1,0,1,0,0,0
0,0,1,1,1.5270719577121736,2,0,-1.3565414586747175,-0.23456964193450447,1,-0.6207387145801136,-1.109762475828853,0,1,3.0,0,1,0,1,1,0,1,0,1,0,1,0,1,0,1,0,0,0,1,0
1,0,1,1,1.0793088744876398,2,1,0.7240659460165827,1.266635712540839,1,-0.49324589351969467,2.1256330164452777,0,1,3.0,0,0,0,0,0,1,0,1,0,1,0,1,0,1,0,1,0,1,0,0
1,1,0,0,0.387311382231542,0,1,0.4785078153193637,0.4584310673356843,1,-0.447238021198638,-0.5705298937831644,0,0,2.0,0,1,1,0,0,0,0,1,0,0,0,0,0,0,0,0,0,0,0,0
0,0,0,0,-1.2816237461508113,0,0,-1.5025489958460367,-1.0002995547134366,1,0.47169195348945825,-1.109762475828853,0,1,0.0,0,0,0,1,1,0,1,0,1,0,1,0,1,0,1,0,0,0,1,0
0,0,0,0,-1.2002122764736234,0,0,-1.5307549973450416,-0.9843495906256972,1,-0.11849877342315142,-1.109762475828853,0,1,0.0,0,0,0,1,1,0,1,0,1,0,1,0,1,0,1,0,0,0,1,0
1,0,0,0,-1.2409180113122174,0,0,1.0193993734767515,-0.9355124241067038,1,3.0119112285100735,0.5079352703082123,1,1,0.0,0,0,1,0,0,0,0,1,0,0,0,0,0,1,0,1,0,1,0,1
0,0,1,1,-0.7931549280876836,2,1,-1.4992306427285067,-0.9006726125918068,1,-0.4972901737621853,-1.109762475828853,0,0,1.0,0,0,0,1,1,0,1,0,1,0,1,0,1,0,1,0,0,0,0,0
0,0,0,0,-0.4268033145403377,0,1,-0.5020655309107466,-0.5486106129825142,1,-0.41040222520686426,-0.5705298937831644,0,1,1.0,0,0,0,0,0,1,0,0,0,0,0,0,0,0,0,0,0,1,0,0
0,0,1,0,0.8350744654560759,1,1,1.5553134019578436,1.5403300756695186,1,-0.42132472905672175,1.5864004343995892,0,0,3.0,0,1,1,0,0,0,0,1,0,1,0,1,0,1,0,1,0,0,0,0
0,0,1,1,0.46872285190873,1,0,0.9779199595076267,0.8758286832493624,1,-0.41816851487124507,0.5079352703082123,0,1,2.0,0,1,1,0,0,0,0,1,0,1,0,0,0,0,0,1,0,1,0,0
1,0,1,0,1.6084834273893616,2,1,1.6880475266590431,2.687827973442611,1,-0.4770697115514139,2.1256330164452777,0,0,3.0,0,1,1,0,0,1,0,1,0,1,0,1,0,1,0,1,0,0,0,0
1,0,1,0,1.5270719577121736,2,0,1.6382722298960932,2.608582759845754,1,-0.47435681666499707,2.1256330164452777,0,0,3.0,0,1,1,0,0,1,0,1,0,1,0,1,0,1,0,1,1,0,0,0
1,0,0,0,-1.2816237461508113,0,0,-1.4992306427285067,-1.0002556758576244,1,0.4774499118008009,-1.109762475828853,0,0,0.0,0,0,0,1,1,0,1,0,1,0,1,0,1,0,1,0,0,0,0,0
0,0,0,0,-1.0373893371192475,0,0,-0.11713656927726834,-0.8163374517207329,1,0.22409974610172934,0.5079352703082123,1,1,1.0,0,0,0,0,0,1,0,1,0,1,0,0,0,0,0,0,0,1,0,0
0,1,1,0,1.6084834273893616,2,1,1.5752235206630238,2.5219439590445396,1,-0.4824332891565001,1.5864004343995892,0,1,3.0,0,1,1,0,0,1,0,1,0,1,0,0,0,1,0,1,0,1,0,0
0,0,1,1,-1.1595065416350294,0,1,0.46357522629047915,-0.8773948795834275,1,1.1574647883703542,-0.5705298937831644,1,1,0.0,0,0,1,0,0,0,0,0,0,0,0,0,0,1,0,0,0,0,1,0
0,1,1,0,-0.8745663977648716,0,1,1.1488151450604207,-0.512564132932781,1,0.2955943951342324,0.5079352703082123,1,1,1.0,0,1,1,0,0,0,0,0,0,1,0,0,0,1,0,1,0,1,0,1
0,0,1,1,-0.4268033145403377,0,0,0.6095827634617982,-0.19896195044289344,1,-0.24267039613732092,-0.031297311737476054,0,1,1.0,0,0,1,0,0,0,0,1,0,0,0,0,0,0,0,1,0,1,0,1
0,1,1,0,1.1200146093262338,1,1,1.1803394996769556,1.636534467037796,1,-0.47001740869265307,0.5079352703082123,0,0,3.0,0,1,1,0,0,0,0,0,0,1,0,0,0,1,0,1,1,0,0,0
0,0,0,0,-0.2639803751859618,1,1,0.7373393584867028,-0.011072689854996697,1,-0.28803865703490383,0.5079352703082123,0,0,2.0,0,0,1,0,0,1,0,0,0,1,0,1,0,0,0,0,1,0,0,0
1,0,0,0,0.18378270803857208,0,0,1.1239274966789456,0.5161098233008387,1,-0.36033302249953786,0.5079352703082123,0,0,2.0,0,1,1,0,0,0,0,0,0,0,0,1,0,1,0,1,0,0,0,1
0,0,0,0,-1.0780950719578415,0,1,1.4922646927247742,-0.7151747496456754,1,1.1482520550722064,1.5864004343995892,0,0,0.0,0,1,1,0,0,0,0,1,0,1,0,1,0,1,0,1,1,0,0,1
1,0,0,0,0.14307697319997809,0,1,0.6576988836659831,0.32944917067568374,1,-0.39597011583190117,-0.5705298937831644,0,1,2.0,0,1,1,0,0,0,0,0,0,0,0,0,0,0,0,1,0,1,0,1
1,0,0,0,1.6084834273893616,2,0,0.1566275629189556,1.1447621905224168,1,-0.5498723899263339,1.0471678523539008,0,0,3.0,0,1,0,0,0,1,0,1,0,1,0,1,0,0,0,0,0,0,0,0
1,0,1,0,1.2421318138420157,2,1,1.4989013989598339,1.9334626843190426,1,-0.46163710153972065,2.1256330164452777,0,0,3.0,0,0,1,0,0,1,0,1,0,1,0,1,0,1,0,1,1,0,0,0
1,0,0,1,-0.22327464034736777,2,0,-1.5008898192872717,-0.7854467372289349,1,-0.5787241555940298,-1.109762475828853,0,0,2.0,0,0,0,1,1,0,1,0,1,0,1,0,1,0,1,0,1,0,0,0
0,0,0,0,-1.2409180113122174,0,1,-0.3278519922404224,-0.9638362255334875,1,1.4534238455733601,-0.031297311737476054,0,0,0.0,0,0,0,0,0,0,0,1,0,0,0,1,0,0,0,0,1,0,0,1
0,0,0,0,0.1023712383613841,0,1,-1.044616265626899,-0.49297222381262795,0,-0.5527447960702343,-0.031297311737476054,0,1,2.0,1,0,0,0,0,0,0,0,0,1,0,1,0,0,0,0,0,0,1,0
0,0,0,1,-0.7117434584104956,1,0,-1.5025489958460367,-0.8901855660526877,1,-0.5183170036669987,-1.109762475828853,0,1,1.0,0,0,0,1,1,0,1,0,1,0,1,0,1,0,1,0,0,0,1,0
0,1,0,0,-0.7931549280876836,0,1,0.3109309828840996,-0.59630692925039,1,-0.04858070821399211,-0.5705298937831644,0,1,1.0,0,0,1,0,0,0,0,0,0,1,0,0,0,0,0,0,0,1,0,1
0,1,1,0,1.3235432835192036,0,0,0.9779199595076267,1.679162775459361,1,-0.4950343502679147,1.0471678523539008,0,1,3.0,0,0,1,0,0,1,0,1,0,1,0,0,0,0,0,1,0,1,0,0
0,0,0,0,-0.9559778674420595,0,1,0.32254521879545484,-0.7002120598137107,1,0.1999163211940908,1.0471678523539008,1,1,1.0,0,0,0,0,0,1,0,1,0,0,0,0,0,1,0,1,0,1,0,1
1,0,0,0,-1.2409180113122174,0,0,1.1703844403243657,-0.9218222210932934,1,3.186569297287463,1.0471678523539008,1,1,0.0,0,0,1,0,0,1,0,1,0,0,0,0,0,1,0,1,0,1,0,0
0,0,0,0,-0.9152721326034655,0,1,0.5332606417586087,-0.6499707699087267,1,0.18824336934473263,-0.5705298937831644,1,0,1.0,0,1,1,0,0,0,0,1,0,0,0,0,0,0,0,0,1,0,0,1
1,0,1,1,-0.8745663977648716,2,0,-1.5025489958460367,-0.9098652328844653,1,-0.47117371999288166,-1.109762475828853,0,1,1.0,0,0,0,1,1,0,1,0,1,0,1,0,1,0,1,0,0,0,1,0
0,0,0,0,0.14307697319997809,1,1,-1.5158224083161567,-0.7106332880691114,1,-0.599832964152407,-1.109762475828853,0,0,2.0,0,0,0,1,1,0,1,0,1,0,1,0,1,0,1,0,0,0,0,0
0,1,1,0,-0.22327464034736777,0,0,0.6278337056082129,0.00476757709321222,1,-0.3148862801135843,1.5864004343995892,0,1,2.0,0,1,0,0,0,0,0,1,0,1,0,1,0,1,0,1,0,1,0,0
0,0,1,1,1.6084834273893616,2,1,0.6195378228143881,1.6059509045366835,1,-0.5278659465172303,1.5864004343995892,0,0,3.0,0,1,0,0,0,1,0,1,0,1,0,0,0,1,0,1,1,0,0,0
1,0,1,0,1.1607203441648277,2,1,0.16492344571278056,0.8457058487342778,1,-0.5299141817981099,0.5079352703082123,0,1,3.0,0,1,0,0,0,1,0,0,0,1,0,0,0,0,0,1,0,0,1,0
0,1,1,0,1.0386031396490458,1,1,1.3462571555534548,1.7139806475463522,1,-0.4538266506735404,1.5864004343995892,0,0,3.0,0,0,1,0,0,1,0,1,0,0,0,1,0,1,0,1,1,0,0,1
1,0,1,0,-0.4268033145403377,0,1,0.7323618288104077,-0.19687770479181332,1,-0.22414479113561012,-0.031297311737476054,0,0,1.0,0,0,1,0,0,0,0,0,0,1,0,0,0,1,0,0,0,0,0,0
0,0,0,0,-1.1188008067964355,0,1,0.858459247276547,-0.8090535616559055,1,1.082995194210324,-0.031297311737476054,1,1,0.0,0,1,1,0,0,0,0,1,0,0,0,0,0,1,0,0,0,1,0,1
0,1,0,0,-0.2639803751859618,0,1,0.9978300782128064,0.08682103746205086,1,-0.25455719574302316,0.5079352703082123,0,1,2.0,0,1,1,0,0,1,0,1,0,0,0,0,0,0,0,1,0,1,0,1
1,1,1,1,1.1607203441648277,1,0,1.1305642029140057,1.6103387901179047,1,-0.4758636699077655,0.5079352703082123,0,1,3.0,0,1,1,0,0,0,0,1,0,0,0,0,0,1,0,1,0,1,0,0
1,1,1,0,0.30589991255435406,0,0,1.2251372667636102,0.7840999351739306,1,-0.37367463322094135,0.5079352703082123,0,1,2.0,0,1,1,0,0,1,0,0,0,0,0,0,0,1,0,1,0,1,0,1
1,1,0,0,1.3235432835192036,0,1,1.1338825560315355,1.8415145419645496,1,-0.4868336217638815,1.0471678523539008,0,0,3.0,0,0,1,0,0,0,0,1,0,1,0,0,0,1,0,1,0,0,0,0
1,0,0,0,-1.2002122764736234,0,1,1.4275568069329394,-0.8691237152628254,1,2.4481111438577834,1.5864004343995892,0,1,0.0,0,0,1,0,0,0,0,1,0,1,0,1,0,1,0,1,0,1,0,0
1,0,1,0,-0.22327464034736777,1,0,-0.5385674152035762,-0.3850741173703957,1,-0.45945216200193434,-0.5705298937831644,0,0,2.0,0,0,0,0,0,1,0,0,0,0,0,0,0,0,0,0,1,0,0,0
1,0,0,1,1.4863662228735797,2,1,0.48182616843689396,1.4055342306143999,1,-0.5290412010218741,1.5864004343995892,0,0,3.0,0,1,0,0,0,1,0,1,0,1,0,1,0,1,0,0,1,0,0,0
0,0,1,1,0.8757802002946699,2,1,-0.17023021915774814,0.4155833646350581,1,-0.5345374339554284,-0.031297311737476054,0,0,3.0,0,1,0,0,0,0,0,1,0,1,0,0,0,0,0,0,0,0,0,0
0,0,0,0,-0.1418631706701798,0,0,0.08362379433329585,-0.21861967784676503,1,-0.400830662622647,0.5079352703082123,0,1,2.0,0,1,0,0,0,1,0,1,0,0,0,1,0,0,0,0,0,0,1,0
0,1,0,0,-1.0780950719578415,0,1,0.8103431270723621,-0.7597776065787901,1,0.8101776456490944,-0.031297311737476054,1,1,0.0,0,0,1,0,0,0,0,0,0,0,0,0,0,1,0,1,0,1,0,0
1,0,0,0,-0.5896262538947137,0,0,-1.5158224083161567,-0.8635291611467683,1,-0.5430724362753037,-1.109762475828853,0,1,1.0,0,0,0,1,1,0,1,0,1,0,1,0,1,0,1,0,0,0,1,0
1,0,0,0,-1.2409180113122174,0,1,0.1616050925952503,-0.9498169311014855,1,2.019623079522043,-1.109762475828853,1,0,0.0,0,0,1,0,0,0,0,0,0,0,0,0,0,0,0,0,1,0,0,1
0,0,0,0,-0.4268033145403377,0,1,-1.4892755833759168,-0.8026033698515102,1,-0.5593581032611602,-1.109762475828853,0,1,1.0,0,0,0,1,1,0,1,0,1,0,1,0,1,0,1,0,0,0,1,0
0,0,1,1,-0.2639803751859618,2,0,-1.5025489958460367,-0.7917652924658934,1,-0.5759365726020306,-1.109762475828853,0,0,2.0,0,0,0,1,1,0,1,0,1,0,1,0,1,0,1,0,1,0,0,0
1,0,0,1,-0.8745663977648716,0,0,0.7058150038701679,-0.6169958097658484,1,0.16747982270686113,-0.5705298937831644,1,1,1.0,0,1,1,0,0,0,0,0,0,0,0,0,0,0,0,1,0,1,0,0
1,0,1,1,0.9978974048104517,0,1,0.3109309828840996,0.7542842526495317,1,-0.5122239917470219,-1.109762475828853,0,1,3.0,0,1,1,0,0,0,0,0,0,0,0,0,0,0,0,0,0,1,0,0
1,0,0,0,-1.1595065416350294,0,1,-1.5025489958460367,-0.9792815827793865,1,-0.2071713314178265,-1.109762475828853,0,1,0.0,0,0,0,1,1,0,1,0,1,0,1,0,1,0,1,0,0,0,1,0
1,0,0,0,0.14307697319997809,0,1,0.6626764133422782,0.336930515591666,1,-0.39550325434719763,-0.5705298937831644,0,1,2.0,0,1,1,0,0,0,0,0,0,0,0,0,0,0,0,1,0,1,0,1
1,0,0,0,1.4049547531963917,1,1,-1.5091857020810966,-0.48415257379437304,1,-0.6268079461141696,-1.109762475828853,0,1,3.0,0,0,0,1,1,0,1,0,1,0,1,0,1,0,1,0,0,0,1,0
0,0,0,0,0.9164859351332638,0,1,-0.4771778825292717,0.23405653813993227,1,-0.5557951430327908,-0.5705298937831644,0,0,3.0,0,0,0,0,0,1,0,0,0,0,0,0,0,0,0,0,1,0,0,0
0,0,1,0,-0.22327464034736777,0,0,0.9978300782128064,0.07161701392311916,1,-0.2690282549911063,-0.031297311737476054,0,0,2.0,0,1,1,0,0,0,0,0,0,0,0,0,0,1,0,1,1,0,0,0
1,0,0,0,-1.2816237461508113,0,1,-0.6381180087294758,-0.9888691127743552,1,1.9716400935941887,-1.109762475828853,1,1,0.0,0,0,0,0,0,0,0,0,0,0,0,0,0,0,0,0,0,0,1,1
0,0,0,1,0.7129572609402939,2,0,-1.4859572302583868,-0.5829238782276649,1,-0.6142476939154077,-1.109762475828853,0,0,3.0,0,0,0,1,1,0,1,0,1,0,1,0,1,0,1,0,1,0,0,0
0,0,1,1,1.6084834273893616,2,1,0.9397588986560317,1.926112975970497,1,-0.5126428512557356,2.1256330164452777,0,0,3.0,0,1,0,0,0,1,0,1,0,1,0,1,0,1,0,1,0,0,0,0
0,0,0,0,-1.2002122764736234,0,1,-0.3195561094465974,-0.9228533742048803,1,0.9323286183968609,-0.5705298937831644,1,1,0.0,0,0,0,0,0,0,0,0,0,0,0,0,0,0,0,1,0,1,0,1
0,0,0,0,1.5270719577121736,2,1,-0.21834633936193276,0.8402429311856573,0,-0.5651054835719309,1.5864004343995892,0,0,3.0,1,0,0,0,0,1,0,0,0,1,0,1,0,1,0,1,0,0,0,0
0,0,0,0,1.5677776925507676,2,1,1.5370624598114289,2.4944319164502815,1,-0.4818099485402228,1.5864004343995892,0,1,3.0,0,1,1,0,0,0,0,1,0,1,0,1,0,1,0,1,0,1,0,0
0,0,1,1,-1.1595065416350294,0,0,-1.4793205240233267,-0.9754202434679118,1,-0.19104904814606732,-1.109762475828853,0,1,0.0,0,0,0,1,1,0,1,0,1,0,1,0,1,0,1,0,0,0,1,1
0,0,0,0,-0.9966836022806536,0,1,0.32088604223668943,-0.7680707103272983,1,0.29479467870210146,-1.109762475828853,1,0,1.0,0,1,1,0,0,0,0,0,0,0,0,0,0,0,0,0,1,0,0,0
0,0,0,0,-0.019745966154397852,0,0,-1.4942531130522119,-0.7449684927421681,1,-0.5903023877828549,-1.109762475828853,0,0,2.0,0,0,0,1,1,0,1,0,1,0,1,0,1,0,1,0,0,0,0,0
0,0,0,0,-0.8338606629262776,1,1,0.36236545620581423,-0.633998866393081,1,0.012162588257313735,0.5079352703082123,0,1,1.0,0,1,0,0,0,0,0,0,0,0,0,1,0,1,0,1,0,0,1,0
0,0,1,1,-0.9152721326034655,0,0,0.697519121076343,-0.6321778938768743,1,0.24006499414681545,-0.5705298937831644,1,1,1.0,0,1,1,0,0,0,0,0,0,0,0,0,0,0,0,1,0,1,0,0
0,0,1,1,0.631545791263106,1,1,0.5681033494926734,0.7593741999237483,1,-0.46691400593602117,-0.5705298937831644,0,1,2.0,0,1,1,0,0,0,0,0,0,0,0,0,0,0,0,1,0,0,1,1
0,0,0,0,0.9978974048104517,2,1,1.0061259610066313,1.3889041442615708,1,-0.4706277067047372,0.5079352703082123,0,1,3.0,0,0,1,0,0,0,0,0,0,1,0,0,0,1,0,1,0,1,0,1
0,0,0,0,-0.9559778674420595,0,0,0.5183280527297236,-0.7219979117244745,1,0.26786022926793257,-0.031297311737476054,1,1,1.0,0,0,1,0,0,0,0,1,0,1,0,0,0,0,0,0,0,1,0,0
1,1,0,0,-0.8338606629262776,0,1,0.6261745290494481,-0.5570792321542714,1,0.08258684760373403,0.5079352703082123,0,1,1.0,0,0,1,0,0,0,0,1,0,1,0,1,0,0,0,0,0,0,1,1
1,0,1,1,-1.2816237461508113,0,1,-0.6331404790531808,-0.9888032944906369,1,1.9802770310612023,-1.109762475828853,1,1,0.0,0,0,0,0,0,0,0,0,0,0,0,0,0,0,0,0,0,0,1,1
0,0,0,0,-0.38609757970174374,0,0,0.6062644103442684,-0.11717176320892814,1,-0.2605284117696006,0.5079352703082123,0,0,1.0,0,0,1,0,0,0,0,1,0,1,0,1,0,0,0,0,0,0,0,0
0,0,1,1,1.6084834273893616,2,0,0.6560397071072182,1.5772541328354959,1,-0.5261306714097024,1.5864004343995892,0,0,3.0,0,1,0,0,0,1,0,0,0,1,0,1,0,1,0,1,1,0,0,0
0,0,0,0,-1.2816237461508113,0,1,-0.6397771852882409,-0.9888910522022611,1,1.968761114438517,-1.109762475828853,1,1,0.0,0,0,0,0,0,0,0,0,0,0,0,0,0,0,0,0,0,1,0,1
1,0,0,1,-0.9966836022806536,0,0,-1.4793205240233267,-0.9305102345441116,1,-0.39935918438752616,-1.109762475828853,0,1,1.0,0,0,0,1,1,0,1,0,1,0,1,0,1,0,1,0,0,0,1,0
0,0,0,0,-1.2002122764736234,0,0,-1.4959122896109767,-0.9838230443559507,1,-0.08826949228860309,-1.109762475828853,0,1,0.0,0,0,0,1,1,0,1,0,1,0,1,0,1,0,1,0,0,0,1,0
1,0,0,0,-0.5896262538947137,1,0,-1.5025489958460367,-0.8284699553528099,1,-0.5406480327757909,-1.109762475828853,0,1,1.0,0,0,0,1,1,0,1,0,1,0,1,0,1,0,1,0,0,0,1,0
1,0,0,0,-0.4268033145403377,0,1,1.1886353824707805,-0.08965972061467047,1,-0.15529963741303637,0.5079352703082123,0,1,1.0,0,1,1,0,0,1,0,0,0,0,0,0,0,1,0,1,0,1,0,1
0,0,1,1,-0.22327464034736777,2,0,-1.4942531130522119,-0.7675441640575519,1,-0.5779015901209809,-1.109762475828853,0,1,2.0,0,0,0,1,1,0,1,0,1,0,1,0,1,0,1,0,0,0,1,0
0,1,0,0,0.22448844287716607,0,1,1.1488151450604207,0.629624423287034,1,-0.36579570089747826,0.5079352703082123,0,1,2.0,0,1,1,0,0,0,0,0,0,0,0,1,0,1,0,1,0,1,0,1
1,0,1,1,1.6084834273893616,2,1,1.505538105194894,2.486862813822675,1,-0.4857460870890534,1.5864004343995892,0,0,3.0,0,1,1,0,0,1,0,1,0,1,0,0,0,1,0,1,0,0,0,0
1,0,1,1,1.4863662228735797,2,1,-0.17188939571651304,0.7769038028207277,1,-0.5614502806600021,0.5079352703082123,0,0,3.0,0,0,0,0,0,1,0,1,0,1,0,0,0,0,0,0,0,0,0,0
0,0,0,0,-0.8745663977648716,0,1,0.46689357940800896,-0.6011555428176395,1,0.09838432297075066,-0.5705298937831644,1,0,1.0,0,1,1,0,0,1,0,0,0,0,0,0,0,0,0,0,0,0,0,0
1,0,0,1,-0.7524491932490895,0,0,-1.4925939364934466,-0.8911509008805564,1,-0.5065851636076383,-1.109762475828853,0,1,1.0,0,0,0,1,1,0,1,0,1,0,1,0,1,0,1,0,0,0,1,0
0,0,1,1,0.9978974048104517,2,1,0.6494030008721581,1.1171843296444406,1,-0.4919718625140241,1.5864004343995892,0,1,3.0,0,1,0,0,0,1,0,0,0,1,0,1,0,1,0,1,0,1,0,0
0,0,0,1,0.1023712383613841,1,1,-1.4876164068171518,-0.7261225241708226,1,-0.5954496535460246,-1.109762475828853,0,0,2.0,0,0,0,1,1,0,1,0,1,0,1,0,1,0,1,0,1,0,0,0
1,0,0,1,-1.2409180113122174,0,0,-0.13206915830615312,-0.9498608099572976,1,1.6799035391528334,-0.031297311737476054,1,0,0.0,0,1,0,0,0,1,0,1,0,0,0,0,0,0,0,0,0,0,0,0
1,1,0,0,-0.38609757970174374,0,1,1.376122333611225,0.08080963421577773,1,-0.14920788441697827,1.0471678523539008,0,1,1.0,0,1,1,0,0,0,0,1,0,1,0,0,0,1,0,1,0,1,0,1
1,0,0,0,0.5501343215859179,2,0,-1.4892755833759168,-0.6131344704543736,1,-0.6106204444159804,-1.109762475828853,0,0,2.0,0,0,0,1,1,0,1,0,1,0,1,0,1,0,1,0,0,0,0,0
0,0,0,0,-0.8338606629262776,0,0,-1.5091857020810966,-0.9091192923356577,1,-0.48745102521917694,-1.109762475828853,0,0,1.0,0,0,0,1,1,0,1,0,1,0,1,0,1,0,1,0,0,0,0,0
0,1,0,0,-1.0373893371192475,0,1,-0.4522902341477968,-0.8249157680320206,1,0.07871129874033032,-0.5705298937831644,1,1,1.0,0,0,0,0,0,0,0,1,0,0,0,0,0,0,0,0,0,0,1,0
1,0,1,1,-1.0780950719578415,2,0,-1.3117436915880627,-0.9416554639204137,1,-0.24188359438049145,-1.109762475828853,0,1,0.0,0,1,0,1,1,0,1,0,1,0,1,0,1,0,1,0,0,0,1,0
0,0,0,0,-1.2816237461508113,0,1,0.3358186312655745,-0.9759906685934705,1,3.661600857973222,-1.109762475828853,1,1,0.0,0,1,1,0,0,0,0,0,0,0,0,0,0,0,0,0,0,0,1,1
0,0,1,0,1.2421318138420157,2,1,1.4706953974608292,1.9930062916562155,1,-0.46316655921617095,1.5864004343995892,0,0,3.0,0,1,1,0,0,0,0,1,0,1,0,1,0,1,0,1,0,0,0,0
0,0,1,1,1.1607203441648277,0,0,-0.17023021915774814,0.5889267845212064,1,-0.5486739814576452,-0.031297311737476054,0,1,3.0,0,1,0,0,0,1,0,1,0,0,0,0,0,0,0,0,0,1,0,0
0,0,0,0,-0.06045170099299184,0,0,0.7522719475155875,0.18644797958368095,1,-0.34449863714334594,0.5079352703082123,0,1,2.0,0,0,1,0,0,1,0,0,0,1,0,1,0,0,0,0,0,1,0,0
1,0,0,0,-0.2639803751859618,0,1,0.5166688761709587,-0.0923802096750276,1,-0.3164019331611467,-0.5705298937831644,0,1,2.0,0,1,1,0,0,0,0,0,0,0,0,1,0,0,0,0,0,1,0,1
1,0,0,0,0.020959768684196134,0,1,-0.34112540471054226,-0.2782510428955627,1,-0.47464543015119115,-0.5705298937831644,0,0,2.0,0,1,0,0,0,0,0,1,0,0,0,0,0,0,0,0,0,0,0,0
1,0,1,1,1.6084834273893616,2,1,0.02389343821775623,1.037807479480147,0,-0.5561824812264352,2.1256330164452777,0,0,3.0,1,0,0,0,0,1,0,1,0,1,0,1,0,1,0,1,0,0,0,0
0,0,1,1,0.346605647392948,1,1,0.3242043953542197,0.3897825974174769,1,-0.4549280519001652,1.0471678523539008,0,0,2.0,0,0,0,0,0,1,0,0,0,0,0,1,0,1,0,1,1,0,0,0
1,0,1,1,1.1607203441648277,1,0,0.6626764133422782,1.3010806143534261,1,-0.5020530931948396,2.1256330164452777,0,0,3.0,0,0,0,0,0,1,0,1,0,1,0,1,0,1,0,1,0,0,0,0
1,0,1,0,-0.7117434584104956,1,0,-1.5307549973450416,-0.8795010646624137,1,-0.5244348343728001,-1.109762475828853,0,1,1.0,0,0,0,1,1,0,1,0,1,0,1,0,1,0,1,0,0,0,1,0
1,1,0,0,0.9164859351332638,1,1,-0.4937696481169216,0.19487271989962582,0,-0.5568233498741019,0.5079352703082123,0,0,3.0,1,0,0,0,0,0,0,0,0,1,0,0,0,1,0,1,0,0,0,0
1,0,1,1,0.590840056424512,0,1,1.4076466882277594,1.23721493971875,1,-0.4021981777215909,1.0471678523539008,0,0,2.0,0,1,1,0,0,0,0,0,0,1,0,1,0,1,0,1,0,0,0,1
0,1,1,0,0.8757802002946699,1,1,1.2135230308522553,1.3487330517654899,1,-0.44722584792525244,0.5079352703082123,0,0,3.0,0,1,1,0,0,0,0,1,0,0,0,0,0,1,0,1,1,0,0,1
1,0,0,0,-1.2816237461508113,0,0,-1.480979700582092,-1.000014342150657,1,0.5091186825131848,-1.109762475828853,0,1,0.0,0,0,0,1,1,0,1,0,1,0,1,0,1,0,1,0,0,0,1,0
0,0,0,0,0.590840056424512,0,1,1.3744631570524595,1.118807847309493,1,-0.4045973270179836,1.0471678523539008,0,1,2.0,0,1,1,0,0,0,0,1,0,1,0,0,0,1,0,1,0,1,0,0
0,0,0,0,1.2014260790034217,1,1,1.6631598782775683,2.1211544900557846,1,-0.44944428207983905,2.1256330164452777,0,0,3.0,0,1,1,0,0,1,0,1,0,1,0,1,0,1,0,1,1,0,0,0
0,0,1,0,1.4049547531963917,1,1,-1.462728758435677,-0.4264738178292188,1,-0.6244370221036167,-1.109762475828853,0,0,3.0,0,0,0,1,1,0,1,0,1,0,1,0,1,0,1,0,0,0,0,0
1,0,0,0,0.18378270803857208,2,0,0.02223426165899086,0.006347215902452054,1,-0.46094576772931267,1.0471678523539008,0,0,2.0,0,0,0,0,0,1,0,1,0,1,0,1,0,0,0,0,0,0,0,0
0,1,0,0,0.8350744654560759,0,1,0.2943392172964497,0.7479218185567608,1,-0.5023626608459871,-0.5705298937831644,0,0,3.0,0,0,1,0,0,0,0,1,0,0,0,0,0,0,0,0,1,0,0,0
0,0,1,0,1.2014260790034217,2,0,0.5332606417586087,1.1788341220606002,1,-0.5116850695405416,1.5864004343995892,0,1,3.0,0,0,0,0,0,1,0,0,0,1,0,1,0,1,0,1,0,0,1,0
1,0,0,0,-0.7524491932490895,0,1,-1.4892755833759168,-0.8775923344345825,1,-0.5058174358327926,-1.109762475828853,0,1,1.0,0,0,0,1,1,0,1,0,1,0,1,0,1,0,1,0,0,1,0,0
1,0,0,1,-1.0780950719578415,0,0,-1.5008898192872717,-0.9599310073662005,1,-0.3356560583080699,-1.109762475828853,0,1,0.0,0,0,0,1,1,0,1,0,1,0,1,0,1,0,1,0,0,0,1,0
0,0,1,0,-0.22327464034736777,1,1,1.2267964433223755,0.1675361927286171,1,-0.240649746170918,1.0471678523539008,0,0,2.0,0,0,1,0,0,1,0,0,0,0,0,1,0,1,0,1,1,0,0,0
1,0,0,0,1.0386031396490458,2,0,-1.480979700582092,-0.5124324963653444,1,-0.6201242941062128,-1.109762475828853,0,0,3.0,0,0,0,1,1,0,1,0,1,0,1,0,1,0,1,0,1,0,0,0
1,0,1,0,0.6722515261016999,0,1,1.1322233794727707,1.1208482141047607,1,-0.43161654639395847,0.5079352703082123,0,0,3.0,0,1,1,0,0,0,0,1,0,0,0,0,0,1,0,1,0,0,0,1
0,0,1,1,1.4863662228735797,1,0,0.29102086417891987,1.134933326820481,1,-0.5385007039619368,1.0471678523539008,0,0,3.0,0,1,0,0,0,1,0,1,0,0,0,1,0,1,0,0,1,0,0,0
0,0,1,1,1.5270719577121736,2,1,0.5133505230534289,1.5000054071780948,1,-0.529341263638099,1.5864004343995892,0,0,3.0,0,0,0,0,0,0,0,1,0,1,0,1,0,1,0,1,0,0,0,0
0,0,0,0,-1.2816237461508113,0,0,-1.461069581876912,-0.9997510690157839,1,0.5436664323812399,-1.109762475828853,0,1,0.0,0,0,0,1,1,0,1,0,1,0,1,0,1,0,1,0,0,0,1,0
0,0,0,0,-0.7931549280876836,1,0,-0.32453363912289235,-0.6829457300516047,1,-0.20610199630286288,-0.031297311737476054,0,1,1.0,0,0,0,0,0,1,0,0,0,0,0,1,0,0,0,0,0,0,1,0
0,0,0,0,-1.2816237461508113,0,1,-1.3283354571757127,-0.9979959147832954,0,0.7739847648349413,-1.109762475828853,1,1,0.0,1,0,0,0,0,0,0,0,0,0,0,0,0,0,0,0,0,0,1,0
0,1,0,0,-0.9559778674420595,0,0,0.3507512202944595,-0.7292379229334897,1,0.20970485032337302,-0.5705298937831644,1,0,1.0,0,0,1,0,0,0,0,0,0,1,0,0,0,0,0,0,1,0,0,0
1,0,0,0,1.2828375486806096,1,1,0.642766294637098,1.3118528734553245,1,-0.5103942744905264,-0.031297311737476054,0,0,3.0,0,1,1,0,0,1,0,1,0,0,0,0,0,0,0,0,1,0,0,0
1,0,0,0,-1.2002122764736234,0,1,0.010620025747636104,-0.916820031530701,1,1.2187870443861522,-0.031297311737476054,0,1,0.0,0,1,0,0,0,0,0,0,0,0,0,1,0,1,0,0,0,0,1,0
1,1,0,1,-0.8745663977648716,0,1,-0.3444437578280723,-0.7451001293096048,1,-0.13625247821645758,-0.031297311737476054,0,1,1.0,0,0,0,0,0,0,0,1,0,0,0,1,0,0,0,0,0,1,0,0
1,0,0,0,0.7536629957788878,0,1,-0.6795974226986006,-0.05168257090919987,0,-0.5613079135588975,0.5079352703082123,0,0,3.0,1,0,0,0,0,1,0,0,0,0,0,1,0,0,0,1,1,0,0,0
1,0,1,0,1.2828375486806096,1,1,0.04048520380540615,0.9184569916709273,1,-0.5425502570600239,-0.031297311737476054,0,0,3.0,0,1,0,0,0,1,0,0,0,0,0,0,0,1,0,0,1,0,0,0
0,0,0,0,-0.7931549280876836,0,1,-1.480979700582092,-0.8880793809737014,1,-0.49276606366041614,-1.109762475828853,0,1,1.0,0,0,0,1,1,0,1,0,1,0,1,0,1,0,1,0,0,0,1,0
0,0,0,0,-0.6303319887333076,0,1,0.16824179883031035,-0.5067282451097567,1,-0.21190565269604145,-1.109762475828853,0,1,1.0,0,0,1,0,0,0,0,0,0,0,0,0,0,0,0,0,0,1,0,1
1,0,1,1,-0.6303319887333076,1,1,0.17985603474166512,-0.48165147901307687,1,-0.2096664466860749,0.5079352703082123,0,0,1.0,0,1,0,0,0,1,0,0,0,1,0,0,0,1,0,0,0,0,0,0
0,0,0,0,-0.019745966154397852,1,0,-1.1541219185053884,-0.6018795439385409,0,-0.5545332528184543,-0.5705298937831644,0,1,2.0,1,0,0,0,0,1,0,0,0,0,0,0,0,0,0,0,0,0,1,0
1,0,1,0,1.5270719577121736,2,0,0.10021555992094577,1.0376539034848042,1,-0.5495346667299904,1.0471678523539008,0,1,3.0,0,0,0,0,0,1,0,1,0,0,0,1,0,0,0,1,0,0,1,0
1,0,0,0,-1.2816237461508113,0,1,0.4851445215544238,-0.9740161200819208,1,3.920708981983636,-0.5705298937831644,1,1,0.0,0,0,1,0,0,0,0,0,0,0,0,0,0,1,0,0,0,1,0,1
1,0,1,1,0.5094285867473239,1,1,0.9978300782128064,0.9080796422713391,1,-0.42191814182954934,0.5079352703082123,0,0,2.0,0,1,1,0,0,0,0,1,0,1,0,0,0,0,0,1,1,0,0,0
0,0,0,0,0.46872285190873,0,1,0.659358060224748,0.6859209952941037,1,-0.4427358036663066,-0.031297311737476054,0,0,2.0,0,1,1,0,0,0,0,1,0,1,0,0,0,0,0,0,0,0,0,1
0,0,1,1,-0.8338606629262776,2,0,-1.3167212212643575,-0.888386532964387,1,-0.43607232028719733,-1.109762475828853,0,0,1.0,0,1,0,1,1,0,1,0,1,0,1,0,1,0,1,0,1,0,0,0
0,0,1,0,1.5677776925507676,2,0,-1.4959122896109767,-0.4035690550952436,1,-0.6279981123337527,-1.109762475828853,0,0,3.0,0,0,0,1,1,0,1,0,1,0,1,0,1,0,1,0,1,0,0,0
1,0,1,0,-1.2409180113122174,0,0,0.38061639835222955,-0.9423136467575969,1,2.2729732452211144,-0.5705298937831644,1,1,0.0,0,0,1,0,0,0,0,0,0,1,0,0,0,0,0,0,0,1,0,1
0,0,1,1,-0.9559778674420595,0,0,0.0023241429538111433,-0.7179829964176571,1,0.08878772578517981,1.0471678523539008,0,1,1.0,0,0,0,0,0,1,0,1,0,1,0,1,0,0,0,0,0,0,1,1
0,0,0,0,-1.0373893371192475,0,0,-1.3233579274994176,-0.9255738632652377,0,-0.29915471544152344,-1.109762475828853,1,0,1.0,1,0,0,0,0,0,0,0,0,0,0,0,0,0,0,0,0,0,0,0
1,0,0,0,-0.5896262538947137,0,1,0.36402463276457964,-0.4064431201509435,1,-0.19971629065682506,-0.5705298937831644,0,0,1.0,0,0,1,0,0,0,0,0,0,0,0,1,0,0,0,0,0,0,0,0
1,0,0,0,-1.1595065416350294,0,1,0.2412455674159701,-0.8748499059463192,1,1.0031515056263742,-1.109762475828853,1,0,0.0,0,1,1,0,0,0,0,0,0,0,0,0,0,0,0,0,0,0,0,1
0,0,0,0,-0.7117434584104956,0,0,-1.5042081724048018,-0.8775484555787703,1,-0.5186768760614575,-1.109762475828853,0,1,1.0,0,0,0,1,1,0,1,0,1,0,1,0,1,0,1,0,0,0,1,0
0,0,1,0,1.4863662228735797,2,0,1.135541732590301,2.007903163204462,1,-0.49663212138374613,0.5079352703082123,0,0,3.0,0,1,1,0,0,1,0,0,0,0,0,0,0,1,0,1,0,0,0,0
0,0,0,0,-1.2816237461508113,0,1,-0.6795974226986006,-0.9894175984720078,1,1.899665614702407,-1.109762475828853,1,1,0.0,0,0,0,0,0,0,0,0,0,0,0,0,0,0,0,0,0,0,1,1
1,0,0,0,-1.2816237461508113,0,1,0.6543805305484532,-0.971778298435498,1,4.214364855862106,-0.5705298937831644,1,1,0.0,0,1,1,0,0,0,0,0,0,0,0,0,0,1,0,0,0,0,1,1
1,0,0,0,-1.0373893371192475,1,1,-1.3465863993221274,-0.942730495887813,0,-0.30923114248637285,-1.109762475828853,0,0,1.0,1,0,0,0,0,0,0,0,0,0,0,0,0,0,0,0,1,0,0,0
0,0,1,1,1.0386031396490458,2,0,-0.17188939571651304,0.5814015607494117,0,-0.5431238007562255,1.5864004343995892,0,1,3.0,1,0,0,0,0,1,0,0,0,1,0,1,0,1,0,1,0,0,1,0
0,0,0,0,0.5094285867473239,0,1,1.6830699969827483,1.24008900477445,1,-0.37022169003423483,2.1256330164452777,0,1,2.0,0,1,1,0,0,1,0,1,0,1,0,1,0,1,0,1,0,1,0,0
0,0,0,0,0.14307697319997809,1,1,0.3789572217934642,0.1347148085810816,1,-0.42211435897529426,1.5864004343995892,0,1,2.0,0,0,0,0,0,1,0,1,0,1,0,1,0,1,0,0,0,0,1,0
1,1,1,0,-0.22327464034736777,0,1,0.659358060224748,0.004482364530432994,1,-0.3109790941166019,1.5864004343995892,0,0,2.0,0,1,0,0,0,0,0,1,0,1,0,1,0,1,0,1,0,0,0,0
1,1,1,0,1.3235432835192036,0,1,1.3080960947018598,1.8776707191538138,1,-0.47767323354129104,1.0471678523539008,0,1,3.0,0,1,1,0,0,0,0,1,0,1,0,0,0,1,0,1,0,1,0,0
1,1,1,0,1.6084834273893616,2,1,1.696343409452868,2.6790522022801686,1,-0.4766753308451576,2.1256330164452777,0,0,3.0,0,1,1,0,0,1,0,1,0,1,0,1,0,1,0,1,0,0,0,0
0,0,1,0,-0.7117434584104956,2,0,-1.3183803978231226,-0.8387156681849616,1,-0.4783711678820598,-1.109762475828853,0,1,1.0,0,1,0,1,1,0,1,0,1,0,1,0,1,0,1,0,0,0,1,0
1,0,0,0,-1.2409180113122174,0,0,0.1781968581829002,-0.9508261447851662,1,2.0388162738931848,0.5079352703082123,0,1,0.0,0,0,0,0,0,0,0,0,0,0,0,1,0,1,0,1,0,1,0,0
0,0,0,0,1.2828375486806096,1,1,1.1654069106480704,1.7353496503269,1,-0.4824903226740203,0.5079352703082123,0,0,3.0,0,1,1,0,0,0,0,0,0,1,0,0,0,1,0,1,1,0,0,1
0,0,0,0,-0.7931549280876836,0,1,1.1753619700006603,-0.4126739176762778,1,0.16569759751525506,0.5079352703082123,0,1,1.0,0,1,1,0,0,1,0,0,0,0,0,0,0,1,0,1,0,1,0,1
1,0,1,1,1.5270719577121736,2,1,0.505054640259604,1.4483599938871197,1,-0.5297467536600245,1.5864004343995892,0,0,3.0,0,0,0,0,0,1,0,1,0,1,0,0,0,1,0,1,1,0,0,0
1,0,0,0,-1.2816237461508113,0,0,-0.35108046406313215,-0.9850735917465987,1,2.469703487525318,-0.5705298937831644,1,1,0.0,0,1,0,0,0,0,0,0,0,1,0,0,0,0,0,0,0,1,0,1
1,0,0,0,-0.5082147842175256,0,1,0.8551408941590172,-0.22728575186967714,1,-0.16236893198576124,-0.031297311737476054,0,0,1.0,0,1,1,0,0,0,0,0,0,1,0,0,0,1,0,0,1,0,0,0
0,0,0,0,1.0793088744876398,2,0,-1.3432680462045974,-0.3537665537483816,1,-0.6128194944519081,-1.109762475828853,0,1,3.0,0,1,0,1,1,0,1,0,1,0,1,0,1,0,1,0,0,1,0,0
1,1,1,0,-0.06045170099299184,0,0,0.8136614801898924,0.2230429453310668,1,-0.3378409978458561,-0.031297311737476054,0,1,2.0,0,1,1,0,0,1,0,0,0,0,0,0,0,1,0,0,0,1,0,0
1,0,0,0,0.14307697319997809,1,1,0.01559755542393127,0.08734758373179755,1,-0.456195247358646,0.5079352703082123,0,1,2.0,0,0,0,0,0,0,0,1,0,0,0,1,0,0,0,1,0,0,1,1
1,0,0,0,-1.2816237461508113,0,1,0.8020472442785371,-0.9698256893518546,1,4.470594000716848,-0.031297311737476054,1,1,0.0,0,0,1,0,0,0,0,0,0,0,0,0,0,1,0,1,0,1,0,1
1,0,0,0,-1.2816237461508113,0,0,-1.4876164068171518,-1.0001020998622818,1,0.49760276589049984,-1.109762475828853,0,1,0.0,0,0,0,1,1,0,1,0,1,0,1,0,1,0,1,0,0,0,1,1
0,0,0,0,-0.9559778674420595,0,0,-1.5224591145512167,-0.9397467336925824,1,-0.4403686430271991,-1.109762475828853,0,1,1.0,0,0,0,1,1,0,1,0,1,0,1,0,1,0,1,0,0,0,1,0
0,0,1,1,0.8757802002946699,1,1,-1.3333129868520075,-0.42000168659691733,1,-0.6079252298872668,-1.109762475828853,0,0,3.0,0,1,0,1,1,0,1,0,1,0,1,0,1,0,1,0,0,0,0,0
0,0,1,1,1.1607203441648277,0,1,-1.5108448786398618,-0.49003234047320965,1,-0.6237131800957868,-1.109762475828853,0,1,3.0,0,0,0,1,1,0,1,0,1,0,1,0,1,0,1,0,0,0,1,1
1,0,0,0,-1.1188008067964355,0,1,0.36402463276457964,-0.8519451432123439,1,0.7970165980803116,-1.109762475828853,1,0,0.0,0,1,1,0,0,0,0,0,0,0,0,0,0,0,0,0,0,0,0,1
1,0,1,1,0.346605647392948,0,1,0.3192268656779245,0.3177773950296351,1,-0.4553393346366897,1.0471678523539008,0,0,2.0,0,1,0,0,0,1,0,1,0,1,0,0,0,1,0,0,1,0,0,0
1,0,1,0,1.6084834273893616,2,0,0.6477438243133932,1.6383335001260968,1,-0.5265250521159587,2.1256330164452777,0,1,3.0,0,0,0,0,0,1,0,1,0,1,0,1,0,1,0,1,0,0,1,0
1,0,0,0,-0.22327464034736777,0,1,0.1367174442137754,-0.22206416802802373,1,-0.3757561251192054,-1.109762475828853,0,1,2.0,0,0,1,0,0,0,0,0,0,0,0,0,0,0,0,0,0,0,1,0
1,0,0,0,0.1023712383613841,0,0,-0.3295111687991873,-0.1267154143480845,1,-0.48380923962055,-0.5705298937831644,0,1,2.0,0,0,0,0,0,0,0,0,0,0,0,0,0,1,0,0,0,0,1,1
0,1,0,0,-0.6710377235719016,0,1,1.0359911390644014,-0.3379262868001726,1,-0.008420158647485297,-0.031297311737476054,0,1,1.0,0,1,1,0,0,0,0,0,0,0,0,0,0,1,0,1,0,1,0,1
1,0,0,0,-0.6303319887333076,1,0,-1.4925939364934466,-0.8726340237278024,1,-0.5321121121212569,-1.109762475828853,0,1,1.0,0,0,0,1,1,0,1,0,1,0,1,0,1,0,1,0,0,0,1,0
1,0,1,1,1.2014260790034217,1,0,-1.3316538102932427,-0.3611601409527395,1,-0.6144143575079862,-1.109762475828853,0,0,3.0,0,1,0,1,1,0,1,0,1,0,1,0,1,0,1,0,0,0,0,0
0,1,0,0,-1.2816237461508113,0,1,0.23792721429843983,-0.9772850948399309,1,3.491741087788617,-1.109762475828853,1,1,0.0,0,1,1,0,0,0,0,0,0,0,0,0,0,0,0,0,0,1,0,0
0,0,0,0,-0.7931549280876836,1,1,0.32254521879545484,-0.5849423055950267,1,-0.0457017290583208,-0.5705298937831644,0,1,1.0,0,0,1,0,0,0,0,1,0,0,0,0,0,0,0,0,0,0,1,0
0,0,0,0,-0.9152721326034655,0,1,0.3258635719129846,-0.6580444793781738,1,0.12281202489765847,-1.109762475828853,1,1,1.0,0,1,1,0,0,0,0,0,0,0,0,0,0,0,0,0,0,1,0,1
0,0,1,1,-1.1595065416350294,0,0,-0.46722282317668157,-0.9038099507823798,1,0.5114218658377219,-1.109762475828853,1,1,0.0,0,1,0,0,0,0,0,0,0,0,0,0,0,0,0,0,0,0,1,1
1,0,0,0,-0.9152721326034655,1,0,-1.4793205240233267,-0.9315633270836047,1,-0.4467023971696759,-1.109762475828853,0,1,1.0,0,0,0,1,1,0,1,0,1,0,1,0,1,0,1,0,0,0,1,0
0,0,1,1,0.387311382231542,0,1,0.9712832532725666,0.8279787909861438,1,-0.40746793704820233,-0.031297311737476054,0,1,2.0,0,1,1,0,0,0,0,0,0,0,0,0,0,1,0,1,0,1,0,1
0,0,0,0,-1.2816237461508113,0,0,-1.4925939364934466,-1.0001679181460001,1,0.4889658284234859,-1.109762475828853,0,0,0.0,0,0,0,1,1,0,1,0,1,0,1,0,1,0,1,0,1,0,0,0
1,0,1,1,1.4049547531963917,1,0,0.7456352412805278,1.588179967932737,1,-0.5117334557448386,-0.031297311737476054,0,1,3.0,0,1,1,0,0,0,0,1,0,1,0,0,0,0,0,0,0,1,0,1
1,0,1,1,1.2014260790034217,2,0,-1.4892755833759168,-0.4543368912699741,1,-0.6230969930568361,-1.109762475828853,0,0,3.0,0,0,0,1,1,0,1,0,1,0,1,0,1,0,1,0,1,0,0,0
1,1,0,0,-0.5896262538947137,0,0,0.9613281939199768,-0.24371838337135088,1,-0.09061813317875594,0.5079352703082123,0,0,1.0,0,1,1,0,0,0,0,0,0,1,0,1,0,1,0,0,0,0,0,0
0,0,0,0,-0.8338606629262776,0,1,0.6527213539896879,-0.5625202102749858,1,0.08967356552538634,-0.031297311737476054,0,1,1.0,0,0,1,0,0,0,0,1,0,0,0,0,0,0,0,1,0,1,0,0
1,0,0,1,-0.9559778674420595,0,1,-0.49211047155815646,-0.7965261483215187,1,-0.08279943189282775,-0.5705298937831644,1,1,1.0,0,0,0,0,0,0,0,1,0,0,0,0,0,0,0,0,0,1,0,0
1,0,1,0,1.6084834273893616,2,0,-1.3001294556767078,-0.19093211982925845,1,-0.6191256419449469,-1.109762475828853,0,0,3.0,0,1,0,1,1,0,1,0,1,0,1,0,1,0,1,0,1,0,0,0
1,0,0,0,1.0793088744876398,2,1,-1.4842980536996218,-0.48575415203151884,1,-0.6209766020596432,-1.109762475828853,0,0,3.0,0,0,0,1,1,0,1,0,1,0,1,0,1,0,1,0,0,0,0,0
0,0,0,0,-0.10115743583158582,1,1,0.4768486387605988,0.056061959537689464,1,-0.36516227785743804,1.0471678523539008,0,0,2.0,0,1,0,0,0,1,0,0,0,1,0,0,0,1,0,1,1,0,0,0
0,0,0,0,1.5270719577121736,1,0,1.127245849796476,1.9917776836934737,1,-0.49933500201560976,0.5079352703082123,0,1,3.0,0,1,1,0,0,0,0,1,0,0,0,0,0,1,0,1,0,1,0,0
0,0,1,1,1.4863662228735797,2,0,-1.4859572302583868,-0.42204205339218526,1,-0.6265974661254776,-1.109762475828853,0,0,3.0,0,0,0,1,1,0,1,0,1,0,1,0,1,0,1,0,0,0,0,0
0,0,1,1,0.590840056424512,2,0,-1.4892755833759168,-0.5628054228377651,1,-0.6116439112966755,-1.109762475828853,0,0,2.0,0,0,0,1,1,0,1,0,1,0,1,0,1,0,1,0,1,0,0,0
1,0,0,0,-0.8338606629262776,1,1,-0.17023021915774814,-0.6895714372792491,1,-0.13001469004583655,-0.031297311737476054,0,1,1.0,0,0,0,0,0,0,0,0,0,0,0,1,0,1,0,0,0,1,0,1
0,0,1,0,0.387311382231542,0,1,0.642766294637098,0.5656271120849212,1,-0.43398132648182614,-0.031297311737476054,0,1,2.0,0,1,1,0,0,0,0,0,0,1,0,1,0,0,0,0,0,1,0,1
1,0,1,0,1.0793088744876398,1,1,1.1471559685016557,1.6067407239413034,1,-0.468774570696489,0.5079352703082123,0,0,3.0,0,1,1,0,0,0,0,0,0,1,0,0,0,1,0,1,0,0,0,1
0,1,0,0,0.5094285867473239,1,1,1.2350923261162006,1.0688956488231003,1,-0.4040184018616801,0.5079352703082123,0,0,2.0,0,1,1,0,0,0,0,0,0,1,0,0,0,1,0,1,0,0,0,0
1,0,1,0,-0.9152721326034655,0,1,0.1781968581829002,-0.6850080362747788,1,0.07622490765134152,-1.109762475828853,1,1,1.0,0,0,1,0,0,0,0,0,0,0,0,0,0,0,0,0,0,1,0,1
0,0,1,1,0.6722515261016999,1,0,0.4337100482327091,0.6690934540901198,1,-0.48009855537546264,1.0471678523539008,0,0,3.0,0,0,0,0,0,0,0,1,0,1,0,0,0,1,0,1,1,0,0,0
0,0,1,1,1.0386031396490458,2,0,-1.3200395743818876,-0.34639490597192973,1,-0.6106578202723107,-1.109762475828853,0,0,3.0,0,1,0,1,1,0,1,0,1,0,1,0,1,0,1,0,1,0,0,0
1,1,0,0,-0.4675090493789317,0,1,-0.16193433636392318,-0.4665132737578633,1,-0.34541467596560493,-0.031297311737476054,0,0,1.0,0,0,0,0,0,0,0,0,0,1,0,0,0,1,0,0,0,0,0,1
0,0,0,0,-1.0373893371192475,0,1,0.3457736906181643,-0.7611597905368748,1,0.4249085422098002,-1.109762475828853,1,1,1.0,0,1,1,0,0,0,0,0,0,0,0,0,0,0,0,0,0,1,0,0
1,0,0,1,-0.1825689055087738,1,1,-0.34942128750436724,-0.34345502263251154,1,-0.4437241428707056,-0.031297311737476054,0,0,2.0,0,0,0,0,0,0,0,1,0,0,0,1,0,0,0,0,1,0,0,0
1,1,1,0,-0.019745966154397852,0,1,1.326347036848275,0.4617000420936943,1,-0.2936802929561182,1.0471678523539008,0,1,2.0,0,1,1,0,0,0,0,0,0,1,0,1,0,1,0,1,0,1,0,1
0,0,0,0,0.5501343215859179,1,1,1.2002496183821352,1.042151486205556,1,-0.41203213755031554,0.5079352703082123,0,1,2.0,0,1,1,0,0,0,0,0,0,1,0,0,0,1,0,1,0,1,0,0
1,0,0,0,-0.8338606629262776,0,1,1.0326727859468712,-0.5051486063005171,1,0.19110221577903555,-0.031297311737476054,0,1,1.0,0,1,1,0,0,0,0,0,0,0,0,0,0,1,0,1,0,1,0,1
0,0,1,0,-0.9559778674420595,0,0,0.8136614801898924,-0.6345912309465459,1,0.37035188720982976,-0.031297311737476054,1,1,1.0,0,0,1,0,0,0,0,0,0,0,0,0,0,1,0,1,0,1,0,1
1,0,0,0,-0.8745663977648716,0,1,0.29599839385521454,-0.602493847919912,1,0.04896184746506052,-0.5705298937831644,0,1,1.0,0,0,1,0,0,0,0,0,0,0,0,1,0,0,0,0,0,1,0,1
1,0,0,0,-1.2409180113122174,0,0,-1.4793205240233267,-0.9943539697508819,1,0.12141615621612092,-1.109762475828853,0,1,0.0,0,0,0,1,1,0,1,0,1,0,1,0,1,0,1,0,0,0,1,1
1,0,0,0,-1.2409180113122174,0,1,0.6942007679588127,-0.9355124241067038,1,2.6357246188356935,-0.031297311737476054,1,1,0.0,0,0,1,0,0,0,0,0,0,1,0,0,0,0,0,1,0,1,0,1
0,0,1,0,0.8757802002946699,1,0,1.5071972817536587,1.5769250414169043,1,-0.42869569117784107,1.5864004343995892,0,1,3.0,0,1,1,0,0,0,0,1,0,1,0,1,0,1,0,1,0,1,0,1
0,0,0,0,-0.3453918448631497,0,1,0.9845566657426863,-0.007101653403991325,1,-0.2239845696869467,0.5079352703082123,0,1,1.0,0,0,1,0,0,1,0,0,0,0,0,0,0,1,0,1,0,1,0,0
0,0,0,0,-1.2002122764736234,0,1,0.16326426915401518,-0.9212298565398286,1,1.3512200855470302,-1.109762475828853,1,1,0.0,0,0,1,0,0,0,0,0,0,0,0,0,0,0,0,0,0,1,0,0
1,0,0,0,-1.2816237461508113,0,0,-0.6364588321707109,-0.988847173346449,1,1.9745190727498598,-1.109762475828853,1,1,0.0,0,0,0,0,0,0,0,0,0,0,0,0,0,0,0,0,0,1,0,1
1,0,1,1,0.346605647392948,1,0,0.11846650206736059,0.23721581575841152,1,-0.4719277383431766,0.5079352703082123,0,0,2.0,0,1,0,0,0,0,0,1,0,1,0,0,0,1,0,0,0,0,0,0
0,0,1,0,0.26519417771576004,0,0,-0.29964599074141746,-0.05045396294645802,0,-0.4988119198873258,1.0471678523539008,0,1,2.0,1,0,0,0,0,1,0,0,0,1,0,0,0,1,0,1,0,1,0,1
1,0,1,1,-1.0780950719578415,1,0,-1.5091857020810966,-0.9591192485336746,1,-0.33976888567331454,-1.109762475828853,0,1,0.0,0,0,0,1,1,0,1,0,1,0,1,0,1,0,1,0,0,0,1,0
0,0,1,1,0.387311382231542,2,0,-1.393043342967547,-0.5638804548051644,1,-0.5982839973659491,-1.109762475828853,0,1,2.0,0,1,0,1,1,0,1,0,1,0,1,0,1,0,1,0,0,1,0,0
0,1,1,1,-0.019745966154397852,0,1,1.1770211465594258,0.4029462541611408,1,-0.30938381562341605,0.5079352703082123,0,1,2.0,0,1,1,0,0,0,0,1,0,0,0,0,0,1,0,1,0,1,0,0
0,0,0,1,-1.2409180113122174,0,0,-0.44399435135397186,-0.9623224050079662,1,1.319071484975368,-0.5705298937831644,1,1,0.0,0,0,0,0,0,0,0,1,0,0,0,0,0,0,0,0,0,0,1,0
1,1,1,0,1.0793088744876398,2,1,-0.029200211662723803,0.6965835572564714,0,-0.5368144447421865,1.5864004343995892,0,0,3.0,1,0,0,0,0,1,0,0,0,1,0,1,0,1,0,1,1,0,0,0
1,0,0,0,-1.2816237461508113,0,1,0.5266239355235486,-0.9734676343842682,1,3.992683460875418,-0.5705298937831644,1,1,0.0,0,0,1,0,0,0,0,0,0,0,0,0,0,0,0,1,0,1,0,1
0,0,1,1,-0.7117434584104956,0,0,-1.497571466169742,-0.8891544129411006,1,-0.5172373864836219,-1.109762475828853,0,1,1.0,0,0,0,1,1,0,1,0,1,0,1,0,1,0,1,0,0,0,1,0
0,0,0,0,-0.9152721326034655,0,1,-1.4511145225243218,-0.9112254774146439,1,-0.4378037343248738,-1.109762475828853,0,1,1.0,0,0,0,1,1,0,1,0,1,0,1,0,1,0,1,0,0,1,0,0
0,0,0,0,-1.0373893371192475,0,1,0.16326426915401518,-0.7827481875964837,1,0.3457366154288403,-1.109762475828853,1,0,1.0,0,0,1,0,0,0,0,0,0,0,0,0,0,0,0,0,0,0,0,0
0,1,0,0,-0.38609757970174374,0,1,0.4785078153193637,-0.20361310915898811,1,-0.2790018613518246,-0.5705298937831644,0,1,1.0,0,1,1,0,0,0,0,0,0,1,0,0,0,0,0,0,0,0,1,0
1,0,0,0,1.4863662228735797,2,0,-1.4925939364934466,-0.39490298107233146,1,-0.6269264923146972,-1.109762475828853,0,0,3.0,0,0,0,1,1,0,1,0,1,0,1,0,1,0,1,0,1,0,0,0
0,1,0,0,-0.38609757970174374,0,1,0.34743286717692967,-0.2877508151789069,1,-0.297955140793327,-0.5705298937831644,0,0,1.0,0,0,1,0,0,1,0,0,0,0,0,0,0,0,0,0,0,0,0,0
0,0,0,0,0.30589991255435406,1,1,0.5249647589647837,0.3989971571380416,1,-0.4329394724254913,1.0471678523539008,0,1,2.0,0,1,0,0,0,0,0,0,0,1,0,1,0,1,0,1,0,0,1,0
1,0,0,0,-1.0780950719578415,2,1,0.5083729933771337,-0.7924234753030767,1,0.6604707295541885,1.5864004343995892,0,1,0.0,0,0,0,0,0,1,0,0,0,1,0,1,0,1,0,1,0,0,1,0
1,0,0,0,0.5501343215859179,0,1,0.9546914876849167,0.8141569514052966,1,-0.4301635807434792,0.5079352703082123,0,1,2.0,0,1,1,0,0,1,0,1,0,0,0,0,0,0,0,1,0,1,0,1
0,0,1,1,1.4456604880349857,2,1,-1.5125040551986266,-0.44172172022396283,1,-0.6274522189431242,-1.109762475828853,0,0,3.0,0,0,0,1,1,0,1,0,1,0,1,0,1,0,1,0,0,0,0,0
0,0,1,1,0.346605647392948,1,1,1.465717867784534,0.945552185134969,1,-0.3606072109905542,1.5864004343995892,0,0,2.0,0,1,1,0,0,0,0,1,0,1,0,1,0,1,0,1,0,0,0,0
0,0,0,0,0.26519417771576004,1,0,-0.7891030755770901,-0.2625862913706026,0,-0.5412768624334771,0.5079352703082123,0,0,2.0,1,0,0,0,0,1,0,1,0,0,0,1,0,0,0,0,0,0,0,0
1,0,1,0,-0.4675090493789317,0,0,-0.34278458126930716,-0.5151968642815138,1,-0.3739427421445293,-0.5705298937831644,0,0,1.0,0,0,0,0,0,0,0,0,0,0,0,0,0,1,0,0,0,0,0,0
1,0,0,0,0.18378270803857208,0,1,0.17985603474166512,0.11126156014945372,1,-0.44655087195095633,-1.109762475828853,0,1,2.0,0,0,1,0,0,0,0,0,0,0,0,0,0,0,0,0,0,0,1,0
0,0,0,0,1.1200146093262338,2,1,1.152133498177951,1.5979430133509545,1,-0.4716220855990928,1.0471678523539008,0,1,3.0,0,0,1,0,0,0,0,1,0,1,0,0,0,1,0,1,0,1,0,0
0,0,1,1,0.14307697319997809,2,1,0.928144662744677,0.4738544851536773,1,-0.3706039751630137,2.1256330164452777,0,0,2.0,0,1,0,0,0,1,0,1,0,1,0,1,0,1,0,1,1,0,0,0
0,0,1,1,0.1023712383613841,0,1,1.3927140991988747,0.6393655292773454,1,-0.31778810831017357,1.5864004343995892,0,1,2.0,0,0,1,0,0,1,0,0,0,1,0,1,0,1,0,1,0,1,0,0
0,0,1,1,1.6084834273893616,2,0,1.1604293809717758,2.1730412370537264,1,-0.502152324469317,1.0471678523539008,0,0,3.0,0,1,1,0,0,1,0,1,0,0,0,1,0,1,0,0,0,0,0,0
1,0,1,0,1.6084834273893616,2,1,0.8003880677197722,1.7354593474664306,1,-0.5192684471208421,2.1256330164452777,0,0,3.0,0,1,0,0,0,1,0,1,0,1,0,1,0,1,0,1,0,0,0,0
1,0,1,0,-1.0373893371192475,0,1,0.14667250356636527,-0.8109842313116429,1,0.3385391675396622,-1.109762475828853,1,1,1.0,0,0,1,0,0,0,0,0,0,0,0,0,0,0,0,0,0,1,0,1
0,1,0,0,-1.2816237461508113,0,1,0.18815191753549007,-0.9779432776771141,1,3.405371713118479,-1.109762475828853,1,1,0.0,0,0,1,0,0,0,0,0,0,0,0,0,0,0,0,0,0,0,1,0
1,0,0,0,1.3642490183577978,2,0,-1.5008898192872717,-0.45876865570700776,1,-0.625886622231604,-1.109762475828853,0,0,3.0,0,0,0,1,1,0,1,0,1,0,1,0,1,0,1,0,0,0,0,0
1,0,0,0,-0.06045170099299184,2,0,1.145496791942891,0.35566678702348115,1,-0.30185375839996526,1.0471678523539008,0,0,2.0,0,0,1,0,0,0,0,0,0,1,0,1,0,1,0,1,0,0,0,0
1,0,0,0,-1.0373893371192475,0,1,0.9596690173612115,-0.7300277423381096,1,0.6912141141093924,-0.031297311737476054,1,1,1.0,0,1,1,0,0,0,0,0,0,0,0,0,0,1,0,1,0,1,0,1
0,1,0,0,-1.2409180113122174,0,1,0.17487850506537042,-0.9580442165662755,1,2.0349776350189566,-1.109762475828853,1,0,0.0,0,0,1,0,0,0,0,0,0,0,0,0,0,0,0,0,0,0,0,1
0,0,0,0,0.8757802002946699,1,1,0.9895341954189815,1.238443547681492,1,-0.46135901832582055,0.5079352703082123,0,0,3.0,0,1,1,0,0,0,0,1,0,1,0,0,0,1,0,0,0,0,0,0
1,0,0,0,-1.2816237461508113,0,1,-1.3565414586747175,-0.9983688850576992,1,0.7250421191885299,-1.109762475828853,0,1,0.0,0,1,0,1,1,0,1,0,1,0,1,0,1,0,1,0,0,0,1,1
1,0,1,1,1.5677776925507676,2,1,0.2794066282675646,1.2528138729599918,1,-0.5424284540957456,1.0471678523539008,0,0,3.0,0,0,0,0,0,0,0,1,0,0,0,1,0,1,0,1,1,0,0,0
1,0,0,0,-1.1595065416350294,0,0,-1.4677062881119718,-0.9768682457097148,1,-0.18298790651018787,-1.109762475828853,0,1,0.0,0,0,0,1,1,0,1,0,1,0,1,0,1,0,1,0,0,0,1,0
0,0,0,0,-1.2002122764736234,0,1,0.48016699187812906,-0.901572129135957,1,1.6261625949136365,-0.5705298937831644,1,1,0.0,0,0,1,0,0,0,0,0,0,0,0,0,0,1,0,0,0,1,0,1
0,0,0,1,-0.6303319887333076,0,1,-0.007630916398778715,-0.5292819769972343,1,-0.2458136294183919,-0.031297311737476054,0,1,1.0,0,0,0,0,0,0,0,0,0,0,0,0,0,1,0,1,0,0,1,1
1,0,0,0,0.7943687306174818,2,1,0.4917812277894838,0.841800630566991,1,-0.48646490173479606,1.0471678523539008,0,0,3.0,0,1,0,0,0,1,0,0,0,0,0,1,0,1,0,1,1,0,0,0
0,0,1,1,-1.2409180113122174,1,0,-1.480979700582092,-0.9949243948764405,1,0.11949683677900665,-1.109762475828853,0,1,0.0,0,0,0,1,1,0,1,0,1,0,1,0,1,0,1,0,0,0,1,0
0,0,1,0,-0.7524491932490895,1,0,1.3611897445823398,-0.41703986382959296,1,0.15366072275963905,1.5864004343995892,0,1,1.0,0,0,1,0,0,1,0,1,0,0,0,1,0,1,0,1,0,0,1,1
0,0,1,1,-0.9152721326034655,1,0,0.1781968581829002,-0.7122348663062571,1,0.07622490765134152,0.5079352703082123,0,1,1.0,0,1,0,0,0,1,0,1,0,0,0,0,0,1,0,0,0,1,0,0
1,0,0,0,-1.2409180113122174,0,0,-1.4826388771408567,-0.992774330941642,1,0.11757751734189248,-1.109762475828853,0,1,0.0,0,0,0,1,1,0,1,0,1,0,1,0,1,0,1,0,0,0,1,0
1,0,1,1,0.9978974048104517,1,0,-0.17686692539280796,0.5309628159932728,1,-0.5414108838769307,0.5079352703082123,0,1,3.0,0,0,0,0,0,1,0,1,0,0,0,1,0,0,0,0,0,0,1,0
1,1,1,0,-0.7931549280876836,0,0,0.18317438785919538,-0.6363463851790345,1,-0.08024947892637599,-1.109762475828853,0,0,1.0,0,0,1,0,0,0,0,0,0,0,0,0,0,0,0,0,0,0,0,0
1,1,0,0,1.2828375486806096,1,0,1.233433149557435,1.925740005696093,1,-0.47885837973917345,1.0471678523539008,0,1,3.0,0,1,1,0,0,0,0,0,0,1,0,1,0,1,0,1,0,1,0,0
0,0,0,0,0.9978974048104517,1,1,-0.790762252135855,-0.018027488501232446,0,-0.5781426868975641,0.5079352703082123,0,0,3.0,1,0,0,0,0,1,0,0,0,1,0,1,0,0,0,0,1,0,0,0
0,0,1,1,1.5677776925507676,2,0,0.3690021624408743,1.3765303069225268,1,-0.5381099853622386,-0.5705298937831644,0,1,3.0,0,0,1,0,0,0,0,0,0,1,0,0,0,0,0,0,0,1,0,0
1,0,0,0,-1.2816237461508113,0,1,0.18815191753549007,-0.9779432776771141,1,3.405371713118479,-1.109762475828853,1,1,0.0,0,0,1,0,0,0,0,0,0,0,0,0,0,0,0,0,0,0,1,0
0,0,0,0,-1.2816237461508113,0,1,0.3374778078243394,-0.9759687291655644,1,3.6644798371288934,-1.109762475828853,1,1,0.0,0,1,1,0,0,0,0,0,0,0,0,0,0,0,0,0,0,1,0,1
1,0,0,0,-1.2816237461508113,0,0,-0.6746198930223056,-0.9893517801882895,1,1.9083025521694206,-1.109762475828853,1,1,0.0,0,0,0,0,0,0,0,0,0,0,0,0,0,0,0,0,0,0,1,0
0,1,1,0,0.8350744654560759,1,1,1.026036079711811,1.192151354799607,1,-0.4553393346366897,-0.031297311737476054,0,0,3.0,0,1,1,0,0,0,0,0,0,0,0,0,0,1,0,1,1,0,0,0
0,0,0,0,-1.2816237461508113,0,1,-0.15861598324639314,-0.9825286181094903,1,2.8036650695831846,-0.5705298937831644,1,1,0.0,0,1,0,0,0,0,0,0,0,0,0,0,0,0,0,1,0,1,0,1
1,1,1,0,1.1200146093262338,1,1,1.095721495179941,1.5654507206220105,1,-0.4748314394119722,1.0471678523539008,0,1,3.0,0,0,1,0,0,0,0,1,0,1,0,0,0,1,0,1,0,1,0,0
0,0,1,0,-1.2816237461508113,0,1,-0.6613464805521857,-0.9891762647650406,1,1.9313343854147906,-1.109762475828853,1,1,0.0,0,0,0,0,0,0,0,0,0,0,0,0,0,0,0,0,0,1,0,0
0,0,0,1,-0.6710377235719016,0,1,0.5332606417586087,-0.43316534334058127,1,-0.11104729796141405,-0.5705298937831644,0,1,1.0,0,0,1,0,0,0,0,0,0,0,0,0,0,1,0,0,0,1,0,1
0,0,0,0,1.5270719577121736,1,0,-1.5008898192872717,-0.42028689915969675,1,-0.6277942409616178,-1.109762475828853,0,0,3.0,0,0,0,1,1,0,1,0,1,0,1,0,1,0,1,0,0,0,0,0
0,0,1,0,1.3642490183577978,1,0,0.7987288911610074,1.57931643905867,1,-0.5067742308954735,0.5079352703082123,0,1,3.0,0,1,1,0,0,1,0,1,0,0,0,1,0,0,0,0,0,1,0,0
0,0,0,0,-0.30468611002455576,0,1,0.4950995809070136,-0.1246092292690983,1,-0.3060753384118871,-0.031297311737476054,0,0,2.0,0,0,1,0,0,1,0,1,0,0,0,0,0,0,0,0,0,0,0,1
0,0,0,0,-1.2816237461508113,0,0,-1.5191407614336867,-1.0005189489924977,1,0.44290216193274556,-1.109762475828853,0,1,0.0,0,0,0,1,1,0,1,0,1,0,1,0,1,0,1,0,0,0,1,0
1,0,0,0,0.18378270803857208,1,0,0.08362379433329585,0.06317033417926812,1,-0.4553393346366897,1.0471678523539008,0,1,2.0,0,1,0,0,0,1,0,1,0,1,0,1,0,0,0,0,0,1,0,0
1,0,0,1,-1.2816237461508113,0,1,-1.5091857020810966,-1.000387312425061,1,0.4601760368667732,-1.109762475828853,0,1,0.0,0,0,0,1,1,0,1,0,1,0,1,0,1,0,1,0,0,0,1,1
0,0,0,0,-1.1595065416350294,0,1,0.47187110908430413,-0.8697160798162902,1,1.163222746681697,-0.5705298937831644,1,1,0.0,0,0,1,0,0,0,0,0,0,0,0,0,0,0,0,1,0,1,0,1
0,0,0,0,-1.2002122764736234,0,0,-0.6746198930223056,-0.9550823937989511,1,0.6242778487400356,-1.109762475828853,1,1,0.0,0,0,0,0,0,0,0,0,0,0,0,0,0,0,0,0,0,1,0,0
0,0,0,0,-0.1418631706701798,0,1,0.03882602724664078,-0.1698922084673022,1,-0.40601282510285536,-0.031297311737476054,0,1,2.0,0,1,0,0,0,1,0,0,0,0,0,0,0,0,0,1,0,1,0,0
1,0,1,0,1.1607203441648277,2,0,0.3457736906181643,1.0662409780464615,1,-0.5197913196055883,1.0471678523539008,0,0,3.0,0,1,0,0,0,1,0,0,0,1,0,1,0,0,0,1,1,0,0,0
0,1,1,0,1.6084834273893616,2,1,1.719571881275578,2.6229530851242537,1,-0.47557106486763984,2.1256330164452777,0,0,3.0,0,1,1,0,0,1,0,1,0,1,0,1,0,1,0,1,1,0,0,0
1,0,1,1,1.4456604880349857,2,1,1.27159421040903,2.095244025698672,1,-0.487425348704968,1.5864004343995892,0,0,3.0,0,0,1,0,0,1,0,1,0,1,0,0,0,1,0,1,1,0,0,0
1,0,0,0,-1.2816237461508113,0,0,-1.4859572302583868,-1.0000801604343756,1,0.5004817450461709,-1.109762475828853,0,1,0.0,0,0,0,1,1,0,1,0,1,0,1,0,1,0,1,0,0,0,1,1
1,0,1,1,0.7536629957788878,2,0,-1.5058673489635668,-0.5320682843413098,1,-0.6164514373867548,-1.109762475828853,0,0,3.0,0,0,0,1,1,0,1,0,1,0,1,0,1,0,1,0,1,0,0,0
0,0,0,0,-0.9966836022806536,0,1,1.27491256352656,-0.6371362045836543,1,0.662664237482319,1.0471678523539008,0,0,1.0,0,1,1,0,0,1,0,0,0,0,0,1,0,1,0,1,0,0,0,1
1,0,0,0,1.4863662228735797,2,1,1.497242222401069,2.251606328385494,1,-0.47870019407127945,1.5864004343995892,0,0,3.0,0,1,1,0,0,1,0,1,0,1,0,0,0,1,0,1,1,0,0,0
1,0,0,0,-0.7524491932490895,1,0,-1.5125040551986266,-0.8664032262024681,1,-0.5111915302567123,-1.109762475828853,0,1,1.0,0,0,0,1,1,0,1,0,1,0,1,0,1,0,1,0,0,0,1,0
0,0,1,0,1.2014260790034217,0,1,1.2085455011759603,1.6960780743749693,1,-0.4744868309259955,0.5079352703082123,0,1,3.0,0,1,1,0,0,0,0,0,0,1,0,0,0,1,0,1,0,1,0,0
0,1,0,0,0.7129572609402939,0,1,0.6129011165793284,0.7961227416664769,1,-0.47142774756544087,-0.031297311737476054,0,1,3.0,0,1,1,0,0,1,0,1,0,0,0,0,0,0,0,0,0,1,0,0
0,0,1,0,1.5677776925507676,1,1,0.659358060224748,1.6440377513816846,1,-0.5241149477999477,2.1256330164452777,0,0,3.0,0,0,0,0,0,1,0,1,0,1,0,1,0,1,0,1,0,0,0,0
1,0,0,0,0.22448844287716607,1,1,-0.08727139121949852,0.024337546785459456,1,-0.47578746863979077,0.5079352703082123,0,1,2.0,0,0,0,0,0,0,0,0,0,1,0,1,0,0,0,1,0,0,1,1
1,1,1,0,1.0386031396490458,0,1,1.1206091435614158,1.5415806230601667,1,-0.46709923254375374,0.5079352703082123,0,1,3.0,0,1,1,0,0,0,0,0,0,1,0,0,0,1,0,1,0,1,0,1
0,0,0,0,0.631545791263106,1,0,-1.3465863993221274,-0.5114671615374757,1,-0.6025197996358025,-1.109762475828853,0,0,2.0,0,1,0,1,1,0,1,0,1,0,1,0,1,0,1,0,0,0,0,0
1,0,0,0,-1.2409180113122174,0,1,-0.8139907239585651,-0.975069212621414,0,0.8910632504989063,0.5079352703082123,0,0,0.0,1,0,0,0,0,0,0,1,0,1,0,1,0,0,0,0,1,0,0,1
1,0,1,1,-0.1418631706701798,0,1,-0.15695680668762801,-0.20411771600082848,1,-0.42866079446080263,-0.031297311737476054,0,1,2.0,0,0,0,0,0,1,0,0,0,0,0,0,0,0,0,1,0,0,1,0
0,0,1,1,1.3642490183577978,2,1,-0.2233238690382277,0.6632136874112833,1,-0.5597130714893093,0.5079352703082123,0,0,3.0,0,0,0,0,0,1,0,1,0,0,0,1,0,0,0,0,1,0,0,0
1,0,1,0,1.3642490183577978,1,1,1.29814103534927,2.0143314155809513,1,-0.4809063883325764,1.0471678523539008,0,1,3.0,0,1,1,0,0,0,0,1,0,0,0,1,0,1,0,1,0,1,0,1
1,0,1,1,0.8757802002946699,2,0,-0.6281629493768859,0.05472365443541708,0,-0.5634319156632565,0.5079352703082123,0,0,3.0,1,0,0,0,0,0,0,0,0,1,0,1,0,0,0,1,1,0,0,0
0,0,1,1,1.3642490183577978,2,1,-0.17188939571651304,0.7448283592219999,1,-0.5570489415243597,-0.031297311737476054,0,1,3.0,0,0,0,0,0,1,0,0,0,0,0,0,0,1,0,0,0,1,0,0
1,0,0,0,-0.5896262538947137,1,0,-1.4876164068171518,-0.832594567799158,1,-0.5379205788388391,-1.109762475828853,0,1,1.0,0,0,0,1,1,0,1,0,1,0,1,0,1,0,1,0,0,0,1,0
0,0,0,0,-1.2409180113122174,0,1,-1.003136851657774,-0.9816071621374338,0,0.6722608346678901,-0.5705298937831644,1,1,0.0,1,0,0,0,0,0,0,0,0,0,0,0,0,0,0,1,0,1,0,1
1,0,0,0,-1.2002122764736234,1,0,-1.5042081724048018,-0.9820020718397438,1,-0.09546694017778126,-1.109762475828853,0,1,0.0,0,0,0,1,1,0,1,0,1,0,1,0,1,0,1,0,0,0,1,0
1,1,0,0,-1.2816237461508113,0,1,-1.3216987509406526,-0.997908157071671,0,0.7855006814576265,-1.109762475828853,1,1,0.0,1,0,0,0,0,0,0,0,0,0,0,0,0,0,0,0,0,1,0,1
0,0,1,1,-1.2816237461508113,0,1,-1.5241182911099815,-1.000584767276216,1,0.43426522446573185,-1.109762475828853,0,1,0.0,0,0,0,1,1,0,1,0,1,0,1,0,1,0,1,0,0,0,1,0
1,0,1,0,0.6722515261016999,0,1,0.6759498258123978,0.8769695335004797,1,-0.46328531710634235,-0.031297311737476054,0,0,3.0,0,0,1,0,0,0,0,1,0,0,0,0,0,1,0,0,1,0,0,0
0,0,1,1,1.6084834273893616,2,1,0.695859944517578,1.6724054316642802,1,-0.524237644019672,1.5864004343995892,0,0,3.0,0,1,0,0,0,1,0,0,0,1,0,1,0,1,0,1,1,0,0,0
1,0,1,1,-1.2409180113122174,0,1,-0.6779382461398357,-0.9694088402216385,1,1.048447444342269,-1.109762475828853,1,1,0.0,0,0,0,0,0,0,0,0,0,0,0,0,0,0,0,0,0,1,0,0
1,0,1,0,-0.8745663977648716,1,1,-1.472683817788267,-0.9277678060558483,1,-0.46253678252586783,-1.109762475828853,0,1,1.0,0,0,0,1,1,0,1,0,1,0,1,0,1,0,1,0,0,0,1,0
0,0,1,1,-1.2002122764736234,0,0,-1.5141632317573919,-0.984920015751256,1,-0.10410387764479508,-1.109762475828853,0,1,0.0,0,0,0,1,1,0,1,0,1,0,1,0,1,0,1,0,0,0,1,0
0,0,1,1,0.020959768684196134,0,0,0.7854554786908873,0.25860675796686544,1,-0.35965561563938,0.5079352703082123,0,0,2.0,0,1,1,0,0,0,0,1,0,1,0,1,0,0,0,0,1,0,0,0
1,0,0,1,-0.9966836022806536,0,0,-1.3084253384705327,-0.9144944521726539,0,-0.3334625503799394,-1.109762475828853,1,1,1.0,1,0,0,0,0,0,0,0,0,0,0,0,0,0,0,0,0,0,1,1
0,0,0,0,1.2421318138420157,2,0,1.097380671738706,1.7196629593740338,1,-0.48340938140448453,1.0471678523539008,0,0,3.0,0,1,1,0,0,1,0,1,0,1,0,0,0,1,0,0,1,0,0,0
0,0,0,1,-0.8745663977648716,0,0,-1.4876164068171518,-0.9117959025402027,1,-0.46685525125937477,-1.109762475828853,0,0,1.0,0,0,0,1,1,0,1,0,1,0,1,0,1,0,1,0,1,0,0,1
0,0,1,1,0.14307697319997809,2,0,-0.8056948411647401,-0.32996227447025595,0,-0.5332273923347151,0.5079352703082123,0,0,2.0,1,0,0,0,0,1,0,0,0,1,0,1,0,0,0,0,1,0,0,0
1,0,1,1,-0.9966836022806536,0,1,0.9895341954189815,-0.6756399005588714,1,0.5526232564211063,0.5079352703082123,1,1,1.0,0,0,1,0,0,0,0,0,0,1,0,0,0,1,0,1,0,1,0,0
0,1,0,0,-0.9152721326034655,0,1,-1.003136851657774,-0.8642092834118575,0,-0.2964720303191934,-0.5705298937831644,1,1,1.0,1,0,0,0,0,0,0,0,0,0,0,0,0,0,0,1,0,1,0,1
0,0,0,0,-1.2002122764736234,0,1,0.3374778078243394,-0.8901416871968755,1,1.5023664912197718,-1.109762475828853,1,0,0.0,0,1,1,0,0,0,0,0,0,0,0,0,0,0,0,0,1,0,0,1
0,0,0,0,-0.1418631706701798,0,1,0.13008073797871536,-0.14428889610087586,1,-0.3954565681987274,1.0471678523539008,0,0,2.0,0,0,0,0,0,1,0,1,0,1,0,0,0,0,0,1,0,0,0,1
0,0,1,1,1.2828375486806096,1,1,-0.36767222965078206,0.4828935294509932,1,-0.5643419146691049,-0.5705298937831644,0,0,3.0,0,1,0,0,0,0,0,1,0,0,0,0,0,0,0,0,0,0,0,0
1,0,1,1,0.7129572609402939,1,1,1.4375118662855293,1.3743144247040098,1,-0.4153158793156911,1.5864004343995892,0,1,3.0,0,1,1,0,0,1,0,1,0,1,0,0,0,1,0,1,0,1,0,0
1,1,0,0,-1.2816237461508113,0,1,0.1599459160364854,-0.9783162479515178,1,3.356429067472068,-1.109762475828853,1,1,0.0,0,0,1,0,0,0,0,0,0,0,0,0,0,0,0,0,0,1,0,1
0,0,1,0,-1.0373893371192475,0,1,0.33913698438310474,-0.7908877153496492,1,0.4220295630541291,-0.5705298937831644,1,0,1.0,0,0,1,0,0,0,0,0,0,1,0,0,0,0,0,0,0,0,0,1
0,0,0,0,-0.7524491932490895,1,0,-0.4473127044715016,-0.689549497851343,1,-0.26475091453125177,-0.5705298937831644,0,0,1.0,0,0,0,0,0,0,0,1,0,0,0,0,0,0,0,0,1,0,0,0
1,0,0,0,-1.2816237461508113,0,0,0.18815191753549007,-0.9779432776771141,1,3.405371713118479,-1.109762475828853,1,1,0.0,0,0,1,0,0,0,0,0,0,0,0,0,0,0,0,0,0,0,1,1
0,1,0,0,-1.2002122764736234,0,1,0.1781968581829002,-0.9055870444427745,1,1.364175491747551,-1.109762475828853,1,1,0.0,0,0,1,0,0,0,0,0,0,0,0,0,0,0,0,0,0,1,0,1
0,0,0,0,-1.2002122764736234,0,0,-0.010949269516308983,-0.9324847830556613,1,1.2000736798742886,-0.031297311737476054,0,1,0.0,0,1,0,0,0,0,0,0,0,0,0,1,0,1,0,0,0,1,0,0
0,0,0,0,-1.2409180113122174,0,1,0.36402463276457964,-0.946021410073729,1,2.2537800508499726,-1.109762475828853,1,1,0.0,0,1,1,0,0,0,0,0,0,0,0,0,0,0,0,0,0,1,0,1
1,0,1,0,0.14307697319997809,1,0,-0.9815675563938292,-0.43062036970347295,0,-0.549723164794237,-0.031297311737476054,0,1,2.0,1,0,0,0,0,1,0,0,0,1,0,0,0,0,0,0,0,0,1,0
0,0,1,1,1.4456604880349857,2,1,1.28818597599668,2.079908365592304,1,-0.4865908619931793,1.0471678523539008,0,0,3.0,0,1,1,0,0,0,0,1,0,0,0,1,0,1,0,1,1,0,0,0
1,1,0,0,0.020959768684196134,0,1,0.6278337056082129,0.18295961054661009,1,-0.37574402856813116,-0.031297311737476054,0,0,2.0,0,1,1,0,0,0,0,1,0,1,0,0,0,0,0,0,1,0,0,1
0,0,0,0,-0.9559778674420595,0,0,1.107335731091296,-0.6037005164547479,1,0.4722677493205926,0.5079352703082123,1,0,1.0,0,1,1,0,0,0,0,0,0,1,0,0,0,1,0,1,1,0,0,1
1,1,1,0,-0.019745966154397852,0,1,0.665994766459808,0.1503795601060418,1,-0.36312475986261306,-0.5705298937831644,0,1,2.0,0,1,1,0,0,0,0,0,0,0,0,0,0,0,0,1,0,1,0,1
1,0,1,0,-0.4268033145403377,0,1,-0.3560579937394271,-0.5031301789331553,1,-0.38837177601564066,-0.031297311737476054,0,1,1.0,0,0,0,0,0,1,0,0,0,0,0,1,0,0,0,0,0,1,0,1
0,0,1,0,-0.5489205190561197,0,1,0.8020472442785371,-0.29773325487618535,1,-0.14671276914872985,-0.031297311737476054,0,1,1.0,0,1,1,0,0,0,0,1,0,0,0,0,0,0,0,1,0,1,0,0
1,0,1,1,1.4049547531963917,2,1,-0.1503201004525682,0.7259165723669359,1,-0.5574584188055,0.5079352703082123,0,0,3.0,0,0,0,0,0,1,0,0,0,1,0,1,0,0,0,0,0,0,0,0
0,0,1,1,0.346605647392948,2,0,-1.5008898192872717,-0.6560260520108121,1,-0.6057317219591364,-1.109762475828853,0,0,2.0,0,0,0,1,1,0,1,0,1,0,1,0,1,0,1,0,0,0,0,0
0,0,0,0,-1.2002122764736234,0,0,0.6925415914000478,-0.8894835043596923,1,1.8104172608765974,-0.031297311737476054,0,1,0.0,0,0,1,0,0,0,0,0,0,0,0,1,0,0,0,1,0,1,0,1
1,0,0,0,0.7943687306174818,2,0,-1.5025489958460367,-0.5591415383774454,1,-0.6170510506071305,-1.109762475828853,0,1,3.0,0,0,0,1,1,0,1,0,1,0,1,0,1,0,1,0,0,0,1,0
0,0,0,0,-1.2816237461508113,0,1,0.5647849963751436,-0.9729630275424279,1,4.058899981455857,-0.5705298937831644,1,1,0.0,0,0,1,0,0,0,0,0,0,0,0,0,0,0,0,1,0,1,0,1
0,0,1,1,-1.2409180113122174,0,0,0.025552614776521126,-0.9499705070968282,1,1.8622388856786805,-0.031297311737476054,1,1,0.0,0,0,0,0,0,0,0,0,0,0,0,0,0,1,0,1,0,0,1,1
0,0,0,0,-1.2409180113122174,0,1,0.7373393584867028,-0.9282943523255949,1,2.6856269242006627,-0.031297311737476054,1,0,0.0,0,0,1,0,0,0,0,1,0,0,0,0,0,1,0,0,0,0,0,1
1,0,1,1,-0.9966836022806536,0,1,-1.5125040551986266,-0.9419626159110993,1,-0.41215464730162066,-1.109762475828853,0,1,1.0,0,0,0,1,1,0,1,0,1,0,1,0,1,0,1,0,0,0,1,0
0,1,1,0,0.387311382231542,0,1,1.0160810203592212,0.7157805566743146,1,-0.4038524748527082,0.5079352703082123,0,1,2.0,0,1,1,0,0,0,0,1,0,1,0,0,0,1,0,0,0,1,0,0
0,1,1,0,-0.7931549280876836,0,1,0.1732193285066055,-0.6066623392220722,1,-0.08271717534552278,-1.109762475828853,0,1,1.0,0,0,1,0,0,0,0,0,0,0,0,0,0,0,0,0,0,1,0,1
0,0,0,0,-0.9966836022806536,0,0,0.20640285968190536,-0.761598579094997,1,0.25065033164847556,0.5079352703082123,0,1,1.0,0,1,0,0,0,1,0,0,0,0,0,1,0,0,0,1,0,1,0,1
0,0,1,0,0.8350744654560759,1,0,-1.5224591145512167,-0.5743236224884711,1,-0.6191212599370995,-1.109762475828853,0,0,3.0,0,0,0,1,1,0,1,0,1,0,1,0,1,0,1,0,1,0,0,0
0,0,0,0,-0.7117434584104956,0,1,0.6062644103442684,-0.5130906792025276,1,-0.06091919030972607,-0.031297311737476054,0,0,1.0,0,0,1,0,0,0,0,1,0,0,0,0,0,1,0,0,0,0,0,0
0,0,0,0,0.26519417771576004,0,1,-0.4705411762942116,-0.12634244407368064,0,-0.5136386625390329,0.5079352703082123,0,1,2.0,1,0,0,0,0,0,0,0,0,1,0,0,0,1,0,1,0,1,0,1
1,1,1,0,-0.22327464034736777,0,0,-0.9434064955422343,-0.5560919578984965,0,-0.5096286558579193,-0.5705298937831644,0,0,2.0,1,0,0,0,0,0,0,0,0,0,0,0,0,0,0,1,0,0,0,1
0,0,0,0,-1.2816237461508113,0,1,1.1720436168831305,-0.9649331969287929,1,5.112606352431541,0.5079352703082123,1,0,0.0,0,1,1,0,0,0,0,1,0,0,0,0,0,1,0,1,1,0,0,1
0,0,0,0,0.5501343215859179,2,1,-1.4544328756418519,-0.5977329920642869,1,-0.608047739638572,-1.109762475828853,0,1,2.0,0,0,0,1,1,0,1,0,1,0,1,0,1,0,1,0,0,1,0,0
1,0,1,0,-0.6303319887333076,0,1,0.5166688761709587,-0.42230532652705854,1,-0.1447294723970452,-0.5705298937831644,0,0,1.0,0,1,1,0,0,0,0,1,0,0,0,0,0,0,0,0,0,0,0,0
1,0,1,1,0.7536629957788878,1,0,-1.5108448786398618,-0.5711204660141795,1,-0.6167836272893323,-1.109762475828853,0,1,3.0,0,0,0,1,1,0,1,0,1,0,1,0,1,0,1,0,0,0,1,0
0,0,0,0,-0.9559778674420595,0,1,0.6759498258123978,-0.6660523705639028,1,0.3225608332256866,-0.031297311737476054,1,0,1.0,0,0,1,0,0,0,0,0,0,1,0,0,0,0,0,1,1,0,0,0
0,1,0,0,0.5094285867473239,1,1,1.1687252637656007,0.9479874616325469,1,-0.40902532213241277,0.5079352703082123,0,0,2.0,0,1,1,0,0,0,0,0,0,1,0,0,0,1,0,1,0,0,0,0
1,0,1,1,1.4863662228735797,2,1,1.3296653899658049,2.1932474501552504,1,-0.48700810534907363,1.0471678523539008,0,1,3.0,0,1,1,0,0,0,0,1,0,1,0,0,0,1,0,1,0,1,0,0
0,0,1,1,0.9978974048104517,2,0,-1.4992306427285067,-0.45076076452127883,1,-0.620533173086241,-1.109762475828853,0,0,3.0,0,0,0,1,1,0,1,0,1,0,1,0,1,0,1,0,0,0,0,0
0,0,0,1,-0.4268033145403377,1,1,-0.5136797668221014,-0.5563552310333698,0,-0.4121546473016207,0.5079352703082123,0,0,1.0,1,0,0,0,0,0,0,0,0,1,0,0,0,1,0,1,1,0,0,0
1,0,0,0,-1.2816237461508113,0,1,0.5183280527297236,-0.9735773315237988,1,3.9782885650970616,-0.5705298937831644,1,1,0.0,0,0,1,0,0,0,0,0,0,0,0,0,0,1,0,0,0,1,0,0
1,0,0,0,-0.9152721326034655,0,1,-0.4406759982364418,-0.7787771511454784,1,-0.11902222417872804,-0.5705298937831644,1,1,1.0,0,0,0,0,0,1,0,0,0,0,0,0,0,0,0,0,0,0,1,0
1,0,0,0,-0.019745966154397852,2,1,-1.4892755833759168,-0.7393081203423927,1,-0.5897789370272782,-1.109762475828853,0,0,2.0,0,0,0,1,1,0,1,0,1,0,1,0,1,0,1,0,0,0,0,0
0,0,1,1,-0.6710377235719016,0,1,0.4984179340245439,-0.45255979760957954,1,-0.11816006999307244,-0.5705298937831644,0,0,1.0,0,1,1,0,0,0,0,1,0,0,0,0,0,0,0,0,1,0,0,0
0,0,1,1,0.9978974048104517,1,1,0.9978300782128064,1.4201239501719607,1,-0.47112408242123216,0.5079352703082123,0,1,3.0,0,0,1,0,0,0,0,1,0,0,0,0,0,1,0,1,0,1,0,0
0,0,0,0,-0.5896262538947137,0,0,-1.5025489958460367,-0.8370482716640975,1,-0.5406480327757909,-1.109762475828853,0,1,1.0,0,0,0,1,1,0,1,0,1,0,1,0,1,0,1,0,0,0,1,0
0,0,1,1,0.346605647392948,1,1,0.052099439716760905,0.1883567098115122,1,-0.4774115081635028,0.5079352703082123,0,0,2.0,0,0,0,0,0,0,0,1,0,0,0,1,0,0,0,1,0,0,0,1
1,0,0,0,-0.7524491932490895,0,0,0.38227557491099445,-0.5185535967511482,1,-0.07281897081983399,-0.5705298937831644,0,1,1.0,0,0,1,0,0,0,0,0,0,1,0,0,0,0,0,0,0,1,0,0
0,0,0,0,-0.9559778674420595,0,1,0.9895341954189815,-0.6184438120076514,1,0.4313862453100606,-0.031297311737476054,1,1,1.0,0,1,1,0,0,0,0,0,0,0,0,0,0,1,0,1,0,1,0,1
0,1,0,0,-0.7931549280876836,0,1,1.1902945590295455,-0.434942437000976,1,0.1693991421439753,0.5079352703082123,0,1,1.0,0,1,1,0,0,1,0,0,0,0,0,0,0,1,0,1,0,1,0,1
1,0,0,0,-1.2816237461508113,0,1,0.3374778078243394,-0.9759687291655644,1,3.6644798371288934,-1.109762475828853,1,1,0.0,0,1,1,0,0,0,0,0,0,0,0,0,0,0,0,0,0,1,0,0
1,0,1,0,1.4456604880349857,1,1,1.1737027934418955,1.9548097476716841,1,-0.4923488203045218,1.0471678523539008,0,1,3.0,0,0,1,0,0,0,0,1,0,0,0,1,0,1,0,1,0,1,0,0
0,0,1,1,0.631545791263106,2,0,-1.4842980536996218,-0.5581762035495766,1,-0.612273075959097,-1.109762475828853,0,0,2.0,0,0,0,1,1,0,1,0,1,0,1,0,1,0,1,0,0,0,0,0
1,1,0,0,-0.7931549280876836,0,1,1.3927140991988747,-0.41028252003451215,1,0.21957563599996027,1.0471678523539008,0,1,1.0,0,1,1,0,0,0,0,1,0,1,0,0,0,1,0,1,0,1,0,1
1,0,0,0,-1.2409180113122174,0,1,-0.32619281568165726,-0.9591850668173929,1,1.4553431650104747,-0.031297311737476054,1,1,0.0,0,0,0,0,0,1,0,0,0,1,0,0,0,0,0,0,0,0,1,1
0,0,0,0,-0.019745966154397852,1,0,0.3258635719129846,-0.007189411115615871,1,-0.39889389482701365,0.5079352703082123,0,1,2.0,0,1,0,0,0,1,0,0,0,0,0,0,0,1,0,1,0,0,1,0
0,0,1,0,0.7536629957788878,1,1,-0.14700174733503815,0.3711340836972863,1,-0.5257635939831099,0.5079352703082123,0,0,3.0,0,0,0,0,0,1,0,1,0,0,0,1,0,0,0,0,0,0,0,0
0,0,0,0,-1.2816237461508113,0,0,0.15330920980142534,-0.9784040056631422,1,3.344913150849383,-1.109762475828853,1,1,0.0,0,0,1,0,0,0,0,0,0,0,0,0,0,0,0,0,0,0,1,1
0,0,0,0,-0.30468611002455576,1,0,-1.4942531130522119,-0.777460785471112,1,-0.5716058005387986,-1.109762475828853,0,0,2.0,0,0,0,1,1,0,1,0,1,0,1,0,1,0,1,0,1,0,0,0
0,0,1,1,-0.7524491932490895,2,0,-1.5307549973450416,-0.8967893338524258,1,-0.5154140330183635,-1.109762475828853,0,1,1.0,0,0,0,1,1,0,1,0,1,0,1,0,1,0,1,0,0,0,1,0
0,0,1,0,-0.10115743583158582,1,0,0.17653768162413533,-0.04406958942578093,1,-0.3987813247720509,1.0471678523539008,0,0,2.0,0,0,0,0,0,0,0,1,0,1,0,1,0,0,0,1,0,0,0,0
0,0,1,1,1.6084834273893616,2,0,1.7444595296570529,2.795418927894158,1,-0.47438792274887087,2.1256330164452777,0,0,3.0,0,1,1,0,0,1,0,1,0,1,0,1,0,1,0,1,1,0,0,0
0,0,1,0,0.9571916699718578,0,1,0.6859048851649877,1.1423707928806512,1,-0.4868060717241142,-0.5705298937831644,0,0,3.0,0,1,1,0,0,0,0,0,0,0,0,0,0,1,0,0,0,0,0,0
1,0,1,0,1.6084834273893616,2,1,1.095721495179941,2.1127297497398394,1,-0.5052284939781164,1.0471678523539008,0,0,3.0,0,1,1,0,0,1,0,1,0,1,0,0,0,1,0,0,1,0,0,0
1,0,1,1,0.8350744654560759,2,1,-1.5108448786398618,-0.5217128743696275,1,-0.6183748579337774,-1.109762475828853,0,1,3.0,0,0,0,1,1,0,1,0,1,0,1,0,1,0,1,0,0,0,1,0
1,0,0,1,-1.2002122764736234,0,0,-0.29964599074141746,-0.9397906125483946,1,0.9496024933308888,-0.031297311737476054,1,1,0.0,0,0,0,0,0,1,0,0,0,1,0,0,0,0,0,0,0,0,1,0
1,0,0,0,0.26519417771576004,0,0,0.34245533750063456,0.31518854253671447,1,-0.4431036732250868,-1.109762475828853,0,1,2.0,0,1,1,0,0,0,0,0,0,0,0,0,0,0,0,0,0,1,0,1
1,0,1,0,0.30589991255435406,0,1,1.2068863246171952,0.7958594685316038,1,-0.37521945130447226,0.5079352703082123,0,1,2.0,0,1,1,0,0,0,0,1,0,0,0,0,0,1,0,1,0,1,0,1
1,0,0,1,1.1200146093262338,2,0,-1.4925939364934466,-0.4868072445710119,1,-0.6220841437676173,-1.109762475828853,0,1,3.0,0,0,0,1,1,0,1,0,1,0,1,0,1,0,1,0,0,0,1,0
0,0,0,0,1.4456604880349857,2,1,0.5216464058472539,1.3299090226220502,1,-0.5251441480778205,1.0471678523539008,0,1,3.0,0,1,0,0,0,0,0,1,0,1,0,0,0,1,0,1,0,1,0,0
1,0,1,1,0.7943687306174818,2,0,0.473530285643069,0.7533847361053814,1,-0.4876599496862068,1.5864004343995892,0,1,3.0,0,0,0,0,0,1,0,1,0,1,0,0,0,1,0,1,0,1,0,0
1,0,0,1,-0.38609757970174374,1,0,-0.8056948411647401,-0.5932134699156288,0,-0.46469601689262136,0.5079352703082123,0,0,1.0,1,0,0,0,0,1,0,1,0,0,0,1,0,0,0,0,0,0,0,0
1,0,1,0,1.1607203441648277,2,1,0.5349198183173736,1.0742927480880022,1,-0.5092041059363456,1.5864004343995892,0,1,3.0,0,0,0,0,0,1,0,1,0,0,0,1,0,1,0,1,0,0,1,0
0,0,1,1,1.4049547531963917,2,1,-1.5158224083161567,-0.4065089384346618,1,-0.6271466495442486,-1.109762475828853,0,0,3.0,0,0,0,1,1,0,1,0,1,0,1,0,1,0,1,0,0,0,0,0
1,0,1,0,1.3642490183577978,2,1,0.695859944517578,1.4462318693802274,1,-0.5121024908253725,2.1256330164452777,0,0,3.0,0,0,0,0,0,1,0,1,0,1,0,1,0,1,0,1,0,0,0,0
1,0,1,1,-0.9966836022806536,1,0,-1.3449272227633626,-0.9194308234515278,1,-0.3475375595854434,-1.109762475828853,0,1,1.0,0,1,0,1,1,0,1,0,1,0,1,0,1,0,1,0,0,0,1,0
0,0,1,1,0.1023712383613841,0,1,-0.18184445506910288,-0.0712744800293531,1,-0.46957428712861976,-0.031297311737476054,0,0,2.0,0,1,0,0,0,1,0,1,0,0,0,0,0,0,0,0,1,0,0,0
1,0,1,0,1.2014260790034217,2,1,-0.8737210800741047,0.02027875262282974,0,-0.5891890163344855,0.5079352703082123,0,0,3.0,1,0,0,0,0,1,0,1,0,0,0,1,0,0,0,0,1,0,0,0
0,0,0,0,-1.2816237461508113,0,1,0.6129011165793284,-0.9723267841331507,1,4.142390376970324,0.5079352703082123,0,1,0.0,0,0,1,0,0,1,0,1,0,0,0,1,0,0,0,0,0,0,1,0
1,0,0,0,-1.2816237461508113,0,1,-1.4760021709057967,-0.999948523866939,1,0.5177556199801986,-1.109762475828853,0,1,0.0,0,0,0,1,1,0,1,0,1,0,1,0,1,0,1,0,0,0,1,0
0,0,1,1,0.346605647392948,2,0,-1.5141632317573919,-0.670001467587002,1,-0.6068284759232015,-1.109762475828853,0,0,2.0,0,0,0,1,1,0,1,0,1,0,1,0,1,0,1,0,0,0,0,0
1,1,1,0,1.6084834273893616,2,0,1.1089949076500607,2.031619684770963,1,-0.5045974848481064,0.5079352703082123,0,0,3.0,0,1,1,0,0,0,0,1,0,0,0,0,0,1,0,1,0,0,0,0
1,0,0,0,-1.1188008067964355,0,1,0.9148712502745568,-0.8102821696186474,1,1.1156236246412652,-0.031297311737476054,1,1,0.0,0,1,1,0,0,0,0,0,0,1,0,0,0,1,0,0,0,1,0,1
0,0,1,1,1.5677776925507676,2,0,1.6482272892486831,2.5453752680482613,1,-0.47645184844494565,2.1256330164452777,0,0,3.0,0,1,1,0,0,1,0,1,0,1,0,1,0,1,0,1,0,0,0,0
1,1,0,0,-1.2816237461508113,0,1,0.28936168762015496,-0.9766049725748415,1,3.580989441614427,-1.109762475828853,1,1,0.0,0,1,1,0,0,0,0,0,0,0,0,0,0,0,0,0,0,1,0,1
1,0,0,0,-1.2816237461508113,0,1,-0.6995075414037805,-0.9896808716068811,1,1.8651178648343516,-1.109762475828853,1,0,0.0,0,0,0,0,0,0,0,0,0,0,0,0,0,0,0,0,0,0,0,0
0,0,0,1,1.2014260790034217,2,0,-1.2918335728828827,-0.2898789396857992,1,-0.6122208495798557,-1.109762475828853,0,0,3.0,0,1,0,1,1,0,1,0,1,0,1,0,1,0,1,0,0,0,0,0
0,0,1,1,0.590840056424512,2,1,-1.447796169406792,-0.5517918300288996,1,-0.6086449746761847,-1.109762475828853,0,0,2.0,0,0,0,1,1,0,1,0,1,0,1,0,1,0,1,0,0,0,0,0
0,1,0,0,-0.6710377235719016,0,1,0.9795791360663916,-0.34582448084637096,1,-0.01993607527017043,0.5079352703082123,0,1,1.0,0,0,1,0,0,0,0,0,0,0,0,1,0,1,0,1,0,1,0,1
0,0,1,0,1.1607203441648277,1,0,1.2019087949409006,1.7922605263153404,1,-0.4718702472079634,0.5079352703082123,0,0,3.0,0,1,1,0,0,0,0,0,0,0,0,1,0,1,0,1,0,0,0,0
1,0,1,0,-0.38609757970174374,1,0,-1.5141632317573919,-0.795582752921556,1,-0.5671396918485906,-1.109762475828853,0,0,1.0,0,0,0,1,1,0,1,0,1,0,1,0,1,0,1,0,1,0,0,0
0,0,0,0,-0.8338606629262776,0,1,0.8120023036311275,-0.5281630661740229,1,0.1321938730553005,0.5079352703082123,0,1,1.0,0,0,1,0,0,0,0,0,0,1,0,1,0,0,0,1,0,1,0,1
1,0,1,0,-0.22327464034736777,1,0,0.5282831120823135,-0.04167819178401539,1,-0.32722476220931834,1.0471678523539008,0,1,2.0,0,1,0,0,0,1,0,0,0,0,0,1,0,1,0,1,0,0,1,0
0,0,1,0,0.22448844287716607,1,1,-1.4826388771408567,-0.6514187721505297,1,-0.5999526722254079,-1.109762475828853,0,0,2.0,0,0,0,1,1,0,1,0,1,0,1,0,1,0,1,0,1,0,0,0
0,0,0,0,-0.1418631706701798,1,0,-1.4909347599346818,-0.745955766997943,1,-0.5829740772047826,-1.109762475828853,0,1,2.0,0,0,0,1,1,0,1,0,1,0,1,0,1,0,1,0,0,0,1,0
0,0,1,0,1.2828375486806096,2,0,-1.3067661619117676,-0.2564213121289866,1,-0.6144804439647953,-1.109762475828853,0,1,3.0,0,1,0,1,1,0,1,0,1,0,1,0,1,0,1,0,0,0,1,0
0,0,0,0,0.7536629957788878,2,0,-1.469365464670737,-0.5610283291773706,1,-0.6140153781011869,-1.109762475828853,0,0,3.0,0,0,0,1,1,0,1,0,1,0,1,0,1,0,1,0,0,0,0,0
1,0,0,0,0.7536629957788878,1,0,-0.1669118660402181,0.3265751056199837,1,-0.5270923535934198,-0.031297311737476054,0,0,3.0,0,1,0,0,0,1,0,0,0,0,0,1,0,0,0,0,1,0,0,0
1,0,0,0,-0.22327464034736777,0,0,-0.5286123558509863,-0.4422921453495217,1,-0.45821831379236094,-1.109762475828853,0,1,2.0,0,1,0,0,0,0,0,0,0,0,0,0,0,0,0,0,0,0,1,0
1,0,0,0,-1.1188008067964355,0,1,-0.0325185647802536,-0.8693431095418864,1,0.5676579253451672,0.5079352703082123,0,0,0.0,0,0,0,0,0,0,0,0,0,1,0,1,0,1,0,0,1,0,0,0
0,0,1,1,1.6084834273893616,2,1,1.0011484313303363,1.9937741716329291,1,-0.5097244340294387,0.5079352703082123,0,1,3.0,0,1,1,0,0,1,0,1,0,0,0,0,0,1,0,0,0,1,0,0
0,0,1,0,0.7536629957788878,1,1,0.45527934349665417,0.7246660249762877,1,-0.485568615771238,1.0471678523539008,0,0,3.0,0,1,0,0,0,0,0,1,0,0,0,1,0,1,0,1,1,0,0,0
0,0,0,0,-0.7524491932490895,0,1,0.8252757161012472,-0.5134855889048375,1,0.02967268712206308,-0.031297311737476054,0,1,1.0,0,0,1,0,0,0,0,0,0,0,0,0,0,1,0,1,0,0,1,1
1,0,0,0,-0.4268033145403377,0,0,-0.32619281568165726,-0.45905386826978706,1,-0.3838655477719813,-0.031297311737476054,0,1,1.0,0,0,0,0,0,1,0,0,0,0,0,1,0,0,0,0,0,0,1,0
1,0,1,1,0.346605647392948,1,1,1.250024915145085,0.8398480214833476,1,-0.37842946290661444,1.0471678523539008,0,1,2.0,0,1,1,0,0,0,0,0,0,1,0,1,0,1,0,1,0,1,0,1
0,0,0,0,0.387311382231542,2,1,-1.466047111553207,-0.6383867519743024,1,-0.6041758616845322,-1.109762475828853,0,0,2.0,0,0,0,1,1,0,1,0,1,0,1,0,1,0,1,0,0,0,0,0
0,0,0,0,-1.1595065416350294,0,1,0.1732193285066055,-0.8911728403084626,1,0.9559362474733655,-1.109762475828853,1,1,0.0,0,0,1,0,0,0,0,0,0,0,0,0,0,0,0,0,0,1,0,1
0,0,1,1,1.6084834273893616,2,1,0.8435266582476619,1.8710230724982628,1,-0.5172176674483091,0.5079352703082123,0,0,3.0,0,1,1,0,0,1,0,1,0,0,0,1,0,0,0,0,0,0,0,0
0,0,0,1,-1.1595065416350294,0,1,-1.4892755833759168,-0.9714053281610943,1,-0.19795859811967845,-1.109762475828853,0,0,0.0,0,0,0,1,1,0,1,0,1,0,1,0,1,0,1,0,0,0,0,0
0,1,1,0,-0.5082147842175256,0,1,-0.16359351292268806,-0.4563333792094299,1,-0.33072066546977624,-0.031297311737476054,0,1,1.0,0,0,0,0,0,0,0,1,0,0,0,0,0,0,0,1,0,1,0,0
0,0,0,0,-0.4268033145403377,1,0,0.010620025747636104,-0.376276406780047,1,-0.333045307024045,0.5079352703082123,0,0,1.0,0,0,0,0,0,0,0,1,0,1,0,0,0,1,0,0,0,0,0,0
1,0,0,0,0.18378270803857208,1,1,1.313073624378155,0.6488214227048773,1,-0.34305914756551026,1.0471678523539008,0,0,2.0,0,1,1,0,0,0,0,1,0,0,0,1,0,1,0,1,1,0,0,0
0,0,0,0,-1.2816237461508113,0,0,-0.5103614137045716,-0.9871797768255848,1,2.193321488580876,-0.5705298937831644,1,0,0.0,0,0,0,0,0,1,0,0,0,0,0,0,0,0,0,0,0,0,0,0
1,1,0,0,-0.5082147842175256,0,1,1.1156316138851208,-0.2003221949730721,1,-0.11932133889620035,0.5079352703082123,0,1,1.0,0,1,1,0,0,0,0,0,0,1,0,0,0,1,0,1,0,1,0,1
0,0,1,0,-0.30468611002455576,0,1,0.32088604223668943,-0.22008961951647413,1,-0.3293286315923089,-0.5705298937831644,0,1,2.0,0,0,1,0,0,0,0,0,0,1,0,0,0,0,0,0,0,1,0,0
1,0,0,0,-1.1595065416350294,0,0,0.44864263726159415,-0.864099586272327,1,1.1471004634099378,-0.5705298937831644,1,1,0.0,0,1,1,0,0,0,0,1,0,0,0,0,0,0,0,0,0,1,0,1
1,0,1,1,1.6084834273893616,2,0,-1.3067661619117676,-0.189396359875831,1,-0.619441146509952,-1.109762475828853,0,0,3.0,0,1,0,1,1,0,1,0,1,0,1,0,1,0,1,0,1,0,0,0
0,0,1,0,-0.019745966154397852,0,0,-1.5108448786398618,-0.7275924658405317,1,-0.5920472236347768,-1.109762475828853,0,0,2.0,0,0,0,1,1,0,1,0,1,0,1,0,1,0,1,0,0,0,0,0
0,0,1,1,1.0793088744876398,2,0,-1.5075265255223318,-0.4724369192925121,1,-0.6223201256656232,-1.109762475828853,0,0,3.0,0,0,0,1,1,0,1,0,1,0,1,0,1,0,1,0,1,0,0,0
0,0,0,0,0.1023712383613841,0,0,-1.5158224083161567,-0.7379039969564019,1,-0.5981686894152698,-1.109762475828853,0,0,2.0,0,0,0,1,1,0,1,0,1,0,1,0,1,0,1,0,0,0,0,0
1,0,0,1,0.8350744654560759,1,0,-0.06902044907308347,0.49151572461809306,1,-0.5257143806642096,0.5079352703082123,0,0,3.0,0,0,0,0,0,1,0,1,0,0,0,1,0,0,0,0,1,0,0,0
1,0,0,0,1.5677776925507676,1,1,0.4685527559667738,1.4274517190926002,1,-0.5333116867694532,-0.5705298937831644,0,0,3.0,0,1,1,0,0,0,0,1,0,0,0,0,0,0,0,0,1,0,0,0
0,0,0,0,-0.8745663977648716,0,1,1.0924031420624107,-0.523884877732332,1,0.279280179918762,0.5079352703082123,1,0,1.0,0,1,1,0,0,0,0,0,0,1,0,0,0,1,0,1,0,0,0,1
0,0,1,1,0.7943687306174818,2,0,-1.4959122896109767,-0.5391985984107944,1,-0.6166164877157084,-1.109762475828853,0,1,3.0,0,0,0,1,1,0,1,0,1,0,1,0,1,0,1,0,0,0,1,0
1,0,0,0,0.428017117070136,1,1,-0.986545086070124,-0.3666669373571722,0,-0.5676195217078691,-0.031297311737476054,0,0,2.0,1,0,0,0,0,1,0,0,0,1,0,0,0,0,0,0,1,0,0,0
0,0,1,1,-0.38609757970174374,2,1,-1.3051069853530026,-0.7830553395871692,1,-0.5369104107140423,-1.109762475828853,0,0,1.0,0,1,0,1,1,0,1,0,1,0,1,0,1,0,1,0,1,0,0,0
0,0,1,1,-0.8745663977648716,0,0,-0.4771778825292717,-0.7608526385461893,0,-0.1746388669587412,0.5079352703082123,1,1,1.0,1,0,0,0,0,1,0,0,0,0,0,0,0,1,0,1,0,1,0,0
1,0,0,0,-0.1825689055087738,0,1,1.352893861788515,0.2984487590443551,1,-0.2400115488211387,1.0471678523539008,0,1,2.0,0,1,1,0,0,0,0,1,0,1,0,0,0,1,0,1,0,1,0,1
0,0,1,1,1.2421318138420157,1,1,1.152133498177951,1.7603605981398616,1,-0.4804404341501985,0.5079352703082123,0,0,3.0,0,1,1,0,0,1,0,0,0,0,0,0,0,1,0,1,1,0,0,0
1,1,0,0,-0.7931549280876836,0,1,-0.1669118660402181,-0.663002790084954,1,-0.1670301363330385,-0.031297311737476054,0,1,1.0,0,0,0,0,0,0,0,1,0,0,0,0,0,1,0,0,0,1,0,0
0,0,0,0,-0.6303319887333076,0,1,0.9779199595076267,-0.2991812571179884,1,-0.05580100514408828,0.5079352703082123,0,1,1.0,0,1,1,0,0,1,0,1,0,0,0,0,0,1,0,0,0,1,0,1
1,0,0,0,-1.2002122764736234,0,1,0.7008374741938728,-0.9014843714243326,1,1.8176147087657757,-0.031297311737476054,1,1,0.0,0,0,1,0,0,1,0,0,0,0,0,0,0,0,0,1,0,0,1,0
0,0,0,0,-1.1595065416350294,0,0,-0.6397771852882409,-0.9250911958513032,1,0.391656332961797,-1.109762475828853,1,1,0.0,0,0,0,0,0,0,0,0,0,0,0,0,0,0,0,0,0,0,1,1
1,0,1,1,0.590840056424512,0,0,0.7389985350454678,0.7538893429472217,1,-0.4505410360439043,-0.031297311737476054,0,1,2.0,0,1,1,0,0,0,0,1,0,0,0,0,0,1,0,0,0,1,0,0
0,0,1,1,1.4863662228735797,1,0,-0.19345869098045787,0.8053373013870416,1,-0.5625196157749657,0.5079352703082123,0,0,3.0,0,0,0,0,0,0,0,1,0,1,0,1,0,0,0,0,0,0,0,0
0,0,0,0,-1.2002122764736234,0,1,0.4702119325255387,-0.900760370303431,1,1.6175256574466224,-0.031297311737476054,1,1,0.0,0,0,1,0,0,1,0,1,0,0,0,0,0,0,0,0,0,1,0,1
0,0,1,1,-0.8745663977648716,2,0,-1.3250171040581826,-0.8769780304532115,1,-0.4198319250500774,-1.109762475828853,0,1,1.0,0,1,0,1,1,0,1,0,1,0,1,0,1,0,1,0,0,0,1,0
0,1,0,0,-0.9966836022806536,0,1,0.9795791360663916,-0.6829237906236987,1,0.5487846175468779,0.5079352703082123,1,0,1.0,0,0,1,0,0,0,0,0,0,1,0,0,0,1,0,1,1,0,0,1
1,0,0,0,-1.1595065416350294,0,0,-1.5241182911099815,-0.9743013326447003,1,-0.2221420230273171,-1.109762475828853,0,1,0.0,0,0,0,1,1,0,1,0,1,0,1,0,1,0,1,0,0,0,1,0
0,0,0,0,0.8350744654560759,1,1,-0.37596811244460704,0.2544382666647052,0,-0.5454407193234386,1.5864004343995892,0,1,3.0,1,0,0,0,0,1,0,1,0,1,0,1,0,1,0,0,0,1,0,0
0,0,1,1,-0.5082147842175256,0,0,-1.4909347599346818,-0.8256617085808282,1,-0.5500714582828252,-1.109762475828853,0,1,1.0,0,0,0,1,1,0,1,0,1,0,1,0,1,0,1,0,0,1,0,0
1,1,0,0,-1.1188008067964355,0,0,-0.6480730680820658,-0.9146919070238088,0,0.21162416976048717,0.5079352703082123,0,0,0.0,1,0,0,0,0,0,0,0,0,1,0,1,0,1,0,0,1,0,0,0
0,0,0,0,-1.1595065416350294,0,1,0.16990097538907525,-0.8918090837177395,1,0.9536330641488285,-1.109762475828853,1,0,0.0,0,0,1,0,0,0,0,0,0,0,0,0,0,0,0,0,1,0,0,1
0,0,0,0,1.2014260790034217,2,1,0.0056424960713409395,0.6789881360757739,1,-0.5407490495882706,0.5079352703082123,0,1,3.0,0,0,0,0,0,1,0,0,0,0,0,1,0,0,0,1,0,0,1,0
0,1,0,0,0.46872285190873,1,0,0.8037064208373025,0.7421736884453609,1,-0.43160375093104436,0.5079352703082123,0,0,2.0,0,0,1,0,0,0,0,1,0,1,0,0,0,0,0,1,1,0,0,0
1,0,0,0,-1.2002122764736234,0,1,-1.497571466169742,-0.9834061952257346,1,-0.08970898186643875,-1.109762475828853,0,1,0.0,0,0,0,1,1,0,1,0,1,0,1,0,1,0,1,0,0,0,1,1
0,0,1,1,1.6084834273893616,2,1,0.6394479415195682,1.6179078927455115,1,-0.526919432822215,1.5864004343995892,0,0,3.0,0,1,0,0,0,1,0,0,0,1,0,1,0,1,0,1,0,0,0,0
1,0,1,1,-0.8338606629262776,2,0,-1.5008898192872717,-0.8955607258896838,1,-0.48523642586866056,-1.109762475828853,0,1,1.0,0,0,0,1,1,0,1,0,1,0,1,0,1,0,1,0,0,0,1,0
1,0,1,1,-1.2409180113122174,0,0,1.067515493680936,-0.928118836902346,1,3.067571492186384,0.5079352703082123,1,1,0.0,0,0,1,0,0,1,0,0,0,0,0,0,0,1,0,1,0,1,0,0
1,0,1,0,0.631545791263106,2,0,-1.5158224083161567,-0.6337136538303016,1,-0.6145057536716583,-1.109762475828853,0,1,2.0,0,0,0,1,1,0,1,0,1,0,1,0,1,0,1,0,0,0,1,0
1,0,0,0,-1.1595065416350294,0,1,-0.28305422515376755,-0.905872257005554,1,0.639248540349526,-0.5705298937831644,1,1,0.0,0,0,0,0,0,0,0,0,0,0,0,0,0,1,0,0,0,1,0,0
0,0,0,0,0.06166550352279012,0,0,0.6776090023711627,0.2620731875760303,1,-0.3789230021904438,-0.5705298937831644,0,1,2.0,0,1,1,0,0,0,0,0,0,0,0,0,0,1,0,0,0,1,0,0
1,0,0,0,1.2014260790034217,1,1,0.3109309828840996,1.0525288356051448,1,-0.5239321554726035,1.0471678523539008,0,0,3.0,0,0,0,0,0,1,0,1,0,0,0,0,0,1,0,1,1,0,0,0
1,0,0,0,-1.2816237461508113,0,1,0.5282831120823135,-0.9734456949563622,1,3.995562440031089,-0.5705298937831644,1,1,0.0,0,0,1,0,0,0,0,0,0,0,0,0,0,0,0,1,0,0,1,1
1,0,1,0,0.8350744654560759,1,0,0.41379992952752936,0.8146615582471369,1,-0.49468538309753035,1.0471678523539008,0,0,3.0,0,1,0,0,0,1,0,0,0,1,0,1,0,1,0,0,0,0,0,0
1,1,1,0,-0.4268033145403377,0,1,0.8236165395424823,-0.15815461453753518,1,-0.21037576039109537,-0.031297311737476054,0,0,1.0,0,0,1,0,0,0,0,0,0,0,0,0,0,1,0,1,0,0,0,0
0,0,0,0,1.6084834273893616,2,1,0.2677923923562099,1.3013877663441116,1,-0.5445876884624989,1.5864004343995892,0,0,3.0,0,0,0,0,0,1,0,1,0,1,0,1,0,0,0,1,1,0,0,0
0,0,0,0,-1.2002122764736234,0,0,1.0111034906829266,-0.8802908840670336,1,2.0867992598210394,0.5079352703082123,1,1,0.0,0,0,1,0,0,0,0,1,0,0,0,0,0,1,0,1,0,1,0,0
1,0,1,1,-1.2816237461508113,1,0,-1.4959122896109767,-1.0002117970018123,1,0.4832078701121435,-1.109762475828853,0,0,0.0,0,0,0,1,1,0,1,0,1,0,1,0,1,0,1,0,1,0,0,0
0,0,0,1,1.4049547531963917,2,1,1.296481858790505,2.0797328501690555,1,-0.48362107104828395,1.0471678523539008,0,1,3.0,0,1,1,0,0,0,0,1,0,0,0,1,0,1,0,1,0,1,0,0
0,0,0,0,-1.1595065416350294,0,1,-0.017585975751368575,-0.8979082446756372,1,0.8235032063124873,-0.031297311737476054,0,1,0.0,0,1,0,0,0,0,0,0,0,0,0,1,0,1,0,0,0,0,1,0
1,0,1,1,-0.2639803751859618,1,1,-1.4892755833759168,-0.78693861832655,1,-0.5742305108801512,-1.109762475828853,0,0,2.0,0,0,0,1,1,0,1,0,1,0,1,0,1,0,1,0,0,0,0,0
1,0,0,0,-1.2409180113122174,0,1,0.6991782976351079,-0.9363241829392299,1,2.6414825771470367,-0.5705298937831644,1,1,0.0,0,1,1,0,0,0,0,0,0,0,0,0,0,0,0,1,0,1,0,1
0,0,0,0,-1.2409180113122174,0,0,-1.4925939364934466,-0.9921819663881771,1,0.10606160071920735,-1.109762475828853,0,1,0.0,0,0,0,1,1,0,1,0,1,0,1,0,1,0,1,0,0,0,1,0
1,1,0,0,-0.22327464034736777,1,1,1.3180511540544502,0.2916475363934621,1,-0.2293394709164952,1.0471678523539008,0,0,2.0,0,1,1,0,0,0,0,1,0,0,0,1,0,1,0,1,0,0,0,0
0,0,1,1,1.2828375486806096,2,1,-0.34278458126930716,0.49327087885058163,0,-0.5630131550587951,1.0471678523539008,0,1,3.0,1,0,0,0,0,0,0,1,0,0,0,1,0,1,0,1,0,1,0,0
0,0,1,0,-0.5896262538947137,0,1,-0.8587884910452199,-0.7149992342224266,0,-0.4230644630494276,-0.031297311737476054,0,1,1.0,1,0,0,0,0,0,0,0,0,1,0,0,0,1,0,0,0,1,0,1
1,0,1,1,1.4049547531963917,2,1,0.49012205123071895,1.3137616036831556,1,-0.524773537802879,1.0471678523539008,0,1,3.0,0,1,0,0,0,1,0,0,0,1,0,0,0,1,0,1,0,1,0,1
1,0,1,1,0.7129572609402939,1,0,0.3507512202944595,0.7574654696959171,1,-0.4892661282162668,1.0471678523539008,0,1,3.0,0,0,0,0,0,1,0,0,0,0,0,1,0,1,0,1,0,1,0,0
0,0,1,0,0.26519417771576004,1,1,1.319710330613215,0.8054031196707602,1,-0.35831773709056797,1.5864004343995892,0,0,2.0,0,0,1,0,0,1,0,0,0,1,0,1,0,1,0,1,1,0,0,1
1,0,0,0,-1.1595065416350294,0,1,0.7804779490145926,-0.8462847708125684,1,1.377418795863639,-0.031297311737476054,1,1,0.0,0,0,1,0,0,0,0,0,0,0,0,0,0,1,0,1,0,1,0,1
0,1,1,0,-0.8745663977648716,0,1,1.29814103534927,-0.5114891009653818,1,0.33877908246930144,1.0471678523539008,0,0,1.0,0,1,1,0,0,0,0,0,0,1,0,1,0,1,0,1,0,0,0,1
0,1,0,0,-1.2409180113122174,0,0,0.5498524073462585,-0.9375966697577839,1,2.468743827806761,-0.5705298937831644,1,1,0.0,0,0,1,0,0,0,0,0,0,0,0,0,0,1,0,0,0,0,1,0
0,0,0,1,-0.6710377235719016,1,1,-1.5141632317573919,-0.8508042929612264,1,-0.5290073306788662,-1.109762475828853,0,0,1.0,0,0,0,1,1,0,1,0,1,0,1,0,1,0,1,0,0,0,0,0
0,0,0,0,0.22448844287716607,0,1,0.6411071180783331,0.42350349810916266,1,-0.410973527648012,0.5079352703082123,0,0,2.0,0,0,1,0,0,0,0,1,0,1,0,1,0,0,0,0,1,0,0,1
0,0,1,0,1.6084834273893616,2,1,0.9795791360663916,2.028241012873423,1,-0.5107498238657052,0.5079352703082123,0,0,3.0,0,1,1,0,0,1,0,1,0,0,0,0,0,0,0,1,1,0,0,0
0,0,0,0,-0.5489205190561197,0,1,-0.8372191957812748,-0.6973599341859169,0,-0.43115590972905105,-0.031297311737476054,0,1,1.0,1,0,0,0,0,0,0,1,0,0,0,0,0,0,0,1,0,1,0,0
1,0,0,0,-1.2816237461508113,0,0,-1.4892755833759168,-1.0001240392901878,1,0.49472378673482853,-1.109762475828853,0,1,0.0,0,0,0,1,1,0,1,0,1,0,1,0,1,0,1,0,0,0,1,0
1,0,1,1,0.387311382231542,1,0,0.27276992203250505,0.34616701474013695,1,-0.46384236609646295,1.0471678523539008,0,1,2.0,0,0,0,0,0,0,0,0,0,1,0,1,0,1,0,1,0,1,0,0
1,0,0,1,-0.9966836022806536,2,1,-0.6762790695810708,-0.8582198195934904,0,-0.08970898186643884,0.5079352703082123,0,1,1.0,1,0,0,0,0,1,0,0,0,0,0,1,0,0,0,1,0,0,1,0
0,0,1,1,0.9571916699718578,2,1,-1.497571466169742,-0.5175224436395611,1,-0.619744196947391,-1.109762475828853,0,0,3.0,0,0,0,1,1,0,1,0,1,0,1,0,1,0,1,0,1,0,0,0
1,0,1,1,1.2014260790034217,1,0,0.21469874247573031,0.9600541469809055,1,-0.5292331329655855,1.0471678523539008,0,0,3.0,0,0,0,0,0,1,0,0,0,1,0,1,0,0,0,1,1,0,0,0
1,0,0,0,-1.2409180113122174,0,0,-0.38094564212090193,-0.9564865171849418,1,1.3920056235857066,-0.031297311737476054,1,1,0.0,0,0,0,0,0,1,0,0,0,1,0,0,0,0,0,0,0,1,0,0
1,0,1,0,0.1023712383613841,0,1,0.34079616094186965,0.12148533355369927,1,-0.41919215190437265,-1.109762475828853,0,1,2.0,0,1,1,0,0,0,0,0,0,0,0,0,0,0,0,0,0,1,0,1
1,0,1,0,-0.10115743583158582,1,0,-1.497571466169742,-0.7558943278394092,1,-0.586193580776716,-1.109762475828853,0,0,2.0,0,0,0,1,1,0,1,0,1,0,1,0,1,0,1,0,1,0,0,0
0,0,1,1,1.0793088744876398,2,0,0.841867481688897,1.2701679604337222,1,-0.4864323095179394,2.1256330164452777,0,0,3.0,0,1,0,0,0,1,0,1,0,1,0,1,0,1,0,1,1,0,0,0
0,0,1,0,1.3235432835192036,1,1,1.4308751600504692,2.114770116535107,1,-0.47121734088917977,1.5864004343995892,0,0,3.0,0,1,1,0,0,0,0,1,0,1,0,1,0,1,0,1,1,0,0,0
0,0,0,1,1.2014260790034217,1,1,1.1687252637656007,1.8053144859194736,1,-0.476680338854126,0.5079352703082123,0,1,3.0,0,1,1,0,0,0,0,0,0,1,0,0,0,1,0,1,0,1,0,1
1,0,0,0,0.30589991255435406,0,1,-0.10054480368961842,0.15259544232455846,1,-0.4858846012883239,0.5079352703082123,0,1,2.0,0,0,0,0,0,1,0,1,0,0,0,1,0,0,0,0,0,0,1,0
1,0,0,0,-0.3453918448631497,0,1,1.152133498177951,0.04629891411947203,1,-0.2007224181091228,0.5079352703082123,0,0,1.0,0,1,1,0,0,0,0,1,0,0,0,0,0,1,0,1,0,0,0,0
0,0,1,0,-0.7117434584104956,0,0,0.7705228896620027,-0.39874238095590014,1,-0.025291823258294117,-0.031297311737476054,0,1,1.0,0,0,1,0,0,0,0,0,0,0,0,0,0,1,0,1,0,1,0,1
1,0,1,0,0.1023712383613841,0,0,-0.13040998174738822,-0.07410466622924097,1,-0.4646160452494082,0.5079352703082123,0,1,2.0,0,0,0,0,0,1,0,1,0,1,0,0,0,0,0,0,0,0,1,0
0,0,1,1,0.7536629957788878,2,0,0.6825865320474579,0.931379314707624,1,-0.47039861022020096,2.1256330164452777,0,0,3.0,0,0,0,0,0,1,0,1,0,1,0,1,0,1,0,1,1,0,0,0
1,0,0,0,-0.4675090493789317,0,1,-0.9599982611298843,-0.6666008562615554,0,-0.4713045826817758,-0.031297311737476054,0,1,1.0,1,0,0,0,0,0,0,1,0,0,0,1,0,0,0,0,0,0,1,0
0,0,0,0,1.3642490183577978,2,1,0.8335715988950722,1.6088688484481954,1,-0.5049694976934108,2.1256330164452777,0,0,3.0,0,1,0,0,0,1,0,1,0,1,0,1,0,1,0,1,1,0,0,0
0,0,1,1,1.5677776925507676,2,1,0.5664441729339085,1.623743780568536,1,-0.5285933598198809,1.5864004343995892,0,0,3.0,0,0,0,0,0,1,0,0,0,1,0,1,0,1,0,1,1,0,0,0
0,0,1,1,0.9978974048104517,0,1,1.1836578527944854,1.4534280017334302,1,-0.4600052663717431,0.5079352703082123,0,1,3.0,0,1,1,0,0,0,0,1,0,0,0,0,0,1,0,1,0,1,0,0
1,1,0,0,-1.2409180113122174,0,1,-0.5203164730571613,-0.9689481122356104,1,1.230782790868116,-0.5705298937831644,1,1,0.0,0,0,0,0,0,1,0,0,0,0,0,0,0,0,0,0,0,1,0,1
1,1,1,0,-1.0780950719578415,0,1,0.5266239355235486,-0.8083514999629101,1,0.6695189497577269,-0.5705298937831644,1,1,0.0,0,1,1,0,0,0,0,0,0,1,0,0,0,0,0,0,0,1,0,0
0,0,1,1,0.5501343215859179,2,0,-1.5108448786398618,-0.5842402439020313,1,-0.6122130711829475,-1.109762475828853,0,1,2.0,0,0,0,1,1,0,1,0,1,0,1,0,1,0,1,0,0,0,1,0
1,0,1,1,-0.30468611002455576,0,1,0.3507512202944595,-0.17476276146245795,1,-0.3253423527613794,-0.5705298937831644,0,1,2.0,0,0,1,0,0,0,0,1,0,0,0,0,0,0,0,0,0,1,0,0
1,0,0,0,-1.2409180113122174,0,0,-1.4892755833759168,-0.9941345754718208,1,0.1099002395934358,-1.109762475828853,0,1,0.0,0,0,0,1,1,0,1,0,1,0,1,0,1,0,1,0,0,0,1,0
0,0,1,1,-0.30468611002455576,0,1,0.8020472442785371,0.03030507117592041,1,-0.26510525042733446,-0.031297311737476054,0,1,2.0,0,1,1,0,0,0,0,0,0,1,0,0,0,0,0,1,0,1,0,1
0,0,0,0,0.18378270803857208,0,0,-1.205556391827103,-0.5817391491207352,0,-0.5730744295817726,-0.5705298937831644,0,0,2.0,1,0,0,0,0,0,0,0,0,0,0,1,0,0,0,0,1,0,0,1
0,0,1,0,0.020959768684196134,0,1,1.309755271260625,0.48717171789268393,1,-0.3061404736869022,1.0471678523539008,0,1,2.0,0,1,1,0,0,0,0,1,0,1,0,0,0,1,0,1,0,1,0,1
1,0,0,0,-0.6710377235719016,2,0,-1.4992306427285067,-0.8841522233785084,1,-0.5259589998081554,-1.109762475828853,0,1,1.0,0,0,0,1,1,0,1,0,1,0,1,0,1,0,1,0,0,0,1,0
1,0,0,0,-0.9559778674420595,0,1,1.0276952562705766,-0.6458461574623786,1,0.4446295494261484,0.5079352703082123,0,0,1.0,0,0,1,0,0,0,0,0,0,0,0,1,0,1,0,1,0,0,0,0
1,0,0,0,-1.2816237461508113,0,0,-0.6513914211995958,-0.9890446281976039,1,1.9486082603488182,-1.109762475828853,1,1,0.0,0,0,0,0,0,0,0,0,0,0,0,0,0,0,0,0,0,1,0,1
0,0,0,1,-1.1595065416350294,0,0,-1.477661347464562,-0.9674562311379951,1,-0.18989745648379885,-1.109762475828853,0,0,0.0,0,0,0,1,1,0,1,0,1,0,1,0,1,0,1,0,1,0,0,0
1,0,1,0,0.1023712383613841,0,1,0.881687719099257,0.4111516001980246,1,-0.36705064052943753,-0.031297311737476054,0,0,2.0,0,1,1,0,0,0,0,0,0,0,0,1,0,1,0,0,1,0,0,0
0,0,0,0,0.18378270803857208,1,1,-1.497571466169742,-0.7039417625577489,1,-0.5997428680764116,-1.109762475828853,0,1,2.0,0,0,0,1,1,0,1,0,1,0,1,0,1,0,1,0,0,1,0,0
0,1,0,0,0.9571916699718578,1,0,1.512174811429954,1.6850206027102914,1,-0.43649969910922687,1.5864004343995892,0,1,3.0,0,1,1,0,0,1,0,1,0,1,0,0,0,1,0,1,0,1,0,0
1,0,0,0,-0.22327464034736777,0,1,-1.5108448786398618,-0.8069693160048254,1,-0.5799580038036031,-1.109762475828853,0,0,2.0,0,0,0,1,1,0,1,0,1,0,1,0,1,0,1,0,1,0,0,0
1,0,1,0,0.22448844287716607,2,0,-1.477661347464562,-0.6826824569167316,1,-0.5995097523553047,-1.109762475828853,0,0,2.0,0,0,0,1,1,0,1,0,1,0,1,0,1,0,1,0,0,0,0,0
0,0,1,1,-0.6710377235719016,0,1,-0.9765900267175343,-0.7664033138064343,0,-0.4192674193332791,-0.5705298937831644,0,0,1.0,1,0,0,0,0,0,0,0,0,0,0,0,0,0,0,1,1,0,0,0
0,0,1,1,1.3235432835192036,0,1,1.3462571555534548,2.056301541165333,1,-0.4756666723115808,1.0471678523539008,0,1,3.0,0,1,1,0,0,0,0,1,0,1,0,0,0,1,0,1,0,1,0,1
0,0,0,0,-0.7524491932490895,1,0,-0.19345869098045787,-0.669804012735847,1,-0.20601973975555796,-0.031297311737476054,0,0,1.0,0,0,0,0,0,0,0,0,0,0,0,1,0,0,0,1,1,0,0,0
1,1,0,0,-1.1188008067964355,0,1,0.8153206567486573,-0.7993124556655942,1,1.0580440415278398,-0.031297311737476054,1,1,0.0,0,0,1,0,0,0,0,0,0,0,0,0,0,1,0,1,0,1,0,1
1,0,1,0,1.6084834273893616,2,1,1.3728039804936945,2.310667268308733,1,-0.4920561783891547,1.0471678523539008,0,0,3.0,0,1,1,0,0,0,0,1,0,1,0,0,0,1,0,1,0,0,0,0
0,0,0,0,-1.1595065416350294,0,0,-0.4722003528529765,-0.914779664735433,1,0.5079670908509164,-1.109762475828853,1,1,0.0,0,1,0,0,0,0,0,0,0,0,0,0,0,0,0,0,0,1,0,0
1,1,0,0,-0.5082147842175256,1,0,-0.3626946999744871,-0.5456049113593775,1,-0.3636232843917336,-0.031297311737476054,0,1,1.0,0,0,0,0,0,1,0,0,0,0,0,1,0,0,0,0,0,0,1,0
0,0,1,1,0.9978974048104517,2,1,-1.4876164068171518,-0.5316514352110938,1,-0.6198382470831479,-1.109762475828853,0,0,3.0,0,0,0,1,1,0,1,0,1,0,1,0,1,0,1,0,0,0,0,0
1,0,1,1,1.3235432835192036,2,0,0.9828974891839214,1.658364197804372,1,-0.49477262489012647,1.0471678523539008,0,0,3.0,0,1,1,0,0,1,0,1,0,1,0,1,0,0,0,0,1,0,0,0
0,0,0,0,-1.1595065416350294,0,1,0.6875640617237531,-0.8677854101605528,1,1.3129296627766027,-0.5705298937831644,1,1,0.0,0,1,1,0,0,0,0,0,0,0,0,0,0,1,0,0,0,1,0,1
0,0,0,0,-0.019745966154397852,1,0,-1.4992306427285067,-0.7350518713286079,1,-0.5908258385384314,-1.109762475828853,0,0,2.0,0,0,0,1,1,0,1,0,1,0,1,0,1,0,1,0,0,0,0,0
1,0,1,1,0.5094285867473239,2,0,-1.5174815848749215,-0.612388529905566,1,-0.6116804200903163,-1.109762475828853,0,1,2.0,0,0,0,1,1,0,1,0,1,0,1,0,1,0,1,0,0,1,0,0
1,0,0,0,-0.4268033145403377,0,0,0.6012868806679732,-0.21940949725138484,1,-0.24392212620500403,-0.5705298937831644,0,1,1.0,0,1,1,0,0,0,0,0,0,0,0,0,0,0,0,1,0,1,0,0
1,0,1,0,0.06166550352279012,0,0,0.7937513614847123,0.30755362162538935,1,-0.36740708556775875,-0.031297311737476054,0,1,2.0,0,1,1,0,0,0,0,1,0,0,0,0,0,0,0,1,0,0,1,0
1,0,0,0,0.590840056424512,1,1,0.7307026522516428,0.8071802133311545,1,-0.45114082336800243,2.1256330164452777,0,0,2.0,0,0,0,0,0,1,0,1,0,1,0,1,0,1,0,1,0,0,0,0
1,0,0,0,-0.5896262538947137,2,0,-1.4892755833759168,-0.8384085161942761,1,-0.5382236292762783,-1.109762475828853,0,0,1.0,0,0,0,1,1,0,1,0,1,0,1,0,1,0,1,0,1,0,0,0
0,0,0,1,-1.2816237461508113,0,1,0.4868036981131887,-0.9739941806540149,1,3.923587961139307,-0.5705298937831644,1,1,0.0,0,0,1,0,0,0,0,0,0,0,0,0,0,0,0,1,0,1,0,1
1,1,0,0,-1.0780950719578415,0,0,-0.6713015399047756,-0.8875967135597671,1,0.07562667821639692,-1.109762475828853,1,0,0.0,0,0,0,0,0,0,0,0,0,0,0,0,0,0,0,0,1,0,0,0
0,0,0,0,0.14307697319997809,0,1,-0.998159321981479,-0.45288888902817115,0,-0.5512793697432484,-0.031297311737476054,0,0,2.0,1,0,0,0,0,0,0,1,0,0,0,1,0,0,0,0,0,0,0,0
1,0,1,1,0.1023712383613841,1,1,0.2827249813850949,0.1587384821382683,1,-0.424790166929289,0.5079352703082123,0,0,2.0,0,1,0,0,0,0,0,0,0,0,0,1,0,1,0,1,0,0,0,0
1,1,0,0,-0.30468611002455576,0,1,0.7970697146022425,-0.0035694055111082836,1,-0.2657696302324893,-0.031297311737476054,0,1,2.0,0,1,1,0,0,0,0,1,0,0,0,0,0,1,0,0,0,1,0,1
1,0,0,0,-1.1188008067964355,0,1,-0.45063105758903166,-0.8938275110851014,1,0.32582367626878084,-0.5705298937831644,1,1,0.0,0,0,0,0,0,0,0,1,0,0,0,0,0,0,0,0,0,1,0,0
0,0,0,0,-1.1595065416350294,0,0,-0.5535000042324613,-0.9201767640003354,0,0.4515390993997595,1.0471678523539008,0,1,0.0,1,0,0,0,0,1,0,0,0,1,0,1,0,0,0,1,0,0,1,0
0,0,0,0,0.590840056424512,1,1,-0.20009539721551794,0.22541240354492634,1,-0.5184369611318183,0.5079352703082123,0,1,2.0,0,0,0,0,0,1,0,1,0,0,0,1,0,0,0,0,0,0,1,0
1,0,1,0,0.7943687306174818,0,1,-0.8305824895462149,-0.12217395277152038,0,-0.5730515578506451,-0.031297311737476054,0,1,3.0,1,0,0,0,0,1,0,0,0,0,0,0,0,0,0,1,0,1,0,0
0,0,1,1,-1.1595065416350294,0,0,-1.462728758435677,-0.9813219495746545,1,-0.1795331315233823,-1.109762475828853,0,1,0.0,0,0,0,1,1,0,1,0,1,0,1,0,1,0,1,0,0,0,1,0
0,1,1,1,1.4456604880349857,2,1,-0.395878231149787,0.5953989157535078,0,-0.5712912632397398,1.0471678523539008,0,1,3.0,1,0,0,0,0,0,0,1,0,1,0,0,0,1,0,1,0,1,0,0
1,1,0,0,-0.4675090493789317,1,0,-1.4743429943470319,-0.8204401247391748,1,-0.5524394497961479,-1.109762475828853,0,0,1.0,0,0,0,1,1,0,1,0,1,0,1,0,1,0,1,0,0,0,0,0
0,0,1,1,1.2828375486806096,1,1,1.309755271260625,1.9404394223931845,1,-0.47478351693422327,1.0471678523539008,0,0,3.0,0,1,1,0,0,1,0,0,0,0,0,1,0,1,0,1,0,0,0,0
0,0,0,0,-1.2816237461508113,0,1,0.5083729933771337,-0.9737089680912354,1,3.9610146901630343,-0.5705298937831644,1,1,0.0,0,0,1,0,0,0,0,0,0,0,0,0,0,1,0,0,0,1,0,1
1,1,0,0,-1.2409180113122174,0,0,0.04878108659923111,-0.9674342917100889,1,1.8891093577982792,0.5079352703082123,1,0,0.0,0,0,0,0,0,1,0,0,0,1,0,0,0,1,0,0,0,0,0,1
0,0,1,1,0.9164859351332638,0,1,0.6693131195773377,1.0099224666114857,1,-0.48474605029818907,-0.031297311737476054,0,1,3.0,0,1,1,0,0,1,0,1,0,0,0,0,0,0,0,0,0,1,0,0
1,0,1,1,1.6084834273893616,2,0,1.3379612727596297,2.3301494802893554,1,-0.4937125773554314,1.0471678523539008,0,0,3.0,0,1,1,0,0,1,0,0,0,1,0,0,0,1,0,1,0,0,0,0
0,0,0,0,-1.2816237461508113,0,0,-1.3449272227633626,-0.9982153090623564,0,0.7451949732782287,-1.109762475828853,1,1,0.0,1,0,0,0,0,0,0,0,0,0,0,0,0,0,0,0,0,0,1,0
0,0,0,0,-0.8338606629262776,0,1,1.1687252637656007,-0.4980402316589385,1,0.22742164512750393,0.5079352703082123,0,0,1.0,0,1,1,0,0,0,0,0,0,1,0,0,0,1,0,1,0,0,0,1
0,0,1,0,1.0793088744876398,0,0,1.2002496183821352,1.641317262321327,1,-0.4657036595971063,0.5079352703082123,0,1,3.0,0,1,1,0,0,0,0,1,0,0,0,0,0,1,0,1,0,1,0,1
1,0,1,0,1.2421318138420157,0,1,1.2765717400853254,1.8883990993998994,1,-0.47369282675409397,1.0471678523539008,0,1,3.0,0,1,1,0,0,0,0,1,0,1,0,0,0,1,0,1,0,1,0,1
1,0,1,1,-0.9152721326034655,0,1,-1.3449272227633626,-0.8975133349733272,1,-0.40430288596797176,-1.109762475828853,0,1,1.0,0,1,0,1,1,0,1,0,1,0,1,0,1,0,1,0,0,0,1,0
0,0,1,1,-0.3453918448631497,2,0,-1.3349721634107725,-0.7580443917742077,1,-0.5459695984572212,-1.109762475828853,0,1,1.0,0,1,0,1,1,0,1,0,1,0,1,0,1,0,1,0,0,0,1,0
1,0,1,1,1.3235432835192036,2,1,1.2998002119080347,1.9309835289656527,1,-0.47810944250427156,1.0471678523539008,0,0,3.0,0,1,1,0,0,0,0,0,0,1,0,1,0,1,0,1,0,0,0,0
0,0,0,0,-0.5082147842175256,0,1,0.1317399145374807,-0.4076278492578733,1,-0.2819151140688729,0.5079352703082123,0,0,1.0,0,1,0,0,0,0,0,1,0,0,0,1,0,0,0,1,1,0,0,0
0,0,1,0,0.631545791263106,1,1,-0.14368339421750811,0.3009717932535574,1,-0.5173255184985914,-0.031297311737476054,0,0,2.0,0,1,0,0,0,1,0,0,0,0,0,1,0,0,0,0,0,0,0,0
1,0,0,0,1.2014260790034217,0,1,0.5133505230534289,1.1767498764095201,1,-0.5127818235046069,1.5864004343995892,0,0,3.0,0,0,0,0,0,0,0,1,0,1,0,1,0,1,0,1,0,0,0,0
0,1,0,0,-1.0780950719578415,0,0,-1.5075265255223318,-0.9620591318730928,1,-0.3389463202002656,-1.109762475828853,0,0,0.0,0,0,0,1,1,0,1,0,1,0,1,0,1,0,1,0,0,0,0,0
1,1,0,0,-0.3453918448631497,0,0,-0.33614787503424737,-0.4423140847774278,1,-0.407317962320093,-0.5705298937831644,0,0,1.0,0,1,0,0,0,0,0,1,0,0,0,0,0,0,0,0,1,0,0,0
0,0,1,0,0.06166550352279012,0,1,-0.13538751142368316,-0.12976499482703335,1,-0.45953441854923927,-0.031297311737476054,0,0,2.0,0,1,0,0,0,1,0,0,0,0,0,1,0,0,0,0,0,0,0,0
1,0,0,0,0.5501343215859179,1,0,-1.0363203828330738,-0.33413076577241624,0,-0.5771752823096716,-0.031297311737476054,0,0,2.0,1,0,0,0,0,0,0,0,0,1,0,1,0,0,0,0,1,0,0,0
1,0,0,0,-0.2639803751859618,0,0,-0.6464138915233006,-0.4678296394322297,1,-0.46589559154081767,-1.109762475828853,0,1,2.0,0,0,0,0,0,0,0,0,0,0,0,0,0,0,0,0,0,1,0,0
0,0,1,1,-0.5489205190561197,0,1,-1.3299946337344775,-0.8181364848090337,0,-0.5166615906524876,-1.109762475828853,0,1,1.0,1,0,0,0,0,0,0,0,0,0,0,0,0,0,0,0,0,0,1,0
1,0,0,0,-0.3453918448631497,1,0,-0.34278458126930716,-0.4638366635533183,1,-0.4082392356499078,-0.5705298937831644,0,0,1.0,0,1,0,0,0,0,0,0,0,0,0,1,0,0,0,0,0,0,0,0
0,1,0,0,0.9978974048104517,2,0,1.2068863246171952,1.5271006006421364,1,-0.458615414365557,1.0471678523539008,0,0,3.0,0,1,1,0,0,1,0,0,0,1,0,1,0,0,0,1,1,0,0,0
0,0,0,0,1.4456604880349857,2,0,-1.5042081724048018,-0.3763422250637652,1,-0.6270349755872298,-1.109762475828853,0,0,3.0,0,0,0,1,1,0,1,0,1,0,1,0,1,0,1,0,1,0,0,0
1,0,1,0,-0.8338606629262776,0,1,0.30595345320780487,-0.683603912888788,1,-0.0028966873261974556,1.0471678523539008,0,1,1.0,0,0,0,0,0,0,0,0,0,1,0,1,0,1,0,1,0,1,0,0
0,0,0,1,-0.8338606629262776,0,1,0.3872531045872891,-0.6170835674774728,1,0.01880638630886279,-1.109762475828853,0,1,1.0,0,1,1,0,0,0,0,0,0,0,0,0,0,0,0,0,0,1,0,0
0,0,1,1,0.30589991255435406,0,1,-0.46722282317668157,-0.11530691183690908,0,-0.516921400966536,0.5079352703082123,0,1,2.0,1,0,0,0,0,0,0,1,0,0,0,0,0,1,0,1,0,1,0,0
1,1,1,0,-0.38609757970174374,0,0,0.7257251225753476,-0.1419413773149225,1,-0.24325453683557302,-0.5705298937831644,0,1,1.0,0,1,1,0,0,0,0,0,0,0,0,0,0,0,0,1,0,1,0,0
0,0,0,0,-1.1595065416350294,0,0,0.1815152113004305,-0.8856221650482176,1,0.9616942057847081,-1.109762475828853,1,1,0.0,0,0,1,0,0,0,0,0,0,0,0,0,0,0,0,0,0,1,0,1
0,0,1,1,1.4049547531963917,1,0,-0.4771778825292717,0.4968908844550892,1,-0.5741395627368894,-0.5705298937831644,0,0,3.0,0,0,0,0,0,0,0,1,0,0,0,0,0,0,0,0,1,0,0,0
0,0,1,0,0.1023712383613841,1,1,-0.09224892089579345,-0.036807638788859766,1,-0.46093734966160604,-0.031297311737476054,0,0,2.0,0,0,0,0,0,1,0,0,0,0,0,0,0,1,0,0,0,0,0,0
1,1,1,0,-0.9152721326034655,0,1,0.7207475928990529,-0.6330335315652124,1,0.24739330472488788,-0.5705298937831644,1,1,1.0,0,1,1,0,0,0,0,0,0,0,0,0,0,0,0,1,0,1,0,1
1,0,1,1,-1.0780950719578415,2,1,-1.477661347464562,-0.9617081010265952,1,-0.3241401416853848,-1.109762475828853,0,0,0.0,0,0,0,1,1,0,1,0,1,0,1,0,1,0,1,0,1,0,0,0
1,0,1,0,-0.9152721326034655,0,1,0.6742906492536329,-0.6336258961186773,1,0.23273668356874316,-0.5705298937831644,1,1,1.0,0,1,1,0,0,0,0,0,0,0,0,0,0,0,0,1,0,1,0,1
1,0,0,0,-0.6303319887333076,0,1,1.0193993734767515,-0.2893085145602404,1,-0.04780384082277918,0.5079352703082123,0,0,1.0,0,1,1,0,0,0,0,0,0,1,0,1,0,0,0,1,0,0,0,0
1,0,0,0,1.3235432835192036,1,0,0.9497139580086216,1.6541957065022117,1,-0.4965174607420485,0.5079352703082123,0,1,3.0,0,1,1,0,0,1,0,0,0,0,0,1,0,0,0,1,0,1,0,0
0,1,0,0,-1.2409180113122174,0,0,0.8153206567486573,-0.9380573977438122,1,2.775834937745029,-0.031297311737476054,1,1,0.0,0,1,1,0,0,0,0,1,0,0,0,0,0,0,0,1,0,1,0,1
1,1,0,0,0.6722515261016999,0,1,1.0376503156231662,1.0613923644792118,1,-0.4381806188688889,-0.031297311737476054,0,1,3.0,0,1,1,0,0,0,0,0,0,0,0,0,0,1,0,1,0,1,0,1
0,0,0,0,0.7536629957788878,1,0,1.4109650413452897,1.4837921699554817,1,-0.42178815447636686,1.5864004343995892,0,0,3.0,0,1,1,0,0,1,0,1,0,1,0,0,0,1,0,1,0,0,0,0
1,0,1,1,1.6084834273893616,2,1,1.5702459909867288,2.5196622585423043,1,-0.48266991758025396,1.5864004343995892,0,0,3.0,0,1,1,0,0,0,0,1,0,1,0,1,0,1,0,1,0,0,0,0
1,0,0,0,0.46872285190873,0,0,0.13008073797871536,0.2894316541749452,1,-0.4835533303622681,-1.109762475828853,0,0,2.0,0,0,1,0,0,0,0,0,0,0,0,0,0,0,0,0,1,0,0,0
0,0,0,0,0.387311382231542,2,0,0.052099439716760905,0.20334133907138305,1,-0.4816518650594527,0.5079352703082123,0,0,2.0,0,0,0,0,0,0,0,0,0,1,0,1,0,0,0,1,1,0,0,0
0,0,0,0,-1.2409180113122174,0,0,-1.3416088696458326,-0.9885619607836695,0,0.28071966949659755,-1.109762475828853,1,1,0.0,1,0,0,0,0,0,0,0,0,0,0,0,0,0,0,0,0,1,0,0
0,0,1,0,-0.1825689055087738,0,1,0.9098937205982617,0.1332009880555603,1,-0.2930244753428097,0.5079352703082123,0,1,2.0,0,0,1,0,0,1,0,0,0,0,0,0,0,1,0,1,0,0,1,1
0,0,1,1,0.06166550352279012,1,0,-0.12211409895356326,-0.13432839583150347,0,-0.45821831379236094,1.5864004343995892,0,1,2.0,1,0,0,0,0,1,0,0,0,1,0,1,0,1,0,1,0,0,1,0
1,0,1,0,-0.06045170099299184,1,1,0.4768486387605988,0.0810290284948388,1,-0.3743680458834353,1.0471678523539008,0,1,2.0,0,1,0,0,0,0,0,0,0,1,0,1,0,1,0,1,0,0,1,0
0,0,0,0,-1.2816237461508113,0,0,-1.5075265255223318,-1.000365372997155,1,0.46305501602244453,-1.109762475828853,0,1,0.0,0,0,0,1,1,0,1,0,1,0,1,0,1,0,1,0,0,0,1,0
0,0,1,0,-0.4268033145403377,0,1,0.14335415044883548,-0.32704433055874377,1,-0.3130176259411145,-1.109762475828853,0,1,1.0,0,0,1,0,0,0,0,0,0,0,0,0,0,0,0,0,0,1,0,1
1,0,0,0,-1.2409180113122174,0,1,0.38393475146975936,-0.9376405486135964,1,2.2768118840953426,-1.109762475828853,1,1,0.0,0,1,1,0,0,0,0,0,0,0,0,0,0,0,0,0,0,1,0,1
1,0,1,0,1.6084834273893616,2,1,1.5154931645474838,2.4848005075995014,1,-0.4852728302415457,1.5864004343995892,0,0,3.0,0,1,1,0,0,0,0,1,0,1,0,1,0,1,0,1,1,0,0,0
1,0,1,1,-0.9966836022806536,0,1,-0.46058611694162177,-0.8268025588319458,1,-0.006538472924824447,-0.5705298937831644,1,1,1.0,0,0,0,0,0,0,0,0,0,1,0,0,0,0,0,0,0,1,0,1
0,0,1,1,1.6084834273893616,2,0,-0.015926799192603674,0.9779128412964762,0,-0.5580755086164657,2.1256330164452777,0,0,3.0,1,0,0,0,0,1,0,1,0,1,0,1,0,1,0,1,0,0,0,0
1,0,0,1,-0.6303319887333076,0,1,-0.48547376532309666,-0.6373555988627154,1,-0.3379409623998725,-0.5705298937831644,0,1,1.0,0,0,0,0,0,1,0,0,0,0,0,0,0,0,0,0,0,0,1,0
0,0,1,0,1.6084834273893616,2,1,1.064197140563406,2.1083199247307123,1,-0.5067271406618905,1.0471678523539008,0,0,3.0,0,1,1,0,0,1,0,1,0,1,0,1,0,0,0,0,0,0,0,0
0,0,0,0,1.3642490183577978,2,1,-0.5817060057314661,0.38521919641300667,0,-0.5782760415676672,1.0471678523539008,0,1,3.0,1,0,0,0,0,1,0,1,0,1,0,1,0,0,0,0,0,0,1,0
1,0,0,0,0.1023712383613841,0,0,0.3457736906181643,0.14774682875730902,1,-0.4187123220450941,-1.109762475828853,0,0,2.0,0,1,1,0,0,0,0,0,0,0,0,0,0,0,0,0,1,0,0,1
1,0,0,0,-1.1595065416350294,0,0,-0.2714399892424126,-0.9013527348568959,1,0.6473096819854056,-0.031297311737476054,1,1,0.0,0,0,0,0,0,1,0,0,0,1,0,0,0,0,0,0,0,1,0,0
0,0,1,1,1.6084834273893616,2,0,-1.5008898192872717,-0.40348129738361915,1,-0.6286696550363503,-1.109762475828853,0,0,3.0,0,0,0,1,1,0,1,0,1,0,1,0,1,0,1,0,1,0,0,0
0,0,0,0,1.3235432835192036,2,1,0.6610172367835129,1.3865127466198053,1,-0.5116975326537697,2.1256330164452777,0,0,3.0,0,0,0,0,0,1,0,1,0,1,0,1,0,1,0,1,0,0,0,0
0,0,1,1,1.4863662228735797,2,0,-1.4842980536996218,-0.38906709324930705,1,-0.6265152095781727,-1.109762475828853,0,0,3.0,0,0,0,1,1,0,1,0,1,0,1,0,1,0,1,0,0,0,0,0
0,0,1,0,1.3235432835192036,2,0,0.2014253300056102,0.9156926237547578,1,-0.5358635092028892,1.0471678523539008,0,0,3.0,0,0,0,0,0,1,0,1,0,1,0,0,0,0,0,1,0,0,0,0
0,0,1,1,0.22448844287716607,1,0,0.5100321699358986,0.33317887341972185,1,-0.42263708422739815,1.5864004343995892,0,0,2.0,0,0,0,0,0,1,0,1,0,0,0,1,0,1,0,1,1,0,0,1
1,0,1,0,-0.3453918448631497,0,1,0.9314630158622067,-0.02250313179407811,1,-0.2313547563254651,-0.031297311737476054,0,1,1.0,0,1,1,0,0,0,0,0,0,0,0,0,0,1,0,1,0,1,0,0
1,0,0,0,-1.1188008067964355,0,0,1.3396204493183947,-0.7673247697784908,1,1.36129651259188,1.0471678523539008,1,1,0.0,0,1,1,0,0,0,0,1,0,1,0,0,0,1,0,1,0,1,0,0
1,0,1,1,-0.3453918448631497,0,0,-0.3378070515930122,-0.42175684082940584,1,-0.40754828065254667,-0.5705298937831644,0,1,1.0,0,1,0,0,0,1,0,0,0,0,0,0,0,0,0,0,0,1,0,1
0,0,0,0,-1.2816237461508113,0,0,-1.3167212212643575,-0.9978423387879527,0,0.7941376189246403,-1.109762475828853,1,1,0.0,1,0,0,0,0,0,0,0,0,0,0,0,0,0,0,0,0,1,0,0
1,0,0,0,1.1607203441648277,1,1,1.4209201006978793,1.8528133473361943,1,-0.4596113682225245,1.5864004343995892,0,1,3.0,0,1,1,0,0,1,0,1,0,1,0,0,0,1,0,1,0,1,0,0
1,0,1,1,1.5270719577121736,2,1,0.697519121076343,1.5938622797604187,1,-0.5203393851513523,1.5864004343995892,0,0,3.0,0,1,0,0,0,0,0,1,0,1,0,1,0,1,0,1,1,0,0,0
0,0,0,0,-1.2816237461508113,0,1,-1.3216987509406526,-0.997908157071671,0,0.7855006814576265,-1.109762475828853,1,1,0.0,1,0,0,0,0,0,0,0,0,0,0,0,0,0,0,0,0,0,1,1
1,1,0,1,-1.0373893371192475,0,1,-0.6364588321707109,-0.8578907281748988,1,-0.001180372829547296,-1.109762475828853,1,1,1.0,0,0,0,0,0,0,0,0,0,0,0,0,0,0,0,0,0,0,1,0
1,0,1,1,-1.2816237461508113,0,0,-1.4925939364934466,-1.0001679181460001,1,0.4889658284234859,-1.109762475828853,0,0,0.0,0,0,0,1,1,0,1,0,1,0,1,0,1,0,1,0,0,0,0,1
0,0,1,1,0.5094285867473239,0,0,0.5432157011111984,0.5448724132857443,1,-0.4562155456840679,1.5864004343995892,0,1,2.0,0,1,0,0,0,1,0,1,0,1,0,1,0,1,0,0,0,0,1,0
0,0,0,0,-0.9152721326034655,0,1,-0.13206915830615312,-0.7326824131147485,1,-0.021660383641481526,-0.031297311737476054,0,1,1.0,0,0,0,0,0,0,0,0,0,0,0,1,0,0,0,1,0,0,1,0
1,0,1,1,-0.1418631706701798,0,1,0.19312944721178524,-0.1424021053009507,1,-0.38816315433769344,-1.109762475828853,0,1,2.0,0,0,1,0,0,0,0,0,0,0,0,0,0,0,0,0,0,1,0,1
0,0,0,0,1.0386031396490458,2,1,-0.0009942101637186523,0.6564782830441085,1,-0.5330717718398138,1.0471678523539008,0,0,3.0,0,0,0,0,0,1,0,1,0,1,0,1,0,0,0,0,1,0,0,0
0,1,1,0,1.4049547531963917,2,1,-1.4892755833759168,-0.45470986154437804,1,-0.6257918358239326,-1.109762475828853,0,0,3.0,0,0,0,1,1,0,1,0,1,0,1,0,1,0,1,0,0,0,0,0
0,0,0,1,-0.7524491932490895,0,1,0.6991782976351079,-0.49814992879846903,1,0.0004990316779276169,-0.031297311737476054,0,1,1.0,0,1,1,0,0,1,0,0,0,0,0,1,0,0,0,0,0,0,1,0
0,0,1,0,0.5094285867473239,2,0,-1.3084253384705327,-0.5170178367977207,1,-0.5959086212375085,-1.109762475828853,0,1,2.0,0,1,0,1,1,0,1,0,1,0,1,0,1,0,1,0,0,0,1,0
1,1,1,0,1.4049547531963917,1,1,-0.13206915830615312,0.7986238364477729,1,-0.5565269843727827,0.5079352703082123,0,0,3.0,0,0,0,0,0,1,0,1,0,0,0,1,0,0,0,0,0,0,0,0
0,1,1,1,-0.06045170099299184,0,1,1.127245849796476,0.2685233793804258,1,-0.3038330565694892,1.0471678523539008,0,1,2.0,0,0,1,0,0,0,0,0,0,1,0,1,0,1,0,1,0,1,0,1
1,1,0,0,-1.2409180113122174,0,1,0.9646465470375066,-0.9291938688697453,1,2.948573687085305,-0.031297311737476054,1,1,0.0,0,1,1,0,0,0,0,0,0,0,0,0,0,1,0,1,0,1,0,1
0,0,1,0,0.18378270803857208,1,1,-1.4959122896109767,-0.694090959427907,1,-0.5995913428576921,-1.109762475828853,0,0,2.0,0,0,0,1,1,0,1,0,1,0,1,0,1,0,1,0,0,0,0,0
1,0,0,0,1.3235432835192036,2,1,0.3076126297665698,1.099742484459086,1,-0.5302800344767388,1.0471678523539008,0,0,3.0,0,1,0,0,0,0,0,1,0,1,0,1,0,0,0,1,1,0,0,0
0,0,0,0,-1.2409180113122174,0,1,1.0028076078891015,-0.9225242827862887,1,2.9927180341389317,-0.031297311737476054,1,1,0.0,0,1,1,0,0,0,0,0,0,0,0,0,0,1,0,1,0,1,0,1
0,0,0,1,-1.2002122764736234,0,0,-1.1707136840930383,-0.9694088402216385,0,0.19387046496718102,-0.5705298937831644,1,1,0.0,1,0,0,0,0,0,0,1,0,0,0,0,0,0,0,0,0,0,1,0
1,0,1,1,1.6084834273893616,2,1,0.5282831120823135,1.504217777336067,1,-0.53220413428605,1.5864004343995892,0,0,3.0,0,1,0,0,0,1,0,1,0,1,0,1,0,1,0,0,0,0,0,0
1,0,1,0,0.14307697319997809,1,0,-1.462728758435677,-0.6929720486046955,1,-0.5948531083155703,-1.109762475828853,0,0,2.0,0,0,0,1,1,0,1,0,1,0,1,0,1,0,1,0,0,0,0,0
0,0,1,0,1.6084834273893616,2,1,0.712451710105228,1.6496761843535537,1,-0.5234488826071593,1.5864004343995892,0,0,3.0,0,1,0,0,0,1,0,1,0,0,0,1,0,1,0,1,0,0,0,0
1,0,0,0,-0.5489205190561197,0,1,-0.8388783723400399,-0.6871361607816713,0,-0.4314438076446182,-0.031297311737476054,0,1,1.0,1,0,0,0,0,0,0,0,0,1,0,0,0,1,0,0,0,1,0,1
1,1,0,0,-0.30468611002455576,0,0,1.3611897445823398,0.15617156907325386,1,-0.1904732523149331,1.0471678523539008,0,1,2.0,0,1,1,0,0,0,0,1,0,1,0,0,0,1,0,1,0,0,1,1
0,0,0,0,-1.0780950719578415,0,0,-1.4677062881119718,-0.9594483399522662,1,-0.3192047488470912,-1.109762475828853,0,1,0.0,0,0,0,1,1,0,1,0,1,0,1,0,1,0,1,0,0,0,1,0
1,0,0,0,-1.2816237461508113,0,0,-1.5025489958460367,-1.0002995547134366,1,0.47169195348945825,-1.109762475828853,0,1,0.0,0,0,0,1,1,0,1,0,1,0,1,0,1,0,1,0,0,0,1,1
0,0,1,1,1.0793088744876398,2,1,0.23792721429843983,0.8317304331580881,1,-0.5213639232734174,0.5079352703082123,0,0,3.0,0,1,0,0,0,0,0,0,0,1,0,1,0,1,0,0,0,0,0,0
0,1,0,0,-1.2002122764736234,0,1,0.48016699187812906,-0.9189481560375934,1,1.6261625949136365,-0.5705298937831644,1,1,0.0,0,1,1,0,0,0,0,1,0,0,0,0,0,0,0,0,0,1,0,1
0,0,0,0,-0.9152721326034655,0,1,0.35904710308828447,-0.6678514036522035,1,0.13328104000919033,-1.109762475828853,1,1,1.0,0,1,1,0,0,0,0,0,0,0,0,0,0,0,0,0,0,0,1,0
1,1,0,0,-0.7931549280876836,0,1,0.8485041879239571,-0.4818708732921379,1,0.08467489841993515,-0.031297311737476054,0,1,1.0,0,0,1,0,0,0,0,0,0,0,0,0,0,1,0,1,0,1,0,1
1,0,0,0,-0.4268033145403377,0,0,-0.1967770440979879,-0.45837374600469777,1,-0.36433855871612403,-0.031297311737476054,0,1,1.0,0,1,0,0,0,1,0,1,0,0,0,0,0,0,0,0,0,1,0,1
1,0,1,0,1.6084834273893616,2,1,1.4607403381082393,2.446538145331251,1,-0.48787574290283753,1.5864004343995892,0,0,3.0,0,1,1,0,0,1,0,1,0,0,0,1,0,1,0,1,1,0,0,0
0,0,0,0,1.3642490183577978,2,1,-0.08063468498443846,0.8060832419358492,0,-0.5523222593284816,2.1256330164452777,0,0,3.0,1,0,0,0,0,1,0,1,0,1,0,1,0,1,0,1,0,0,0,0
1,0,1,0,-1.1188008067964355,0,1,0.9795791360663916,-0.7903611690799027,1,1.1530503536649916,0.5079352703082123,1,1,0.0,0,0,1,0,0,0,0,0,0,1,0,0,0,1,0,1,0,1,0,1
1,0,1,1,1.6084834273893616,2,1,1.6299763471022684,2.6282843661054383,1,-0.4798303764952083,2.1256330164452777,0,0,3.0,0,1,1,0,0,1,0,1,0,1,0,1,0,1,0,1,1,0,0,0
1,0,1,1,-1.0373893371192475,0,0,-0.5385674152035762,-0.8596239429794812,1,0.041284569716603936,-0.5705298937831644,1,1,1.0,0,0,0,0,0,0,0,0,0,1,0,0,0,0,0,0,0,1,0,1
1,1,1,0,1.4049547531963917,2,0,1.2599799744976754,2.058078634825728,1,-0.48548393991371824,1.0471678523539008,0,0,3.0,0,1,1,0,0,0,0,1,0,0,0,1,0,1,0,1,0,0,0,0
0,0,0,0,-1.2816237461508113,0,0,0.1582867394777205,-0.978338187379424,1,3.3535500883163967,-1.109762475828853,1,0,0.0,0,0,1,0,0,0,0,0,0,0,0,0,0,0,0,0,0,0,0,1
0,0,0,0,0.46872285190873,1,1,-0.5269531792922214,-0.015065665733908057,0,-0.5342233635020824,0.5079352703082123,0,1,2.0,1,0,0,0,0,0,0,0,0,1,0,0,0,1,0,1,0,1,0,0
1,0,1,0,1.6084834273893616,2,0,-1.5008898192872717,-0.38500829908667733,1,-0.6286696550363503,-1.109762475828853,0,0,3.0,0,0,0,1,1,0,1,0,1,0,1,0,1,0,1,0,1,0,0,0
0,1,1,1,0.9978974048104517,0,1,1.0077851375653963,1.434011608036526,1,-0.47052843156143814,1.0471678523539008,0,0,3.0,0,0,1,0,0,0,0,1,0,1,0,1,0,1,0,0,1,0,0,0
0,0,1,1,-1.1188008067964355,0,0,-0.6679831867872458,-0.9121908122425126,1,0.20010825313780206,-1.109762475828853,1,1,0.0,0,0,0,0,0,0,0,0,0,0,0,0,0,0,0,0,0,0,1,0
0,0,1,0,-1.1595065416350294,0,0,-1.4859572302583868,-0.9688164756681736,1,-0.19565541479514148,-1.109762475828853,0,1,0.0,0,0,0,1,1,0,1,0,1,0,1,0,1,0,1,0,0,1,0,0
0,0,0,0,1.3235432835192036,1,1,1.3313245665245697,1.9503779832346506,1,-0.47645184844494565,1.0471678523539008,0,0,3.0,0,1,1,0,0,0,0,1,0,0,0,1,0,1,0,1,0,0,0,0
1,1,0,0,-0.5489205190561197,0,1,1.0276952562705766,-0.2287995723951984,1,-0.10755865263160062,0.5079352703082123,0,0,1.0,0,0,1,0,0,0,0,0,0,1,0,0,0,1,0,1,1,0,0,1
1,0,1,1,-1.0373893371192475,0,0,-0.6696423633460107,-0.8625199474630872,1,-0.015575268607903632,-1.109762475828853,1,1,1.0,0,0,0,0,0,0,0,0,0,0,0,0,0,0,0,0,0,1,0,0
1,0,0,0,0.631545791263106,2,0,-1.4959122896109767,-0.6069914306406639,1,-0.6130956414321459,-1.109762475828853,0,0,2.0,0,0,0,1,1,0,1,0,1,0,1,0,1,0,1,0,1,0,0,0
0,0,1,0,-0.5489205190561197,0,1,0.27442909859126996,-0.37658355877073246,1,-0.23826430629907613,-0.5705298937831644,0,1,1.0,0,0,1,0,0,1,0,0,0,0,0,0,0,0,0,0,0,1,0,1
1,1,0,1,-1.2816237461508113,0,1,-0.49045129499939155,-0.9869165036907116,1,2.2278692384489314,-0.5705298937831644,1,1,0.0,0,0,0,0,0,0,0,0,0,1,0,0,0,0,0,0,0,0,1,1
1,0,1,1,-0.5489205190561197,0,0,-0.49211047155815646,-0.6094267071382417,1,-0.37127314329108874,-1.109762475828853,0,0,1.0,0,1,0,0,0,0,0,0,0,0,0,0,0,0,0,0,1,0,0,0
1,0,0,0,0.7536629957788878,0,1,1.1305642029140057,1.2017608242224815,1,-0.4405015189882301,1.0471678523539008,0,1,3.0,0,0,1,0,0,0,0,1,0,1,0,0,0,1,0,1,0,1,0,0
0,0,0,0,-0.8338606629262776,0,1,0.8236165395424823,-0.547140671312805,1,0.1352943121460234,-0.031297311737476054,0,0,1.0,0,1,1,0,0,0,0,1,0,0,0,0,0,1,0,0,0,0,0,1
1,0,0,0,0.346605647392948,2,0,-1.4859572302583868,-0.6568597502712441,1,-0.604497873749563,-1.109762475828853,0,1,2.0,0,0,0,1,1,0,1,0,1,0,1,0,1,0,1,0,0,0,1,0
0,0,1,0,0.8350744654560759,1,1,0.9463956048910918,1.1289438630021138,1,-0.4604575198023275,0.5079352703082123,0,1,3.0,0,0,1,0,0,0,0,0,0,0,0,1,0,1,0,1,0,1,0,0
0,0,0,0,-1.2816237461508113,0,1,-0.6646648336697157,-0.9892201436208528,1,1.9255764271034481,-1.109762475828853,1,0,0.0,0,0,0,0,0,0,0,0,0,0,0,0,0,0,0,0,0,0,0,1
1,1,1,0,-0.7524491932490895,0,1,0.3374778078243394,-0.5642753645074743,1,-0.08318329578025065,-1.109762475828853,0,1,1.0,0,1,1,0,0,0,0,0,0,0,0,0,0,0,0,0,0,1,0,0
1,1,1,0,1.5270719577121736,2,1,0.7837963021321224,1.7582982919166876,1,-0.5161222889233267,2.1256330164452777,0,0,3.0,0,1,0,0,0,1,0,1,0,1,0,1,0,1,0,1,1,0,0,0
1,0,0,1,-0.06045170099299184,1,1,0.48182616843689396,0.1265314019721038,1,-0.3738282372917469,1.0471678523539008,0,1,2.0,0,1,0,0,0,0,0,1,0,0,0,1,0,1,0,1,0,0,1,1
1,0,0,0,1.4456604880349857,1,1,1.734504470304463,2.5171611637610085,1,-0.4641431694460612,2.1256330164452777,0,0,3.0,0,1,1,0,0,1,0,1,0,1,0,1,0,1,0,1,1,0,0,0
1,0,1,1,0.6722515261016999,0,0,0.6494030008721581,0.858057746645416,1,-0.465127863765972,-0.5705298937831644,0,1,3.0,0,1,1,0,0,0,0,0,0,0,0,0,0,1,0,0,0,1,0,1
0,0,1,1,0.5501343215859179,2,1,-1.4925939364934466,-0.6021208776455083,1,-0.6108654639185906,-1.109762475828853,0,1,2.0,0,0,0,1,1,0,1,0,1,0,1,0,1,0,1,0,0,0,1,0
0,0,1,0,-0.4675090493789317,1,0,0.473530285643069,-0.244354626780628,1,-0.24517385627268717,-0.031297311737476054,0,1,1.0,0,0,1,0,0,0,0,0,0,1,0,1,0,0,0,0,0,1,0,0
0,1,1,0,1.6084834273893616,2,0,0.44864263726159415,1.4843845345089468,1,-0.5359901890661108,1.5864004343995892,0,0,3.0,0,1,0,0,0,1,0,1,0,1,0,1,0,0,0,1,0,0,0,0
1,1,0,0,0.5094285867473239,0,1,0.9613281939199768,0.8340998913719475,1,-0.42467194797845226,-0.031297311737476054,0,0,2.0,0,1,1,0,0,0,0,0,0,0,0,0,0,1,0,1,0,0,0,0
1,1,1,0,1.4456604880349857,0,1,1.3396204493183947,2.194081148415682,1,-0.48400395318663414,1.0471678523539008,0,1,3.0,0,1,1,0,0,0,0,1,0,1,0,0,0,1,0,1,0,1,0,1
0,0,1,0,1.5270719577121736,2,0,0.012279202306401001,1.0796020896412801,1,-0.5538328609624011,0.5079352703082123,0,0,3.0,0,1,0,0,0,1,0,0,0,1,0,1,0,0,0,0,1,0,0,1
1,0,0,0,-0.38609757970174374,1,1,1.1620885575305409,-0.0028892832460188996,1,-0.18015691034044437,1.0471678523539008,0,0,1.0,0,0,1,0,0,1,0,0,0,1,0,0,0,1,0,1,1,0,0,0
0,0,0,1,-1.1595065416350294,0,1,0.7356801819279375,-0.8590973967097346,1,1.346325820982389,-0.031297311737476054,0,1,0.0,0,1,1,0,0,0,0,0,0,1,0,1,0,0,0,0,0,0,1,1
0,1,0,0,-1.2816237461508113,0,1,0.17487850506537042,-0.978118793100363,1,3.3823398798731095,-1.109762475828853,1,1,0.0,0,0,1,0,0,0,0,0,0,0,0,0,0,0,0,0,0,1,0,0
0,0,1,1,0.18378270803857208,0,1,1.0061259610066313,0.44528935001992653,1,-0.37109131302862525,-0.031297311737476054,0,1,2.0,0,1,1,0,0,0,0,0,0,0,0,0,0,1,0,1,0,1,0,0
0,0,0,0,0.18378270803857208,0,1,1.2267964433223755,0.5467372646577633,1,-0.3509384589389264,1.0471678523539008,0,0,2.0,0,1,1,0,0,0,0,1,0,1,0,0,0,1,0,1,0,0,0,1
1,0,0,0,1.6084834273893616,2,0,0.7837963021321224,1.7828046328878087,1,-0.5200572085333548,2.1256330164452777,0,0,3.0,0,1,0,0,0,1,0,1,0,1,0,1,0,1,0,1,1,0,0,0
1,0,0,0,0.46872285190873,1,1,-0.3626946999744871,0.06183202907699554,0,-0.5215558552171288,1.0471678523539008,0,1,2.0,1,0,0,0,0,1,0,0,0,1,0,0,0,1,0,1,0,1,0,0
1,0,0,1,-0.10115743583158582,1,0,-0.014267622633838777,-0.16208177213272829,1,-0.42014149270122486,0.5079352703082123,0,0,2.0,0,0,0,0,0,0,0,1,0,1,0,0,0,1,0,0,1,0,0,0
1,0,1,1,0.8757802002946699,1,1,1.336302096200865,1.4649023225283242,1,-0.43947877674271885,1.0471678523539008,0,1,3.0,0,1,1,0,0,0,0,1,0,0,0,1,0,1,0,1,0,1,0,0
1,0,0,0,-1.1595065416350294,0,1,0.17487850506537042,-0.9045120124753754,1,0.9570878391356342,-1.109762475828853,1,1,0.0,0,0,1,0,0,0,0,0,0,0,0,0,0,0,0,0,0,1,0,1
1,0,1,1,-1.1188008067964355,0,1,0.505054640259604,-0.8399881550035158,1,0.8785876741576643,-0.5705298937831644,1,1,0.0,0,1,1,0,0,0,0,1,0,0,0,0,0,0,0,0,0,1,0,1
1,0,0,0,0.1023712383613841,2,1,-1.4842980536996218,-0.7086148607017495,1,-0.5951297669731723,-1.109762475828853,0,1,2.0,0,0,0,1,1,0,1,0,1,0,1,0,1,0,1,0,0,0,1,0
1,0,1,0,0.7943687306174818,0,0,-0.11879574583603324,0.38184052451546635,1,-0.5264446877456272,-0.031297311737476054,0,0,3.0,0,1,0,0,0,0,0,1,0,0,0,1,0,0,0,0,0,0,0,0
0,0,0,0,1.6084834273893616,2,1,1.4922646927247742,2.3364899749542207,1,-0.4863770962190635,2.1256330164452777,0,1,3.0,0,0,1,0,0,1,0,1,0,1,0,1,0,1,0,1,0,1,0,0
0,0,1,0,0.7129572609402939,0,1,1.4839688099309494,1.3630814376160836,1,-0.4121546473016207,1.5864004343995892,0,0,3.0,0,1,1,0,0,1,0,1,0,0,0,1,0,1,0,1,0,0,0,0
0,0,0,0,-0.6710377235719016,1,0,-1.5125040551986266,-0.8792377915275406,1,-0.5286686272487873,-1.109762475828853,0,0,1.0,0,0,0,1,1,0,1,0,1,0,1,0,1,0,1,0,1,0,0,0
1,1,0,0,0.1023712383613841,0,1,1.0127626672416914,0.5154516404636554,1,-0.35441512090176913,-0.031297311737476054,0,1,2.0,0,1,1,0,0,0,0,0,0,0,0,0,0,1,0,1,0,1,0,1
1,0,0,0,1.5677776925507676,2,1,0.712451710105228,1.6992812308492609,1,-0.5215558552171288,-0.031297311737476054,0,0,3.0,0,1,1,0,0,0,0,0,0,1,0,1,0,0,0,0,1,0,0,0
1,0,1,0,1.0793088744876398,1,1,1.5005605755185993,1.8204088123188755,1,-0.44833381869122296,1.5864004343995892,0,1,3.0,0,1,1,0,0,1,0,1,0,1,0,0,0,1,0,1,0,1,0,1
0,1,1,0,1.5270719577121736,2,1,1.31141444781939,2.2158889397543526,1,-0.490333123528863,1.0471678523539008,0,0,3.0,0,1,1,0,0,0,0,1,0,0,0,1,0,1,0,1,0,0,0,0
1,0,0,0,-1.2816237461508113,0,1,0.3109309828840996,-0.9763197600120621,1,3.6184161706381532,-0.5705298937831644,0,1,0.0,0,0,1,0,0,0,0,0,0,0,0,1,0,0,0,0,0,0,1,0
0,1,1,0,0.9164859351332638,0,0,-0.4406759982364418,0.2366015117770407,1,-0.5535330879819061,-1.109762475828853,0,0,3.0,0,1,0,0,0,0,0,0,0,0,0,0,0,0,0,0,0,0,0,0
0,0,1,1,1.5270719577121736,2,1,1.6349538767785634,2.3802371941989966,1,-0.4745190126737673,2.1256330164452777,0,0,3.0,0,1,1,0,0,1,0,1,0,1,0,1,0,1,0,1,0,0,0,1
1,0,0,0,-1.0373893371192475,0,0,0.14003579733130567,-0.7945077209541568,1,0.33566018838399103,-1.109762475828853,1,0,1.0,0,0,1,0,0,0,0,0,0,0,0,0,0,0,0,0,0,0,0,0
0,1,1,0,0.7129572609402939,1,1,1.1853170293532507,1.2682811696337968,1,-0.432476853106359,0.5079352703082123,0,1,3.0,0,1,1,0,0,0,0,0,0,0,0,1,0,1,0,1,0,1,0,0
0,0,1,1,1.2828375486806096,2,0,-1.4842980536996218,-0.44825966973998266,1,-0.6239589291850053,-1.109762475828853,0,1,3.0,0,0,0,1,1,0,1,0,1,0,1,0,1,0,1,0,0,0,1,0
1,1,0,0,-0.9966836022806536,0,1,0.16658262227154547,-0.762015428225213,1,0.23529577615156205,-1.109762475828853,1,0,1.0,0,0,1,0,0,0,0,0,0,0,0,0,0,0,0,0,1,0,0,0
1,1,1,0,1.1607203441648277,0,1,0.5714217026102036,1.1432703094248018,1,-0.5071609594387725,-0.5705298937831644,0,1,3.0,0,1,1,0,0,0,0,1,0,0,0,0,0,0,0,0,0,1,0,0
0,0,0,1,-1.2816237461508113,0,1,0.1566275629189556,-0.97836012680733,1,3.350671109160726,-1.109762475828853,1,1,0.0,0,0,1,0,0,0,0,0,0,0,0,0,0,0,0,0,0,1,0,1
0,0,0,1,-0.38609757970174374,1,1,-0.5136797668221014,-0.5177637773465283,1,-0.4224709892761094,-0.5705298937831644,0,1,1.0,0,0,0,0,0,0,0,0,0,0,0,1,0,0,0,0,0,1,0,0
0,0,1,1,-0.8745663977648716,0,1,0.047121910040465745,-0.6838671860236614,1,-0.02301263142672116,-0.031297311737476054,0,1,1.0,0,1,0,0,0,0,0,0,0,0,0,1,0,0,0,1,0,1,0,1
1,1,1,1,-0.3453918448631497,0,1,0.4950995809070136,-0.19376230602914624,1,-0.29192847776078856,-0.5705298937831644,0,1,1.0,0,1,1,0,0,1,0,0,0,0,0,0,0,0,0,0,0,1,0,0
1,0,1,1,0.020959768684196134,1,0,-1.4710246412295018,-0.7060479476367351,1,-0.5899739480930812,-1.109762475828853,0,1,2.0,0,0,0,1,1,0,1,0,1,0,1,0,1,0,1,0,0,0,1,0
0,1,1,0,0.8350744654560759,2,0,-1.3216987509406526,-0.4492030651399453,1,-0.6062191681653876,-1.109762475828853,0,0,3.0,0,1,0,1,1,0,1,0,1,0,1,0,1,0,1,0,1,0,0,0
1,0,1,1,-0.38609757970174374,2,0,-1.461069581876912,-0.8097117444930887,1,-0.5594624141001339,-1.109762475828853,0,1,1.0,0,0,0,1,1,0,1,0,1,0,1,0,1,0,1,0,0,0,1,0
0,0,0,0,-0.7524491932490895,0,1,0.7091333569876977,-0.490734402166205,1,0.0028022150024645813,-0.031297311737476054,0,1,1.0,0,0,1,0,0,0,0,1,0,0,0,0,0,0,0,1,0,1,0,1
1,0,1,0,1.5270719577121736,2,0,0.6527213539896879,1.4948935204759717,1,-0.5225290312697501,0.5079352703082123,0,0,3.0,0,0,1,0,0,1,0,1,0,0,0,1,0,0,0,0,0,0,0,0
0,0,1,0,-0.4268033145403377,0,1,0.473530285643069,-0.24422299021319138,1,-0.26319876924732466,1.0471678523539008,0,1,1.0,0,1,0,0,0,1,0,0,0,0,0,1,0,1,0,1,0,1,0,1
1,0,0,0,-0.7117434584104956,0,0,-1.4992306427285067,-0.8721952351696803,1,-0.5175972588780808,-1.109762475828853,0,1,1.0,0,0,0,1,1,0,1,0,1,0,1,0,1,0,1,0,0,0,1,0
0,0,1,0,1.3235432835192036,2,1,1.4176017475803497,2.0989517890148046,1,-0.4719152752299485,1.5864004343995892,0,0,3.0,0,1,1,0,0,0,0,1,0,1,0,1,0,1,0,1,0,0,0,0
1,0,1,0,1.6084834273893616,2,1,0.680927355488693,1.723633995825039,1,-0.5249475292909334,1.5864004343995892,0,0,3.0,0,1,0,0,0,0,0,1,0,1,0,1,0,1,0,1,1,0,0,0
0,0,1,0,1.2421318138420157,1,1,1.4126242179040545,2.0072011015114666,1,-0.46631544266768643,1.0471678523539008,0,1,3.0,0,1,1,0,0,0,0,1,0,1,0,0,0,1,0,1,0,1,0,1
0,1,0,0,-1.1188008067964355,0,1,0.1367174442137754,-0.8691675941186375,1,0.6655432166379903,-1.109762475828853,1,1,0.0,0,0,1,0,0,0,0,0,0,0,0,0,0,0,0,0,0,0,1,1
0,0,0,0,0.1023712383613841,2,1,1.6017703456032637,0.7085186060373935,1,-0.2976352542204747,2.1256330164452777,0,1,2.0,0,1,1,0,0,1,0,1,0,1,0,1,0,1,0,1,0,0,1,0
1,0,1,0,-0.8745663977648716,0,1,0.33250027814804467,-0.6466140374390923,1,0.05951810436918861,-1.109762475828853,1,1,1.0,0,1,1,0,0,0,0,0,0,0,0,0,0,0,0,0,0,1,0,1
0,1,0,0,-1.1188008067964355,0,0,-0.6381180087294758,-0.9220416153723544,0,0.2173821280718298,-0.031297311737476054,1,1,0.0,1,0,0,0,0,0,0,0,0,0,0,0,0,1,0,1,0,1,0,1
0,0,0,0,-0.06045170099299184,2,0,0.473530285643069,0.08682103746205086,1,-0.3747279182778942,1.5864004343995892,0,1,2.0,0,0,0,0,0,0,0,1,0,1,0,1,0,1,0,1,0,0,1,0
1,0,0,0,-1.2816237461508113,0,0,-0.4539494107065617,-0.9864338362767773,1,2.2912067798736993,-0.5705298937831644,0,1,0.0,0,0,0,0,0,0,0,0,0,0,0,1,0,0,0,0,0,0,1,1
0,0,1,1,-0.019745966154397852,2,0,0.2877025110613896,0.007685521004724436,1,-0.40290701728643424,1.5864004343995892,0,1,2.0,0,0,0,0,0,1,0,1,0,1,0,1,0,0,0,1,0,0,1,0
1,0,0,0,-0.8745663977648716,1,1,-0.12211409895356326,-0.6886280418792864,1,-0.07195527707313258,-0.031297311737476054,0,1,1.0,0,0,0,0,0,0,0,1,0,0,0,0,0,1,0,0,0,1,0,0
0,1,0,0,0.6722515261016999,0,1,0.8601184238353119,0.9725815603152924,1,-0.45050264965516196,-0.031297311737476054,0,0,3.0,0,1,1,0,0,0,0,0,0,1,0,0,0,0,0,1,1,0,0,1
1,0,1,0,1.4049547531963917,1,1,0.7788187724558276,1.5353059466790202,1,-0.5100399385944437,-0.031297311737476054,0,0,3.0,0,1,1,0,0,0,0,1,0,0,0,0,0,1,0,0,0,0,0,0
0,0,1,1,1.5270719577121736,2,0,0.9613281939199768,1.877890113432875,1,-0.5074448024541204,1.0471678523539008,0,0,3.0,0,1,1,0,0,1,0,1,0,1,0,1,0,0,0,0,0,0,0,1
0,0,0,0,-1.2816237461508113,0,1,-1.5042081724048018,-1.0003214941413427,1,0.46881297433378716,-1.109762475828853,0,1,0.0,0,0,0,1,1,0,1,0,1,0,1,0,1,0,1,0,0,0,1,1
1,1,1,0,-0.9559778674420595,0,1,-1.449455345965557,-0.9191675503166544,1,-0.41503362645729197,-1.109762475828853,0,1,1.0,0,0,0,1,1,0,1,0,1,0,1,0,1,0,1,0,0,0,1,0
1,0,0,0,-0.4675090493789317,0,0,-1.4743429943470319,-0.8321557792410358,1,-0.5524394497961479,-1.109762475828853,0,0,1.0,0,0,0,1,1,0,1,0,1,0,1,0,1,0,1,0,1,0,0,0
0,0,0,1,-0.1825689055087738,0,0,-1.4826388771408567,-0.7740162952898534,1,-0.5793339886171522,-1.109762475828853,0,1,2.0,0,0,0,1,1,0,1,0,1,0,1,0,1,0,1,0,0,0,1,0
1,0,1,1,1.4049547531963917,1,1,1.342938802435925,2.0579689376861974,1,-0.4812501470377311,1.0471678523539008,0,1,3.0,0,1,1,0,0,0,0,1,0,1,0,0,0,1,0,1,0,1,0,0
1,0,0,0,-0.7117434584104956,0,1,0.7572494771918825,-0.46385860298122444,1,-0.028170802413965426,-0.031297311737476054,0,0,1.0,0,1,1,0,0,1,0,0,0,0,0,0,0,1,0,0,0,0,0,0
0,0,1,1,-1.1188008067964355,0,1,0.6195378228143881,-0.8315634146875709,1,0.9448041947381032,-0.031297311737476054,1,1,0.0,0,0,1,0,0,0,0,1,0,0,0,0,0,0,0,1,0,1,0,1
0,0,0,0,-0.30468611002455576,0,1,0.44532428414406383,-0.2024722589078705,1,-0.3127191364634362,1.5864004343995892,0,0,2.0,0,1,0,0,0,1,0,1,0,1,0,1,0,1,0,0,0,0,0,0
0,0,0,0,-1.1595065416350294,0,0,-1.4760021709057967,-0.972568117840118,1,-0.18874586482153038,-1.109762475828853,0,0,0.0,0,0,0,1,1,0,1,0,1,0,1,0,1,0,1,0,1,0,0,0
0,0,0,0,-1.0373893371192475,0,1,0.19312944721178524,-0.8111158678790795,1,0.3586920216293611,0.5079352703082123,0,0,1.0,0,0,0,0,0,0,0,0,0,0,0,1,0,1,0,1,1,0,0,1
0,0,0,0,-1.2816237461508113,0,0,-0.634799655611946,-0.9888252339185428,1,1.9773980519055308,-1.109762475828853,1,1,0.0,0,0,0,0,0,0,0,0,0,0,0,0,0,0,0,0,0,1,0,1
0,0,1,1,1.0386031396490458,2,1,-1.4959122896109767,-0.5004316293007042,1,-0.6210026267299771,-1.109762475828853,0,1,3.0,0,0,0,1,1,0,1,0,1,0,1,0,1,0,1,0,0,0,1,0
0,0,0,0,-0.5896262538947137,0,1,0.1616050925952503,-0.4728757078506342,1,-0.23668844402439296,-1.109762475828853,0,1,1.0,0,0,1,0,0,0,0,0,0,0,0,0,0,0,0,0,0,1,0,0
0,1,1,0,1.1200146093262338,0,0,0.8136614801898924,1.3142881499529024,1,-0.4908782084763694,-0.031297311737476054,0,1,3.0,0,1,1,0,0,0,0,1,0,0,0,0,0,0,0,1,0,1,0,0
0,0,1,0,-0.7524491932490895,2,0,-1.477661347464562,-0.8806199754856252,1,-0.5031303886208327,-1.109762475828853,0,1,1.0,0,0,0,1,1,0,1,0,1,0,1,0,1,0,1,0,0,0,1,0
0,0,0,0,0.387311382231542,0,1,-0.5103614137045716,-0.09714106553065288,1,-0.5270460015139903,-0.5705298937831644,0,1,2.0,0,0,0,0,0,0,0,1,0,0,0,0,0,0,0,0,0,1,0,0
1,0,0,0,-1.2816237461508113,0,0,-0.9633166142474143,-0.993169240643952,0,1.40736017908262,-0.5705298937831644,1,1,0.0,1,0,0,0,0,0,0,0,0,0,0,0,0,0,0,1,0,1,0,1
0,0,1,1,1.2828375486806096,2,0,-0.5004063543519814,0.3997430976868492,0,-0.5714286325907573,1.0471678523539008,0,1,3.0,1,0,0,0,0,0,0,1,0,1,0,1,0,0,0,1,0,1,0,0
0,0,0,0,0.8350744654560759,2,0,1.3479163321122196,1.4843845345089468,1,-0.43465333625890357,1.0471678523539008,0,1,3.0,0,1,1,0,0,0,0,1,0,1,0,0,0,1,0,1,0,1,0,0
0,1,0,0,-1.2816237461508113,0,1,0.15496838636019022,-0.9783820662352362,1,3.347792130005054,-1.109762475828853,1,1,0.0,0,0,1,0,0,0,0,0,0,0,0,0,0,0,0,0,0,1,0,1
0,0,1,1,0.5094285867473239,0,1,1.3346429196421,1.0669430397394566,1,-0.39650802145558117,1.0471678523539008,0,1,2.0,0,1,1,0,0,1,0,1,0,0,0,0,0,1,0,1,0,1,0,0
1,1,1,0,-0.10115743583158582,0,1,1.352893861788515,0.38721568435246245,1,-0.2670912459739265,1.5864004343995892,0,0,2.0,0,1,1,0,0,1,0,1,0,1,0,1,0,1,0,0,0,0,0,0
0,0,0,0,-0.6303319887333076,0,0,0.18483356441796028,-0.4974698065333798,1,-0.20870678696751782,-1.109762475828853,0,0,1.0,0,0,1,0,0,0,0,0,0,0,0,0,0,0,0,0,0,0,0,0
0,1,0,0,-0.06045170099299184,0,1,0.29765757041397994,-0.03606169824005202,1,-0.3938011551842163,-1.109762475828853,0,1,2.0,0,1,1,0,0,0,0,0,0,0,0,0,0,0,0,0,0,1,0,1
1,0,0,0,0.26519417771576004,0,1,0.27276992203250505,0.189343984067287,1,-0.44914952945199643,-1.109762475828853,0,0,2.0,0,1,1,0,0,0,0,0,0,0,0,0,0,0,0,0,1,0,0,0
0,0,1,1,1.0793088744876398,0,1,1.0525829046520514,1.4398694352874566,1,-0.4742446310922644,0.5079352703082123,0,0,3.0,0,1,1,0,0,0,0,1,0,0,0,1,0,0,0,1,0,0,0,0
0,0,0,0,-0.9152721326034655,0,1,0.9928525485365113,-0.59055879913899,1,0.33323922863944927,0.5079352703082123,1,1,1.0,0,1,1,0,0,0,0,1,0,1,0,0,0,0,0,1,0,1,0,1
1,0,0,0,-1.2002122764736234,0,1,0.5116913464946635,-0.8975572138291396,1,1.6535128968925132,-0.5705298937831644,1,1,0.0,0,0,1,0,0,0,0,0,0,0,0,0,0,0,0,1,0,1,0,0
0,1,0,0,0.428017117070136,0,1,0.8402083051301322,0.6754778276107968,1,-0.4235397012354116,-0.031297311737476054,0,1,2.0,0,1,1,0,0,0,0,1,0,0,0,0,0,1,0,0,0,1,0,0
1,0,0,0,-1.2002122764736234,0,0,0.642766294637098,-0.9057844992939293,1,1.7672325735415284,-0.031297311737476054,1,1,0.0,0,0,1,0,0,0,0,1,0,0,0,0,0,0,0,1,0,1,0,0
1,0,1,1,-0.4675090493789317,0,0,1.309755271260625,-0.062037980880882346,1,-0.11326426586738543,1.0471678523539008,0,1,1.0,0,1,1,0,0,0,0,1,0,1,0,0,0,1,0,1,0,1,0,1
1,1,1,0,0.020959768684196134,0,1,-0.4954288246756865,-0.24066880289240214,0,-0.49039513964986337,1.0471678523539008,0,1,2.0,1,0,0,0,0,0,0,1,0,1,0,1,0,1,0,0,0,1,0,0
1,0,1,0,-0.9559778674420595,1,0,-1.3548822821159523,-0.8949244824804067,0,-0.3822132640826395,-1.109762475828853,0,0,1.0,1,0,0,0,0,0,0,0,0,0,0,0,0,0,0,0,0,0,0,1
0,0,0,0,-1.2409180113122174,0,0,-0.13538751142368316,-0.960040704505731,1,1.6760649002786052,-0.031297311737476054,1,1,0.0,0,0,0,0,0,0,0,0,0,1,0,0,0,0,0,1,0,1,0,0
1,0,0,0,-1.0373893371192475,1,1,-0.9765900267175343,-0.8994220652011585,0,-0.14872805455769975,-0.031297311737476054,0,0,1.0,1,0,0,0,0,0,0,0,0,1,0,1,0,0,0,0,1,0,0,0
0,0,1,1,-1.1188008067964355,0,0,-1.3233579274994176,-0.953853785836209,0,-0.17895733569224806,-1.109762475828853,1,1,0.0,1,0,0,0,0,0,0,0,0,0,0,0,0,0,0,0,0,0,1,0
1,0,1,1,-1.2409180113122174,0,0,0.16658262227154547,-0.9457800763667618,1,2.0253810378333856,-1.109762475828853,1,1,0.0,0,0,1,0,0,0,0,0,0,0,0,0,0,0,0,0,0,0,1,0
1,0,0,0,-0.6303319887333076,0,1,0.19478862377055015,-0.47930396022712346,1,-0.20678746753040364,-1.109762475828853,0,1,1.0,0,0,1,0,0,0,0,0,0,0,0,0,0,0,0,0,0,1,0,0
0,1,0,0,1.1200146093262338,1,1,1.2102046777347255,1.7012996582166229,1,-0.46831833902701103,0.5079352703082123,0,0,3.0,0,1,1,0,0,1,0,0,0,0,0,0,0,1,0,1,0,0,0,0
0,0,0,1,0.46872285190873,2,0,-1.4942531130522119,-0.6280094025747139,1,-0.6088209122912535,-1.109762475828853,0,1,2.0,0,0,0,1,1,0,1,0,1,0,1,0,1,0,1,0,0,0,1,0
1,0,0,0,1.6084834273893616,2,0,0.7008374741938728,1.7596804758747722,1,-0.5240010155959182,1.5864004343995892,0,0,3.0,0,1,0,0,0,1,0,1,0,0,0,1,0,1,0,1,1,0,0,0
1,0,1,0,1.4863662228735797,2,1,0.9132120737157919,1.8258936692954022,1,-0.5076544987226018,0.5079352703082123,0,1,3.0,0,1,1,0,0,0,0,1,0,0,0,1,0,1,0,0,0,0,1,0
1,0,0,0,-1.2409180113122174,0,0,-0.6729607164635407,-0.9760564868771888,1,1.0542054026536112,-1.109762475828853,1,1,0.0,0,0,0,0,0,0,0,0,0,0,0,0,0,0,0,0,0,0,1,1
0,0,0,0,-1.2816237461508113,0,1,0.6527213539896879,-0.9718002378634042,1,4.211485876706434,-0.5705298937831644,1,1,0.0,0,1,1,0,0,0,0,0,0,0,0,0,0,1,0,0,0,1,0,0
1,0,1,0,0.9978974048104517,2,0,1.4275568069329394,1.610580123824872,1,-0.4454118203067888,1.0471678523539008,0,1,3.0,0,1,1,0,0,0,0,0,0,1,0,1,0,1,0,1,0,1,0,0
0,0,0,0,-0.5489205190561197,1,0,-0.2233238690382277,-0.5502780095033782,1,-0.32463368096921413,-0.031297311737476054,0,1,1.0,0,0,0,0,0,0,0,1,0,0,0,0,0,1,0,0,0,1,0,0
0,0,1,1,0.346605647392948,0,1,0.9746016063900964,0.6995453800237957,1,-0.40118710766096827,0.5079352703082123,0,0,2.0,0,1,1,0,0,1,0,1,0,0,0,0,0,1,0,0,0,0,0,0
1,0,1,1,1.4049547531963917,2,1,1.535403283252664,2.295507123625614,1,-0.47142774756544087,1.5864004343995892,0,0,3.0,0,1,1,0,0,0,0,1,0,1,0,1,0,1,0,1,0,0,0,0
0,0,1,0,-1.1188008067964355,0,1,0.7954105380434776,-0.8096459262093704,1,1.046528124905155,0.5079352703082123,1,1,0.0,0,0,1,0,0,1,0,0,0,1,0,0,0,0,0,1,0,0,1,1
0,1,1,0,-0.7117434584104956,0,1,0.6012868806679732,-0.45679410719545815,1,-0.06199880749310284,-0.031297311737476054,0,1,1.0,0,1,1,0,0,0,0,0,0,1,0,1,0,0,0,0,0,1,0,1
0,0,0,0,1.5677776925507676,2,1,1.7826205905086479,2.710952130455648,1,-0.46997414534468535,2.1256330164452777,0,1,3.0,0,1,1,0,0,1,0,1,0,1,0,1,0,1,0,1,0,1,0,0
1,0,1,0,-1.2002122764736234,0,1,-1.472683817788267,-0.9864777151325894,1,-0.06811663819890423,-1.109762475828853,0,0,0.0,0,0,0,1,1,0,1,0,1,0,1,0,1,0,1,0,1,0,0,1
0,0,1,1,1.5677776925507676,2,0,-1.3349721634107725,-0.21447312597251086,1,-0.6202408629420828,-1.109762475828853,0,0,3.0,0,1,0,1,1,0,1,0,1,0,1,0,1,0,1,0,0,0,0,0
0,1,1,0,1.5270719577121736,2,1,0.904916190921967,1.8319928302532997,1,-0.5102021346032141,2.1256330164452777,0,0,3.0,0,1,0,0,0,1,0,1,0,1,0,1,0,1,0,1,0,0,0,0
1,0,0,0,-1.1595065416350294,0,0,-0.7476236616079653,-0.9446831049714564,0,0.3168028749143442,0.5079352703082123,0,1,0.0,1,0,0,0,0,1,0,1,0,0,0,1,0,0,0,0,0,0,1,0
1,1,0,0,-1.1188008067964355,0,1,0.6842457086062228,-0.8296766238876457,1,0.9822309237618295,-0.031297311737476054,1,1,0.0,0,0,1,0,0,0,0,1,0,0,0,0,0,0,0,1,0,1,0,0
0,0,1,0,1.1607203441648277,2,0,-1.4826388771408567,-0.44779894175395446,1,-0.6221343850749348,-1.109762475828853,0,0,3.0,0,0,0,1,1,0,1,0,1,0,1,0,1,0,1,0,1,0,0,0
1,0,0,1,-1.2002122764736234,2,1,-1.2785601604127628,-0.955718637208228,1,0.10030364240786484,-1.109762475828853,0,1,0.0,0,1,0,1,1,0,1,0,1,0,1,0,1,0,1,0,0,0,1,0
0,0,1,1,-1.2002122764736234,0,0,-0.6845749523748957,-0.9499046888131099,1,0.6156409112730217,-1.109762475828853,1,1,0.0,0,0,0,0,0,0,0,0,0,0,0,0,0,0,0,0,0,0,1,1
0,0,1,1,0.06166550352279012,0,0,0.7472944178392927,0.25222238444618855,1,-0.37201345221683274,-0.031297311737476054,0,1,2.0,0,1,1,0,0,0,0,0,0,1,0,0,0,1,0,0,0,1,0,1
1,0,1,0,1.5677776925507676,1,1,1.352893861788515,2.26977217469175,1,-0.4906868009368758,1.0471678523539008,0,0,3.0,0,1,1,0,0,0,0,1,0,1,0,0,0,1,0,1,0,0,0,0
0,0,1,1,-0.38609757970174374,2,1,0.8684143066291369,-0.04433286256065417,1,-0.22262185288659564,2.1256330164452777,0,0,1.0,0,1,0,0,0,1,0,1,0,1,0,1,0,1,0,1,1,0,0,0
0,0,0,0,0.14307697319997809,1,0,-1.5058673489635668,-0.7365437524262233,1,-0.5988992411830002,-1.109762475828853,0,1,2.0,0,0,0,1,1,0,1,0,1,0,1,0,1,0,1,0,0,0,1,0
1,0,1,0,-0.7117434584104956,0,1,0.12178485518489039,-0.5224807543463413,1,-0.16600192949172737,-1.109762475828853,0,0,1.0,0,0,1,0,0,0,0,0,0,0,0,0,0,0,0,0,0,0,0,0
1,0,1,0,-0.8745663977648716,0,1,-0.3278519922404224,-0.7420724882585621,1,-0.1314541796236722,-0.5705298937831644,1,0,1.0,0,0,0,0,0,0,0,0,0,0,0,0,0,1,0,0,0,0,0,0
0,1,0,0,-0.7117434584104956,0,1,0.3441145140593994,-0.5054338188632964,1,-0.11777902863423363,-0.5705298937831644,0,0,1.0,0,0,1,0,0,0,0,1,0,0,0,0,0,0,0,0,1,0,0,1
0,0,0,0,1.2014260790034217,2,1,-0.7078034241976054,0.197176359829767,0,-0.5800493999672752,0.5079352703082123,0,0,3.0,1,0,0,0,0,0,0,1,0,1,0,0,0,0,0,1,1,0,0,0
1,0,0,0,-1.0373893371192475,0,0,0.9978300782128064,-0.7212958500314791,1,0.7077682442545022,-0.031297311737476054,1,1,1.0,0,1,1,0,0,0,0,0,0,0,0,0,0,1,0,1,0,0,1,1
0,0,1,1,-1.0780950719578415,0,1,0.5166688761709587,-0.7882769234288226,1,0.6645835569194333,-0.5705298937831644,0,1,0.0,0,1,1,0,0,0,0,0,0,0,0,1,0,0,0,0,0,1,0,1
0,0,0,0,-0.1418631706701798,0,0,-1.3200395743818876,-0.7008921820788,1,-0.5632050870025066,-1.109762475828853,0,1,2.0,0,1,0,1,1,0,1,0,1,0,1,0,1,0,1,0,0,1,0,0
1,0,1,1,1.6084834273893616,1,1,0.8219573629837174,1.8822341201582837,1,-0.5182430572845756,-0.031297311737476054,0,1,3.0,0,1,1,0,0,0,0,1,0,0,0,0,0,1,0,0,0,1,0,0
0,0,0,0,1.4863662228735797,2,1,0.6776090023711627,1.5787898927889232,1,-0.5193349284398967,1.5864004343995892,0,0,3.0,0,1,0,0,0,1,0,0,0,1,0,1,0,1,0,1,1,0,0,0
1,0,0,0,-0.7117434584104956,0,1,1.2085455011759603,-0.32706626998664984,1,0.06971448887885762,1.0471678523539008,0,1,1.0,0,0,1,0,0,0,0,0,0,1,0,1,0,1,0,1,0,1,0,1
0,0,1,1,-0.6710377235719016,2,0,-1.5008898192872717,-0.8766050601788077,1,-0.5262977032382344,-1.109762475828853,0,1,1.0,0,0,0,1,1,0,1,0,1,0,1,0,1,0,1,0,0,0,1,0
0,1,1,1,0.590840056424512,0,0,0.18649274097672516,0.44313928608512804,1,-0.4904868718288431,-1.109762475828853,0,0,2.0,0,0,1,0,0,0,0,0,0,0,0,0,0,0,0,0,0,0,0,1
0,0,1,1,0.631545791263106,1,0,0.1582867394777205,0.31782127388544723,1,-0.4959388161993192,1.0471678523539008,0,0,2.0,0,0,0,0,0,1,0,0,0,1,0,1,0,1,0,0,0,0,0,0
0,0,1,1,1.6084834273893616,2,0,0.12676238486118555,1.1359644799320678,1,-0.5512921604688568,1.0471678523539008,0,0,3.0,0,0,0,0,0,1,0,1,0,1,0,0,0,0,0,1,1,0,0,0
1,0,0,0,-0.4675090493789317,0,1,0.29102086417891987,-0.3249820243355697,1,-0.27396364782939986,-1.109762475828853,0,1,1.0,0,1,1,0,0,0,0,0,0,0,0,0,0,0,0,0,0,1,0,0
0,0,1,0,1.6084834273893616,2,1,1.5005605755185993,2.5008601688267715,1,-0.48598271551280714,1.5864004343995892,0,1,3.0,0,1,1,0,0,0,0,1,0,1,0,1,0,1,0,1,0,1,0,0
1,0,1,1,-1.0373893371192475,0,0,0.1582867394777205,-0.7824410356057981,1,0.343577381062087,0.5079352703082123,1,0,1.0,0,0,0,0,0,1,0,0,0,0,0,0,0,1,0,1,1,0,0,0
0,1,0,0,-0.22327464034736777,0,1,0.6742906492536329,-0.005302620315690625,1,-0.30912832180224176,-0.5705298937831644,0,1,2.0,0,1,1,0,0,0,0,0,0,0,0,0,0,0,0,1,0,1,0,1
1,0,1,0,-1.1595065416350294,0,1,0.32254521879545484,-0.876670878462526,1,1.0595794970775314,-1.109762475828853,1,1,0.0,0,1,1,0,0,0,0,0,0,0,0,0,0,0,0,0,0,1,0,1
0,0,0,0,-1.1595065416350294,0,1,-0.6281629493768859,-0.9239722850280918,1,0.3997174745976766,-1.109762475828853,1,1,0.0,0,0,0,0,0,0,0,0,0,0,0,0,0,0,0,0,0,0,1,1
0,0,1,1,-0.2639803751859618,0,1,0.858459247276547,0.02740906669231438,1,-0.27247084382275555,-0.031297311737476054,0,1,2.0,0,0,1,0,0,0,0,0,0,0,0,0,0,1,0,1,0,1,0,1
1,0,0,0,0.387311382231542,0,0,0.49675875746577897,0.4449602586013349,1,-0.4457650551189922,-0.5705298937831644,0,1,2.0,0,1,1,0,0,0,0,0,0,1,0,0,0,0,0,0,0,1,0,0
1,0,1,1,1.4863662228735797,2,1,0.5647849963751436,1.4489084795847722,1,-0.5249283736566295,1.5864004343995892,0,0,3.0,0,1,0,0,0,0,0,1,0,1,0,1,0,1,0,1,0,0,0,0
0,0,0,1,0.6722515261016999,2,0,-1.4760021709057967,-0.5593170538006942,1,-0.6126467557025678,-1.109762475828853,0,0,3.0,0,0,0,1,1,0,1,0,1,0,1,0,1,0,1,0,1,0,0,0
0,0,0,0,-1.2816237461508113,0,0,0.3607062796470494,-0.9756615771748789,1,3.704785545308291,-0.5705298937831644,1,1,0.0,0,0,1,0,0,0,0,1,0,0,0,0,0,0,0,0,0,1,0,1
0,0,0,0,0.22448844287716607,0,0,0.10685226615600583,0.1566322970592822,1,-0.45851359370576317,0.5079352703082123,0,0,2.0,0,1,0,0,0,0,0,1,0,0,0,1,0,0,0,1,1,0,0,0
0,0,0,0,0.18378270803857208,0,1,1.1654069106480704,0.6631039902717528,1,-0.3565448920315494,0.5079352703082123,0,1,2.0,0,1,1,0,0,0,0,0,0,1,0,0,0,1,0,1,0,1,0,0
1,0,1,0,-0.7524491932490895,2,0,0.5647849963751436,-0.49038337131970733,1,-0.03059394320332202,1.5864004343995892,0,1,1.0,0,0,0,0,0,0,0,1,0,1,0,1,0,1,0,1,0,0,1,0
1,1,0,0,-1.2816237461508113,0,1,0.4702119325255387,-0.9742135749330759,1,3.894798169582595,-0.5705298937831644,1,1,0.0,0,0,1,0,0,0,0,0,0,0,0,0,0,1,0,0,0,1,0,1
0,0,0,0,-0.9559778674420595,0,1,-1.5075265255223318,-0.9304444162603933,1,-0.43518648054699083,-1.109762475828853,0,1,1.0,0,0,0,1,1,0,1,0,1,0,1,0,1,0,1,0,0,1,0,0
1,0,0,0,-0.3453918448631497,0,1,-0.45726776382409173,-0.449159186284133,1,-0.42413120058921316,-0.5705298937831644,0,1,1.0,0,0,0,0,0,1,0,0,0,0,0,0,0,0,0,0,0,1,0,0
0,0,1,1,-0.9966836022806536,0,0,-0.3046235204177124,-0.812871022111568,1,0.05360020277141989,-0.5705298937831644,1,1,1.0,0,1,0,0,0,0,0,1,0,0,0,0,0,0,0,0,0,1,0,0
0,0,0,0,-1.2816237461508113,0,0,0.6925415914000478,-0.9712736915936575,1,4.280581376442544,-0.5705298937831644,1,1,0.0,0,1,1,0,0,0,0,0,0,0,0,0,0,0,0,1,0,0,1,1
0,0,1,0,1.6084834273893616,2,0,0.473530285643069,1.361370162239407,1,-0.5348070469473418,1.5864004343995892,0,0,3.0,0,1,0,0,0,1,0,1,0,1,0,1,0,1,0,0,1,0,0,0
0,0,1,0,1.6084834273893616,2,1,1.3462571555534548,2.3012991325928254,1,-0.4933181966491751,1.0471678523539008,0,1,3.0,0,1,1,0,0,1,0,0,0,1,0,0,0,1,0,1,0,1,0,0
0,0,1,1,-0.6303319887333076,0,1,-0.3178969328878323,-0.6050168821291142,1,-0.3056324185417838,-0.031297311737476054,0,0,1.0,0,0,0,0,0,1,0,0,0,0,0,1,0,0,0,0,1,0,0,0
0,0,0,0,1.4456604880349857,2,0,-0.019245152310133944,0.983002788570693,0,-0.5523484148821345,2.1256330164452777,0,0,3.0,1,0,0,0,0,1,0,1,0,1,0,1,0,1,0,1,1,0,0,0
0,0,1,0,0.631545791263106,1,1,0.02389343821775623,0.3489752615121186,1,-0.5054570738160282,0.5079352703082123,0,1,2.0,0,0,0,0,0,0,0,1,0,1,0,0,0,0,0,1,0,1,0,0
0,0,1,1,-1.0373893371192475,0,1,0.35738792652951956,-0.7658109492529694,1,0.429946755732225,1.5864004343995892,0,1,1.0,0,0,0,0,0,1,0,1,0,1,0,1,0,1,0,0,0,1,0,0
1,0,0,0,0.5501343215859179,1,1,-1.1342117998002084,-0.3554339502692457,0,-0.5844033576366761,-0.5705298937831644,0,0,2.0,1,0,0,0,0,1,0,0,0,0,0,0,0,0,0,0,0,0,0,0
1,0,1,1,0.7129572609402939,0,0,1.2865267994379153,1.2161969677847,1,-0.42558988336141995,1.0471678523539008,0,1,3.0,0,1,1,0,0,0,0,1,0,0,0,1,0,1,0,1,0,1,0,1
0,0,1,0,-0.38609757970174374,0,0,-0.3543988171806622,-0.47291958670644646,1,-0.39943915603073926,-0.031297311737476054,0,1,1.0,0,0,0,0,0,0,0,0,0,1,0,1,0,0,0,0,0,1,0,0
0,0,1,1,-0.7931549280876836,0,1,-1.4760021709057967,-0.897250061838454,1,-0.4915322154508428,-1.109762475828853,0,1,1.0,0,0,0,1,1,0,1,0,1,0,1,0,1,0,1,0,0,0,1,0
0,0,0,1,-0.5896262538947137,2,0,-1.3150620447055927,-0.8094265319303093,1,-0.5064033333451747,-1.109762475828853,0,0,1.0,0,1,0,1,1,0,1,0,1,0,1,0,1,0,1,0,1,0,0,0
0,0,0,0,1.2828375486806096,1,1,-1.3449272227633626,-0.3063335106153791,1,-0.6165178753672703,-1.109762475828853,0,0,3.0,0,1,0,1,1,0,1,0,1,0,1,0,1,0,1,0,0,0,0,0
1,0,0,0,1.3642490183577978,0,0,0.8120023036311275,1.6136735831596327,1,-0.5060867134851639,-0.031297311737476054,0,0,3.0,0,1,1,0,0,0,0,1,0,0,0,0,0,0,0,1,1,0,0,0
0,0,1,1,-0.9559778674420595,1,0,-0.5418857683211062,-0.8236213417855603,1,-0.1000733068268553,-0.5705298937831644,0,1,1.0,0,0,0,0,0,1,0,0,0,0,0,0,0,0,0,0,0,0,1,0
0,1,0,0,-0.4675090493789317,0,1,0.9729424298313315,-0.14286283328697894,1,-0.16639451755840978,-0.031297311737476054,0,1,1.0,0,1,1,0,0,0,0,0,0,0,0,0,0,1,0,1,0,1,0,1
1,0,0,1,0.30589991255435406,1,1,-1.477661347464562,-0.633801411541926,1,-0.6024481475911119,-1.109762475828853,0,0,2.0,0,0,0,1,1,0,1,0,1,0,1,0,1,0,1,0,0,0,0,0
1,0,1,1,-1.0373893371192475,2,0,-0.5070430605870415,-0.8748499059463192,0,0.054959720706042395,1.0471678523539008,0,0,1.0,1,0,0,0,0,1,0,0,0,1,0,1,0,0,0,1,1,0,0,0
0,0,0,0,0.9571916699718578,0,1,1.3827590398462843,1.577276072263402,1,-0.44437901048264294,1.0471678523539008,0,0,3.0,0,1,1,0,0,1,0,1,0,0,0,0,0,1,0,1,1,0,0,0
0,0,1,1,-0.4268033145403377,1,0,-1.466047111553207,-0.8104357456139902,1,-0.5558532590716474,-1.109762475828853,0,0,1.0,0,0,0,1,1,0,1,0,1,0,1,0,1,0,1,0,0,0,0,0
0,0,0,0,-1.1595065416350294,0,1,0.1981069768880804,-0.8891324735131946,1,0.9732101224073934,-1.109762475828853,1,0,0.0,0,0,1,0,0,0,0,0,0,0,0,0,0,0,0,0,0,0,0,1
0,1,1,0,-1.2816237461508113,0,1,0.31590851256039476,-0.9762539417283439,1,3.627053108105167,-1.109762475828853,1,1,0.0,0,1,1,0,0,0,0,0,0,0,0,0,0,0,0,0,0,1,0,1
1,0,0,0,-0.019745966154397852,0,0,0.866755130070372,0.2510595947671649,1,-0.3420122460543571,-0.031297311737476054,0,1,2.0,0,0,1,0,0,0,0,0,0,0,0,0,0,1,0,1,0,1,0,0
1,0,0,1,-0.2639803751859618,1,1,-0.8289233129874498,-0.5597119635030041,0,-0.4893539402166577,-0.031297311737476054,0,0,2.0,1,0,0,0,0,0,0,1,0,0,0,0,0,1,0,0,0,0,0,0
1,0,1,1,-0.5896262538947137,1,0,-0.614889536906766,-0.6524499252621166,0,-0.37851604874588274,0.5079352703082123,0,0,1.0,1,0,0,0,0,0,0,1,0,1,0,0,0,1,0,0,1,0,0,0
1,0,1,1,0.1023712383613841,0,1,1.4939238692835393,0.6507520923606147,1,-0.30803156783817653,1.5864004343995892,0,1,2.0,0,1,1,0,0,0,0,1,0,1,0,1,0,1,0,1,0,1,0,0
0,0,1,1,1.6084834273893616,2,0,0.5067138168183688,1.4984038289409487,1,-0.5332295241223165,1.5864004343995892,0,0,3.0,0,1,0,0,0,1,0,1,0,1,0,1,0,1,0,0,0,0,0,0
0,0,1,1,0.7943687306174818,0,0,1.102358201415001,1.182125036246516,1,-0.4464851157239648,1.0471678523539008,0,0,3.0,0,1,1,0,0,1,0,1,0,1,0,0,0,0,0,1,0,0,0,0
0,1,1,0,-1.0373893371192475,0,1,0.651062177430923,-0.7250913710592356,1,0.5573415833706785,-0.5705298937831644,1,1,1.0,0,1,1,0,0,0,0,0,0,0,0,0,0,0,0,1,0,1,0,1
0,0,0,0,0.14307697319997809,1,1,1.3230286837307448,0.6964080418332225,1,-0.33356629737654014,1.0471678523539008,0,0,2.0,0,1,1,0,0,0,0,1,0,1,0,0,0,1,0,1,0,0,0,0
0,0,0,0,-1.2409180113122174,0,0,-1.5141632317573919,-0.9894395378999139,1,0.08111044803672313,-1.109762475828853,0,1,0.0,0,0,0,1,1,0,1,0,1,0,1,0,1,0,1,0,0,0,1,0
1,0,0,0,-1.0373893371192475,1,0,-0.9832267329525943,-0.8927305396897961,0,-0.15160703371337106,-0.031297311737476054,0,1,1.0,1,0,0,0,0,1,0,0,0,1,0,0,0,0,0,0,0,0,1,0
1,0,1,0,-0.7117434584104956,0,1,-1.5091857020810966,-0.859360669844608,1,-0.5197564932448343,-1.109762475828853,0,0,1.0,0,0,0,1,1,0,1,0,1,0,1,0,1,0,1,0,1,0,0,0
1,0,0,0,-1.2409180113122174,0,1,0.48182616843689396,-0.9452315906691091,1,2.3900517308850793,-0.5705298937831644,1,1,0.0,0,1,1,0,0,0,0,1,0,0,0,0,0,0,0,0,0,1,0,0
0,0,1,0,1.5677776925507676,2,1,-0.5750692994964061,0.47321824174440025,0,-0.5836138503504872,1.0471678523539008,0,0,3.0,1,0,0,0,0,1,0,1,0,1,0,1,0,0,0,0,0,0,0,0
1,0,1,1,-0.22327464034736777,0,1,0.35904710308828447,-0.16249862126294434,1,-0.34820018177206613,-1.109762475828853,0,0,2.0,0,1,1,0,0,0,0,0,0,0,0,0,0,0,0,0,0,0,0,0
1,0,1,1,0.46872285190873,0,1,-0.33282952191671733,0.10959416362858954,1,-0.5192526718925918,-0.031297311737476054,0,0,2.0,0,0,0,0,0,0,0,1,0,0,0,1,0,0,0,0,0,0,0,0
0,0,1,0,0.5501343215859179,1,0,0.18815191753549007,0.40882602083997743,1,-0.4867630858464634,1.0471678523539008,0,1,2.0,0,0,0,0,0,1,0,1,0,0,0,1,0,0,0,1,0,0,1,0
0,0,0,1,-0.06045170099299184,1,0,-1.4876164068171518,-0.7503655920070704,1,-0.5874125034031091,-1.109762475828853,0,0,2.0,0,0,0,1,1,0,1,0,1,0,1,0,1,0,1,0,1,0,0,0
1,0,0,0,1.4863662228735797,1,1,0.4536201669378888,1.3414272222727561,1,-0.5304395623260574,1.5864004343995892,0,0,3.0,0,1,0,0,0,1,0,1,0,1,0,1,0,0,0,1,1,0,0,1
1,0,1,1,-0.30468611002455576,0,0,-0.15197927701133307,-0.39257740171428407,1,-0.39244471308202505,-0.5705298937831644,0,1,2.0,0,1,0,0,0,0,0,0,0,0,0,0,0,1,0,0,0,1,0,0
1,0,1,1,-0.30468611002455576,0,1,-1.5191407614336867,-0.7993563345214064,1,-0.5749276995645731,-1.109762475828853,0,1,2.0,0,0,0,1,1,0,1,0,1,0,1,0,1,0,1,0,0,0,1,0
0,0,1,1,1.5270719577121736,2,1,1.5967928159269684,2.443927353410425,1,-0.4763842667746247,2.1256330164452777,0,0,3.0,0,1,1,0,0,1,0,1,0,1,0,1,0,1,0,1,1,0,0,0
1,0,1,0,1.6084834273893616,2,0,-1.4677062881119718,-0.35420534230650375,1,-0.6270921322113249,-1.109762475828853,0,0,3.0,0,0,0,1,1,0,1,0,1,0,1,0,1,0,1,0,0,0,0,0
1,0,0,0,-1.2409180113122174,0,0,-0.6829157758161306,-0.9732701795331133,1,1.0426894860309264,-1.109762475828853,1,1,0.0,0,0,0,0,0,0,0,0,0,0,0,0,0,0,0,0,0,1,0,1
0,0,0,0,-1.1595065416350294,0,1,-1.037979559391839,-0.9484347471434007,0,0.11527433401735541,-0.031297311737476054,1,1,0.0,1,0,0,0,0,1,0,1,0,0,0,0,0,0,0,0,0,1,0,1
0,0,0,1,1.3642490183577978,2,1,0.8634367769528422,1.593116339211611,1,-0.5034225835202143,0.5079352703082123,0,0,3.0,0,1,1,0,0,1,0,0,0,1,0,1,0,0,0,0,1,0,0,0
1,0,0,0,-1.1188008067964355,0,1,0.02223426165899086,-0.8597775189748239,1,0.5993266960575511,0.5079352703082123,0,0,0.0,0,0,0,0,0,0,0,1,0,0,0,1,0,0,0,1,0,0,0,0
1,0,0,0,-1.2816237461508113,0,0,-0.4688819997354467,-0.9866312911279321,1,2.2652959674726576,-0.5705298937831644,1,1,0.0,0,0,0,0,0,0,0,1,0,0,0,0,0,0,0,0,0,1,0,1
1,0,1,0,-1.2816237461508113,0,1,0.9978300782128064,-0.967236836858934,1,4.810313541086058,0.5079352703082123,1,1,0.0,0,0,1,0,0,1,0,0,0,0,0,0,0,1,0,1,0,1,0,1
0,0,0,0,-1.2816237461508113,0,1,-1.4842980536996218,-1.0000582210064695,1,0.5033607242018422,-1.109762475828853,0,1,0.0,0,0,0,1,1,0,1,0,1,0,1,0,1,0,1,0,0,0,1,1
1,1,1,0,1.5270719577121736,1,1,1.3230286837307448,2.1981618820062185,1,-0.48976543749816726,1.0471678523539008,0,1,3.0,0,1,1,0,0,0,0,1,0,1,0,0,0,1,0,1,0,1,0,0
0,0,1,0,1.0793088744876398,2,1,1.1654069106480704,1.6391013801028107,1,-0.4677189450060762,1.0471678523539008,0,1,3.0,0,0,1,0,0,0,0,1,0,0,0,1,0,1,0,1,0,0,1,0
0,0,0,0,-0.8338606629262776,1,1,-1.5125040551986266,-0.912673479656447,1,-0.48833686495938344,-1.109762475828853,0,0,1.0,0,0,0,1,1,0,1,0,1,0,1,0,1,0,1,0,0,0,0,0
1,0,0,0,-1.2409180113122174,0,0,-1.5108448786398618,-0.9867190488395567,1,0.08494908691095136,-1.109762475828853,0,1,0.0,0,0,0,1,1,0,1,0,1,0,1,0,1,0,1,0,0,0,1,0
1,0,1,1,0.346605647392948,2,1,-1.4909347599346818,-0.622875576444685,1,-0.6049091564860875,-1.109762475828853,0,1,2.0,0,0,0,1,1,0,1,0,1,0,1,0,1,0,1,0,0,0,1,0
0,0,0,0,0.22448844287716607,0,1,1.2848676228791502,0.7411864141895861,1,-0.3536892244479888,1.0471678523539008,0,1,2.0,0,1,1,0,0,0,0,0,0,1,0,1,0,1,0,1,0,1,0,0
0,0,1,0,1.2828375486806096,1,1,1.6615007017188033,2.236424244274468,1,-0.4560037144418446,2.1256330164452777,0,1,3.0,0,1,1,0,0,1,0,1,0,1,0,1,0,1,0,1,0,1,0,0
1,0,1,0,-1.2816237461508113,0,1,0.32088604223668943,-0.9761881234446256,1,3.6356900455721806,-1.109762475828853,1,0,0.0,0,1,1,0,0,0,0,0,0,0,0,0,0,0,0,0,0,0,0,1
1,0,0,0,-1.1188008067964355,0,0,1.0476053749757561,-0.7927964455774805,1,1.192396402125832,0.5079352703082123,1,0,0.0,0,0,1,0,0,0,0,0,0,1,0,0,0,1,0,1,0,0,0,1
0,0,0,0,-1.2816237461508113,0,0,-1.3167212212643575,-0.9978423387879527,0,0.7941376189246403,-1.109762475828853,1,0,0.0,1,0,0,0,0,0,0,0,0,0,0,0,0,0,0,0,0,0,0,0
1,0,0,1,0.46872285190873,2,0,-1.5058673489635668,-0.6491370716482946,1,-0.6097165946952401,-1.109762475828853,0,0,2.0,0,0,0,1,1,0,1,0,1,0,1,0,1,0,1,0,0,0,0,0
1,0,1,1,-1.2816237461508113,0,0,0.8037064208373025,-0.9698037499239485,1,4.47347297987252,-0.031297311737476054,1,1,0.0,0,0,1,0,0,0,0,0,0,0,0,0,0,1,0,1,0,0,1,1
1,0,1,1,-0.10115743583158582,0,1,0.9779199595076267,0.23666733006075888,1,-0.30906861946952047,0.5079352703082123,0,1,2.0,0,1,1,0,0,1,0,1,0,0,0,0,0,1,0,0,0,1,0,1
1,0,0,0,0.346605647392948,2,1,1.152133498177951,0.8429195413902025,1,-0.3865180233915956,1.0471678523539008,0,0,2.0,0,0,1,0,0,0,0,1,0,0,0,1,0,1,0,1,1,0,0,0
1,0,1,0,0.8350744654560759,2,0,-1.4942531130522119,-0.5218445109370642,1,-0.6173085693576028,-1.109762475828853,0,0,3.0,0,0,0,1,1,0,1,0,1,0,1,0,1,0,1,0,1,0,0,0
1,1,1,0,1.6084834273893616,2,1,1.6449089361311533,2.6470425769651595,1,-0.4791204912239469,2.1256330164452777,0,1,3.0,0,1,1,0,0,1,0,1,0,1,0,1,0,1,0,1,0,0,1,0
1,1,0,0,-1.0373893371192475,0,1,0.659358060224748,-0.7689263480156365,1,0.5609403073152676,-0.5705298937831644,1,1,1.0,0,1,1,0,0,0,0,0,0,0,0,0,0,1,0,0,0,1,0,1
1,0,0,0,0.7129572609402939,2,0,0.15165003324266044,0.49094529949253424,1,-0.5028142654194258,0.5079352703082123,0,0,3.0,0,1,0,0,0,0,0,0,0,1,0,1,0,0,0,1,0,0,0,0
1,0,0,0,-1.2816237461508113,0,0,-0.6414363618470058,-0.9889129916301673,1,1.965882135282846,-1.109762475828853,1,1,0.0,0,0,0,0,0,0,0,0,0,0,0,0,0,0,0,0,0,0,1,0
0,0,0,0,-0.06045170099299184,2,0,-1.461069581876912,-0.706442857339045,1,-0.5845335242474378,-1.109762475828853,0,0,2.0,0,0,0,1,1,0,1,0,1,0,1,0,1,0,1,0,1,0,0,0
1,0,0,0,0.30589991255435406,0,0,1.3230286837307448,0.8041306328522058,1,-0.3653887907729118,1.0471678523539008,0,0,2.0,0,1,1,0,0,0,0,0,0,1,0,1,0,1,0,1,0,0,0,1
0,0,0,0,-1.2816237461508113,0,1,-1.4826388771408567,-1.0000362815785633,1,0.5062397033575136,-1.109762475828853,0,1,0.0,0,0,0,1,1,0,1,0,1,0,1,0,1,0,1,0,0,0,1,1
0,1,1,0,1.1200146093262338,2,1,-0.5136797668221014,0.2668779222874678,0,-0.5663924158382387,0.5079352703082123,0,0,3.0,1,0,0,0,0,0,0,1,0,0,0,0,0,1,0,1,1,0,0,0
0,0,1,1,-0.6303319887333076,1,1,-0.09888562713085328,-0.53911084069917,1,-0.2634073909252719,-0.031297311737476054,0,1,1.0,0,1,0,0,0,0,0,0,0,1,0,1,0,0,0,0,0,0,1,0
1,1,1,0,1.6084834273893616,2,0,0.6477438243133932,1.5798649247563228,1,-0.5265250521159587,1.5864004343995892,0,0,3.0,0,1,0,0,0,1,0,1,0,1,0,0,0,1,0,1,1,0,0,0
0,1,0,0,-0.2639803751859618,0,1,0.8037064208373025,-0.009514990473663049,1,-0.2795083484255074,-0.031297311737476054,0,1,2.0,0,1,1,0,0,0,0,1,0,0,0,0,0,1,0,0,0,1,0,1
1,0,0,0,-1.2816237461508113,0,1,0.850163364482722,-0.9691894459425774,1,4.554084396231315,-0.031297311737476054,1,1,0.0,0,0,1,0,0,0,0,0,0,0,0,0,0,1,0,1,0,1,0,1
0,0,0,0,-1.0373893371192475,0,1,0.32254521879545484,-0.7802690322430937,1,0.4148321151649509,0.5079352703082123,0,1,1.0,0,1,0,0,0,0,0,0,0,0,0,1,0,1,0,1,0,1,0,1
1,0,0,0,-1.2816237461508113,0,1,0.3490920437356946,-0.9758151531702218,1,3.6846326912185927,-1.109762475828853,1,1,0.0,0,1,1,0,0,0,0,0,0,0,0,0,0,0,0,0,0,1,0,1
1,0,1,1,1.2828375486806096,1,0,0.8402083051301322,1.4610848620726613,1,-0.4998527815820685,-0.031297311737476054,0,0,3.0,0,1,1,0,0,0,0,0,0,1,0,0,0,0,0,1,1,0,0,0
1,0,1,1,0.020959768684196134,2,0,0.5697625260514383,0.13328874576718466,1,-0.3816713385945132,1.5864004343995892,0,0,2.0,0,0,0,0,0,0,0,1,0,1,0,1,0,1,0,1,1,0,0,0
0,0,0,0,1.4456604880349857,2,0,-1.4892755833759168,-0.40036589862095195,1,-0.6262839375466198,-1.109762475828853,0,0,3.0,0,0,0,1,1,0,1,0,1,0,1,0,1,0,1,0,0,0,0,0
0,0,1,1,0.06166550352279012,0,0,-1.469365464670737,-0.6945736268418413,1,-0.5918029466155078,-1.109762475828853,0,1,2.0,0,0,0,1,1,0,1,0,1,0,1,0,1,0,1,0,0,0,1,0
1,0,0,0,-1.2002122764736234,0,1,-1.5025489958460367,-0.9789305519328889,1,-0.0940274505999457,-1.109762475828853,0,1,0.0,0,0,0,1,1,0,1,0,1,0,1,0,1,0,1,0,0,0,1,0
0,0,0,0,-1.0373893371192475,1,0,-1.4826388771408567,-0.9522522075990631,1,-0.36825021517763384,-1.109762475828853,0,1,1.0,0,0,0,1,1,0,1,0,1,0,1,0,1,0,1,0,0,0,1,0
0,0,0,0,-1.0780950719578415,0,1,0.8070247739548323,-0.7952097826471523,1,0.8085325147029966,0.5079352703082123,0,1,0.0,0,0,1,0,0,0,0,0,0,1,0,1,0,0,0,1,0,1,0,0
1,0,0,1,-0.8338606629262776,0,1,0.16326426915401518,-0.6414363324532512,1,-0.04098779615507891,0.5079352703082123,0,1,1.0,0,0,0,0,0,1,0,0,0,0,0,0,0,1,0,1,0,0,1,0
0,0,1,1,1.0793088744876398,2,1,0.36568380932334454,0.9842094571055289,1,-0.5139745434405278,1.0471678523539008,0,0,3.0,0,0,0,0,0,0,0,1,0,0,0,1,0,1,0,1,1,0,0,0
1,0,1,0,-0.8338606629262776,0,0,0.5282831120823135,-0.6287334036956155,1,0.05645457526764087,-0.031297311737476054,0,0,1.0,0,0,1,0,0,1,0,0,0,0,0,1,0,0,0,0,0,0,0,1
1,1,0,0,0.7943687306174818,0,1,-0.5352490620860464,0.11220495554941634,0,-0.5537135091823626,0.5079352703082123,0,0,3.0,1,0,0,0,0,1,0,0,0,0,0,0,0,1,0,1,1,0,0,0
0,0,1,1,-0.019745966154397852,0,1,0.866755130070372,0.2874790450913018,1,-0.3420122460543571,-0.031297311737476054,0,0,2.0,0,1,1,0,0,0,0,0,0,1,0,0,0,0,0,1,0,0,0,1
0,1,1,0,1.4049547531963917,1,1,1.3976916288751695,2.1251255265067894,1,-0.4784558437395796,1.0471678523539008,0,0,3.0,0,1,1,0,0,1,0,0,0,1,0,0,0,1,0,1,1,0,0,0
1,0,0,0,0.7536629957788878,1,0,-1.5207999379924515,-0.5667106410050522,1,-0.6174480070944872,-1.109762475828853,0,1,3.0,0,0,0,1,1,0,1,0,1,0,1,0,1,0,1,0,0,1,0,0
0,0,0,0,-0.9966836022806536,0,0,-0.5153389433808665,-0.8297863210271762,1,-0.02765098673308033,-0.5705298937831644,0,1,1.0,0,0,0,0,0,0,0,0,0,0,0,1,0,0,0,0,0,1,0,0
0,1,1,1,-1.2002122764736234,0,1,0.7755004193382974,-0.888803382094603,1,1.8823917397683791,0.5079352703082123,0,1,0.0,0,0,1,0,0,1,0,0,0,0,0,1,0,1,0,0,0,0,1,1
0,0,1,0,1.6084834273893616,2,0,1.1853170293532507,2.2091754748150843,1,-0.500969182350548,1.0471678523539008,0,0,3.0,0,1,1,0,0,1,0,1,0,1,0,0,0,1,0,0,0,0,0,0
1,1,1,0,0.18378270803857208,0,1,0.689223238282518,0.3825425862084617,1,-0.40003262980405746,-0.5705298937831644,0,1,2.0,0,1,1,0,0,0,0,0,0,0,0,0,0,1,0,0,0,1,0,1
1,0,1,1,1.2828375486806096,2,1,-1.3316538102932427,-0.3442229026092253,1,-0.615809203575105,-1.109762475828853,0,1,3.0,0,1,0,1,1,0,1,0,1,0,1,0,1,0,1,0,0,0,1,0
0,1,1,0,-0.2639803751859618,0,0,0.6643355899010431,-0.056860275895041106,1,-0.2974219965052398,-0.031297311737476054,0,1,2.0,0,0,1,0,0,0,0,1,0,0,0,0,0,0,0,1,0,1,0,1
1,0,0,0,-0.6710377235719016,0,1,0.9729424298313315,-0.35808862104588457,1,-0.021290888990486312,0.5079352703082123,0,1,1.0,0,0,1,0,0,1,0,0,0,0,0,0,0,1,0,1,0,1,0,1
0,0,1,0,-1.2409180113122174,0,1,1.309755271260625,-0.9023838879684829,1,3.347792130005055,1.0471678523539008,0,1,0.0,0,1,1,0,0,0,0,0,0,1,0,1,0,1,0,1,0,1,0,1
0,0,0,0,0.18378270803857208,0,1,0.46357522629047915,0.2973298482211436,1,-0.42064005954991496,1.5864004343995892,0,0,2.0,0,1,0,0,0,1,0,1,0,1,0,1,0,1,0,0,1,0,0,0
1,0,0,0,1.3642490183577978,1,1,1.6382722298960932,2.230961326725848,1,-0.463288754693394,2.1256330164452777,0,0,3.0,0,1,1,0,0,1,0,1,0,1,0,1,0,1,0,1,0,0,0,0
0,0,0,0,1.6084834273893616,2,1,0.8767101894229619,1.9297329815750046,1,-0.5156401446232838,2.1256330164452777,0,0,3.0,0,1,0,0,0,1,0,1,0,1,0,1,0,1,0,1,0,0,0,0
0,1,0,0,-1.2816237461508113,0,0,-0.6580281274346557,-0.9891323859092285,1,1.9370923437261334,-1.109762475828853,1,1,0.0,0,0,0,0,0,0,0,0,0,0,0,0,0,0,0,0,0,0,1,1
1,1,1,1,0.5501343215859179,0,1,1.1869762059120157,0.9837048502636883,1,-0.41301221556075685,1.0471678523539008,0,1,2.0,0,1,1,0,0,1,0,1,0,1,0,0,0,1,0,0,0,1,0,1
0,0,1,1,1.4863662228735797,2,0,-1.497571466169742,-0.37840453128693924,1,-0.6271732619566119,-1.109762475828853,0,0,3.0,0,0,0,1,1,0,1,0,1,0,1,0,1,0,1,0,1,0,0,0
0,0,0,0,0.5501343215859179,1,1,1.0193993734767515,1.0376758429127104,1,-0.42538570044257795,1.0471678523539008,0,0,2.0,0,0,1,0,0,1,0,1,0,1,0,0,0,1,0,0,1,0,0,0
1,0,1,0,-0.9966836022806536,0,1,0.6875640617237531,-0.7195626352268967,1,0.43618454390284617,-0.5705298937831644,1,0,1.0,0,1,1,0,0,0,0,0,0,0,0,0,0,0,0,1,0,0,0,0
0,0,0,0,-0.9966836022806536,0,1,-0.16359351292268806,-0.7949026306564667,1,0.10798092015632162,-0.031297311737476054,1,1,1.0,0,0,0,0,0,1,0,0,0,0,0,0,0,1,0,0,0,1,0,0
1,0,0,0,-1.2816237461508113,0,0,-1.4892755833759168,-1.0001240392901878,1,0.49472378673482853,-1.109762475828853,0,0,0.0,0,0,0,1,1,0,1,0,1,0,1,0,1,0,1,0,0,0,0,1
0,1,0,0,1.4049547531963917,2,1,0.9132120737157919,1.6856129672637565,1,-0.5031811941353446,1.0471678523539008,0,0,3.0,0,0,1,0,0,1,0,1,0,0,0,1,0,1,0,0,0,0,0,0
0,0,0,0,1.4863662228735797,2,0,-1.3382905165283026,-0.27261260992369335,1,-0.6192766334153421,-1.109762475828853,0,0,3.0,0,1,0,1,1,0,1,0,1,0,1,0,1,0,1,0,1,0,0,0
0,0,0,0,-0.7524491932490895,0,0,-0.4804962356468015,-0.6730510480659507,1,-0.2724281922797085,-0.5705298937831644,0,1,1.0,0,0,0,0,0,0,0,1,0,0,0,0,0,0,0,0,0,1,0,0
0,0,0,0,1.4456604880349857,0,0,-0.3477621109456021,0.6092207553343549,1,-0.5688712517755522,-0.5705298937831644,0,1,3.0,0,1,0,0,0,1,0,0,0,0,0,0,0,0,0,0,0,0,1,0
1,0,0,0,0.428017117070136,1,0,-0.6895524820511906,-0.16148940757926344,0,-0.5441951003958165,0.5079352703082123,0,1,2.0,1,0,0,0,0,0,0,0,0,1,0,1,0,0,0,1,0,1,0,0
0,0,0,0,-1.2409180113122174,0,0,-1.4942531130522119,-0.9837352866443261,1,0.10414228128209317,-1.109762475828853,0,1,0.0,0,0,0,1,1,0,1,0,1,0,1,0,1,0,1,0,0,1,0,0
0,0,0,0,-1.0780950719578415,0,0,-0.6613464805521857,-0.8778556075694558,0,0.0805620710546905,-0.031297311737476054,1,0,0.0,1,0,0,0,0,0,0,0,0,0,0,0,0,1,0,1,1,0,0,0
0,0,1,1,-0.7931549280876836,2,0,-1.462728758435677,-0.8894176860759739,1,-0.48824195355864697,-1.109762475828853,0,1,1.0,0,0,0,1,1,0,1,0,1,0,1,0,1,0,1,0,0,0,1,0
1,0,0,0,0.8757802002946699,2,0,-1.5025489958460367,-0.5663157313027422,1,-0.6186036253010294,-1.109762475828853,0,0,3.0,0,0,0,1,1,0,1,0,1,0,1,0,1,0,1,0,1,0,0,0
0,0,0,0,-1.2002122764736234,0,0,-0.6696423633460107,-0.9439591038505548,1,0.6285963174735424,-1.109762475828853,1,1,0.0,0,0,0,0,0,0,0,0,0,0,0,0,0,0,0,0,0,0,1,0
0,1,0,0,-0.2639803751859618,0,1,0.4602568731729489,-0.128668023431728,1,-0.3236526954791336,-0.5705298937831644,0,1,2.0,0,0,1,0,0,0,0,0,0,0,0,0,0,0,0,1,0,1,0,0
0,0,0,0,0.22448844287716607,1,0,0.6361295884020379,0.3897825974174769,1,-0.41141644751811524,1.5864004343995892,0,0,2.0,0,1,0,0,0,1,0,1,0,1,0,0,0,1,0,1,0,0,0,0
0,0,1,1,-0.38609757970174374,2,0,-1.477661347464562,-0.7988517276795659,1,-0.5618615633965266,-1.109762475828853,0,0,1.0,0,0,0,1,1,0,1,0,1,0,1,0,1,0,1,0,0,0,0,0
0,0,1,1,-0.7524491932490895,2,1,-1.5008898192872717,-0.8932351465316365,1,-0.5085044830447524,-1.109762475828853,0,1,1.0,0,0,0,1,1,0,1,0,1,0,1,0,1,0,1,0,0,0,1,0
1,0,0,1,0.18378270803857208,2,0,-0.1154773927185032,0.0013230869119535255,1,-0.4735223608830345,0.5079352703082123,0,0,2.0,0,0,0,0,0,1,0,1,0,0,0,1,0,0,0,0,1,0,0,0
0,1,0,0,-0.10115743583158582,0,1,-0.817309077076095,-0.494244710631182,0,-0.5100399385944437,-0.031297311737476054,0,1,2.0,1,0,0,0,0,0,0,0,0,1,0,0,0,1,0,0,0,1,0,1
0,0,0,0,-1.0373893371192475,0,1,0.49012205123071895,-0.7517697153930613,1,0.48752633884565033,-0.5705298937831644,1,1,1.0,0,0,1,0,0,0,0,0,0,0,0,0,0,1,0,0,0,1,0,1
0,0,0,0,-1.2409180113122174,0,1,0.8783693659817272,-0.9239722850280918,1,2.848769076355368,-0.031297311737476054,1,1,0.0,0,1,1,0,0,0,0,0,0,1,0,0,0,1,0,0,0,1,0,1
1,1,0,0,0.020959768684196134,1,1,-1.3283354571757127,-0.6369168103045932,1,-0.5754097005996854,-1.109762475828853,0,0,2.0,0,1,0,1,1,0,1,0,1,0,1,0,1,0,1,0,0,0,0,0
1,1,1,1,0.7129572609402939,2,1,0.33913698438310474,0.668325574113406,1,-0.4900564362197844,1.0471678523539008,0,0,3.0,0,1,0,0,0,1,0,1,0,1,0,0,0,0,0,1,0,0,0,0
0,0,1,1,-0.38609757970174374,2,0,-1.3216987509406526,-0.740624486016759,1,-0.539309560010435,-1.109762475828853,0,1,1.0,0,1,0,1,1,0,1,0,1,0,1,0,1,0,1,0,0,0,1,0
1,0,0,0,1.6084834273893616,2,1,1.2848676228791502,2.3411411336703156,1,-0.49623661387547197,1.0471678523539008,0,1,3.0,0,1,1,0,0,0,0,1,0,1,0,0,0,1,0,1,0,1,0,0
1,0,1,0,1.3642490183577978,2,1,1.3645080976998696,2.054414750365408,1,-0.47746880128102853,1.0471678523539008,0,0,3.0,0,1,1,0,0,1,0,0,0,1,0,0,0,1,0,1,1,0,0,1
1,0,0,0,-1.2816237461508113,0,0,-1.1690545075342733,-0.9958897297043093,0,1.0503667637793832,-0.5705298937831644,1,1,0.0,1,0,0,0,0,1,0,0,0,0,0,0,0,0,0,0,0,0,1,1
1,0,1,1,-0.8338606629262776,0,1,-1.5174815848749215,-0.904051284489347,1,-0.48966562456969326,-1.109762475828853,0,1,1.0,0,0,0,1,1,0,1,0,1,0,1,0,1,0,1,0,0,1,0,0
0,0,0,0,1.1607203441648277,1,0,-0.7044850710800754,0.174293536523698,0,-0.5785782165584887,1.0471678523539008,0,0,3.0,1,0,0,0,0,1,0,1,0,1,0,1,0,0,0,0,1,0,0,0
0,0,1,1,0.5501343215859179,2,0,-1.5108448786398618,-0.588496492915816,1,-0.6122130711829475,-1.109762475828853,0,0,2.0,0,0,0,1,1,0,1,0,1,0,1,0,1,0,1,0,1,0,0,0
0,0,1,1,-0.4675090493789317,1,1,-0.20175457377428285,-0.4755961969109914,1,-0.35169608503252403,-0.031297311737476054,0,0,1.0,0,0,0,0,0,0,0,1,0,0,0,0,0,1,0,0,1,0,0,0
1,0,1,1,-0.019745966154397852,1,1,-0.9517023783360593,-0.5038541800540568,0,-0.5332462554250061,-0.031297311737476054,0,1,2.0,1,0,0,0,0,0,0,0,0,1,0,1,0,0,0,0,0,0,1,0
0,0,1,1,-0.5082147842175256,0,0,-1.4892755833759168,-0.830751655855045,1,-0.5497972697918089,-1.109762475828853,0,1,1.0,0,0,0,1,1,0,1,0,1,0,1,0,1,0,1,0,0,0,1,0
0,0,0,0,-0.4675090493789317,2,0,-0.9898634391876541,-0.6708790447032462,0,-0.4760156394819651,-0.031297311737476054,0,1,1.0,1,0,0,0,0,1,0,0,0,0,0,1,0,0,0,0,0,0,1,0
0,0,0,0,-0.7117434584104956,0,0,-1.5108448786398618,-0.8819802200158038,1,-0.5201163656392933,-1.109762475828853,0,0,1.0,0,0,0,1,1,0,1,0,1,0,1,0,1,0,1,0,0,0,0,1
0,0,0,0,-1.2002122764736234,0,0,-1.4992306427285067,-0.9830990432350492,1,-0.09114847144427439,-1.109762475828853,0,1,0.0,0,0,0,1,1,0,1,0,1,0,1,0,1,0,1,0,0,1,0,1
1,1,0,0,-0.9152721326034655,0,1,0.2628148626799147,-0.7067500093297304,1,0.10292089618574778,-0.5705298937831644,1,1,1.0,0,0,1,0,0,0,0,1,0,0,0,0,0,0,0,0,0,1,0,1
0,0,0,0,1.3642490183577978,1,1,0.7954105380434776,1.6238534777080664,1,-0.5069461102480508,-0.031297311737476054,0,0,3.0,0,1,1,0,0,0,0,1,0,0,0,0,0,1,0,0,0,0,0,0
0,0,0,0,-0.7117434584104956,0,0,-1.4992306427285067,-0.8784699115508268,1,-0.5175972588780808,-1.109762475828853,0,0,1.0,0,0,0,1,1,0,1,0,1,0,1,0,1,0,1,0,0,0,0,1
0,0,1,1,-0.6303319887333076,1,0,-1.466047111553207,-0.8253984354459549,1,-0.526993926955619,-1.109762475828853,0,1,1.0,0,0,0,1,1,0,1,0,1,0,1,0,1,0,1,0,0,0,1,0
1,1,1,1,0.7536629957788878,0,1,0.6394479415195682,0.810317551521728,1,-0.4732775893758723,-0.031297311737476054,0,1,3.0,0,1,1,0,0,0,0,1,0,1,0,0,0,0,0,0,0,1,0,1
1,0,0,0,-1.2409180113122174,0,1,0.5083729933771337,-0.9454948638039823,1,2.420760841878906,-0.5705298937831644,1,1,0.0,0,0,1,0,0,0,0,0,0,0,0,0,0,1,0,0,0,1,0,1
0,0,1,0,-1.2816237461508113,0,1,-1.1640769778579783,-0.9958239114205909,0,1.0590037012463969,-0.5705298937831644,1,1,0.0,1,0,0,0,0,0,0,1,0,0,0,0,0,0,0,0,0,1,0,0
0,0,0,0,-1.2816237461508113,0,0,-1.4942531130522119,-1.000189857573906,1,0.4860868492678146,-1.109762475828853,0,1,0.0,0,0,0,1,1,0,1,0,1,0,1,0,1,0,1,0,0,0,1,1
0,0,1,1,0.631545791263106,1,0,-0.6613464805521857,-0.04521043967689843,0,-0.5539884367259154,0.5079352703082123,0,0,2.0,1,0,0,0,0,1,0,0,0,1,0,0,0,0,0,1,1,0,0,0
1,0,0,1,-0.22327464034736777,0,1,0.48348534499565887,-0.05212135946732201,1,-0.33277707915239857,-0.5705298937831644,0,1,2.0,0,1,1,0,0,0,0,0,0,0,0,1,0,0,0,0,0,1,0,1
1,0,0,0,-0.5082147842175256,0,0,-0.19014033786292786,-0.48623681944545316,1,-0.33510768132603724,-0.031297311737476054,0,0,1.0,0,1,0,0,0,1,0,0,0,0,0,1,0,0,0,0,0,0,0,0
1,0,0,1,-1.2816237461508113,0,1,-1.1143016810950286,-0.9951657285834078,0,1.1453730759165348,-0.5705298937831644,1,1,0.0,1,0,0,0,0,0,0,1,0,0,0,0,0,0,0,0,0,0,1,1
1,0,0,1,-1.1188008067964355,0,0,-1.4842980536996218,-0.972173208137808,1,-0.2720443283922857,-1.109762475828853,0,1,0.0,0,0,0,1,1,0,1,0,1,0,1,0,1,0,1,0,0,0,1,0
0,0,0,0,-0.8745663977648716,0,0,-0.45892694038285664,-0.7758592072339662,1,-0.1693607385066771,-0.5705298937831644,1,1,1.0,0,0,0,0,0,0,0,1,0,0,0,0,0,0,0,0,0,1,0,0
0,0,0,0,-1.2409180113122174,0,1,-1.472683817788267,-0.994178454327633,1,0.12909343396457762,-1.109762475828853,0,1,0.0,0,0,0,1,1,0,1,0,1,0,1,0,1,0,1,0,0,0,1,0
1,0,1,1,-0.6303319887333076,2,1,-1.3200395743818876,-0.827877590799345,1,-0.4988439085446111,-1.109762475828853,0,1,1.0,0,1,0,1,1,0,1,0,1,0,1,0,1,0,1,0,0,0,1,0
0,0,0,1,-1.0373893371192475,0,0,-1.1657361544167435,-0.9203084005677721,0,-0.23077896049433086,-0.5705298937831644,1,1,1.0,1,0,0,0,0,1,0,0,0,0,0,0,0,0,0,0,0,0,1,0
0,0,1,0,-0.06045170099299184,0,1,-0.5219756496159262,-0.35137515610661596,1,-0.4826896366155667,-0.5705298937831644,0,1,2.0,0,0,0,0,0,0,0,0,0,0,0,1,0,0,0,0,0,0,1,0
0,1,0,0,1.3642490183577978,0,1,0.5150096996121938,1.2834632537448227,1,-0.5214699155408402,-0.5705298937831644,0,0,3.0,0,1,1,0,0,0,0,1,0,0,0,0,0,0,0,0,1,0,0,1
0,0,0,0,-1.2816237461508113,0,1,0.9845566657426863,-0.9674123522821829,1,4.7872817078406875,-0.031297311737476054,1,1,0.0,0,1,1,0,0,0,0,0,0,0,0,0,0,1,0,1,0,1,0,1
1,0,0,0,-1.1188008067964355,0,1,0.6759498258123978,-0.8228095829530343,1,0.9774326251690444,-0.031297311737476054,1,1,0.0,0,1,1,0,0,0,0,1,0,1,0,0,0,0,0,0,0,1,0,1
1,0,1,1,0.387311382231542,1,0,1.067515493680936,0.7535821909565363,1,-0.399701388628252,0.5079352703082123,0,1,2.0,0,1,1,0,0,1,0,0,0,0,0,0,0,1,0,1,0,1,0,0
0,0,1,0,1.4456604880349857,2,1,0.4868036981131887,1.411348179009518,1,-0.526896570172577,1.5864004343995892,0,0,3.0,0,0,0,0,0,1,0,1,0,0,0,1,0,1,0,1,0,0,0,0
0,0,1,1,-0.8338606629262776,0,1,-1.4876164068171518,-0.9069472889729531,1,-0.4816930669078344,-1.109762475828853,0,0,1.0,0,0,0,1,1,0,1,0,1,0,1,0,1,0,1,0,1,0,0,0
1,1,1,0,-1.2816237461508113,0,1,0.31424933600162985,-0.9762758811562499,1,3.624174128949496,-1.109762475828853,1,1,0.0,0,1,1,0,0,0,0,0,0,0,0,0,0,0,0,0,0,1,0,1
1,0,0,0,1.1200146093262338,2,0,-0.11713656927726834,0.5875007217073094,1,-0.5438325463888803,0.5079352703082123,0,1,3.0,0,0,0,0,0,1,0,1,0,1,0,0,0,0,0,0,0,1,0,0
1,1,1,1,0.22448844287716607,0,0,1.2019087949409006,0.6329592163287622,1,-0.36107122228304334,0.5079352703082123,0,1,2.0,0,1,1,0,0,0,0,1,0,0,0,0,0,1,0,1,0,1,0,0
0,0,0,0,-0.8338606629262776,0,1,1.0310136093881064,-0.5428844222990205,1,0.19065929590893238,0.5079352703082123,0,1,1.0,0,0,1,0,0,0,0,0,0,1,0,0,0,1,0,1,0,1,0,1
0,0,1,1,-0.7117434584104956,0,0,0.38393475146975936,-0.5018576921146011,1,-0.10914209116721982,1.5864004343995892,0,0,1.0,0,0,0,0,0,0,0,1,0,1,0,1,0,1,0,1,0,0,0,0
0,1,1,0,1.5677776925507676,2,1,1.1372009091490658,2.1563892112729914,1,-0.5010831145545777,1.0471678523539008,0,1,3.0,0,0,1,0,0,0,0,1,0,1,0,0,0,1,0,1,0,1,0,0
1,1,1,0,1.6084834273893616,2,1,-0.06072456627925851,1.047043978628618,0,-0.5602051644302499,2.1256330164452777,0,0,3.0,1,0,0,0,0,1,0,1,0,1,0,1,0,1,0,1,0,0,0,0
1,0,0,0,-0.8745663977648716,0,0,0.26447403923868007,-0.6497952544854778,1,0.03984508013876828,-0.5705298937831644,1,1,1.0,0,0,1,0,0,0,0,0,0,1,0,0,0,0,0,0,0,1,0,0
0,0,1,1,1.5270719577121736,1,0,0.008960849188871207,0.9845604879520263,1,-0.5539950569711714,-0.031297311737476054,0,0,3.0,0,1,0,0,0,1,0,0,0,0,0,0,0,0,0,1,0,0,0,0
0,0,0,0,-1.2816237461508113,0,1,-0.3295111687991873,-0.9847883791838193,1,2.507130216549044,-0.5705298937831644,1,0,0.0,0,0,0,0,0,0,0,0,0,0,0,0,0,1,0,0,1,0,0,1
1,0,1,1,-0.30468611002455576,2,0,-1.3084253384705327,-0.7322216851287203,1,-0.5468022878130153,-1.109762475828853,0,0,2.0,0,1,0,1,1,0,1,0,1,0,1,0,1,0,1,0,1,0,0,0
0,1,0,0,1.6084834273893616,2,1,1.4989013989598339,2.390241573324182,1,-0.4860615916540584,1.5864004343995892,0,0,3.0,0,1,1,0,0,1,0,1,0,0,0,1,0,1,0,1,0,0,0,0
1,0,0,0,-0.9966836022806536,0,1,-0.18848116130416295,-0.8173466654044138,1,0.09838432297075066,-0.5705298937831644,1,1,1.0,0,1,0,0,0,0,0,0,0,0,0,0,0,1,0,0,0,1,0,0
1,0,1,1,-0.1418631706701798,1,1,-0.3178969328878323,-0.2906468196625129,0,-0.4472781930008102,1.5864004343995892,0,0,2.0,1,0,0,0,0,1,0,1,0,1,0,1,0,0,0,1,1,0,0,0
1,0,0,0,-1.1188008067964355,0,1,-0.3046235204177124,-0.8917871442898334,1,0.4102737315018046,-0.031297311737476054,0,1,0.0,0,0,0,0,0,1,0,0,0,0,0,1,0,0,0,0,0,0,1,0
1,0,1,1,-0.019745966154397852,0,0,-0.47551870597050655,-0.28340680845349775,0,-0.4831694664748453,0.5079352703082123,0,0,2.0,1,0,0,0,0,0,0,0,0,1,0,0,0,1,0,1,1,0,0,0
1,0,0,0,-1.2816237461508113,0,1,0.3507512202944595,-0.9757932137423155,1,3.687511670374264,1.0471678523539008,0,1,0.0,0,0,0,0,0,0,0,0,0,1,0,1,0,1,0,1,0,1,0,0
1,0,1,0,1.5270719577121736,2,1,0.7655453599857075,1.6178640138896991,1,-0.5170143669715629,0.5079352703082123,0,0,3.0,0,1,1,0,0,1,0,1,0,0,0,1,0,0,0,0,1,0,0,0
1,0,0,0,-1.2816237461508113,0,1,-1.4876164068171518,-1.0001020998622818,1,0.49760276589049984,-1.109762475828853,0,1,0.0,0,0,0,1,1,0,1,0,1,0,1,0,1,0,1,0,0,0,1,1
0,1,1,0,-0.22327464034736777,0,1,0.34079616094186965,-0.16234504526760163,1,-0.35046223682295063,-0.5705298937831644,0,0,2.0,0,0,1,0,0,1,0,0,0,0,0,0,0,0,0,0,0,0,0,1
1,0,0,0,-0.7524491932490895,1,1,-1.3316538102932427,-0.8677634707326467,1,-0.4693503665276232,-1.109762475828853,0,0,1.0,0,1,0,1,1,0,1,0,1,0,1,0,1,0,1,0,1,0,0,0
1,0,1,0,-0.10115743583158582,0,1,0.9663057235962715,0.248843712548648,1,-0.31036880360433977,-0.031297311737476054,0,0,2.0,0,1,1,0,0,0,0,0,0,0,0,0,0,1,0,1,1,0,0,1
1,0,1,1,1.2828375486806096,2,1,-0.16193433636392318,0.6784177109502151,0,-0.5533575018905438,1.5864004343995892,0,0,3.0,1,0,0,0,0,1,0,0,0,1,0,1,0,1,0,1,0,0,0,0
1,0,1,0,0.387311382231542,0,1,-1.3216987509406526,-0.5275048833368396,0,-0.5925260390546065,-1.109762475828853,0,0,2.0,1,0,0,0,0,0,0,0,0,0,0,0,0,0,0,0,1,0,0,0
0,1,0,0,-1.2816237461508113,0,1,0.16326426915401518,-0.9782723690957057,1,3.36218702578341,-1.109762475828853,1,1,0.0,0,0,1,0,0,0,0,0,0,0,0,0,0,0,0,0,0,1,0,1
1,0,1,1,0.30589991255435406,0,1,-1.477661347464562,-0.6818926375121117,1,-0.6024481475911119,-1.109762475828853,0,0,2.0,0,0,0,1,1,0,1,0,1,0,1,0,1,0,1,0,0,0,0,0
0,1,1,0,1.3642490183577978,0,1,1.1902945590295455,1.9269027953751166,1,-0.48649246729134155,0.5079352703082123,0,1,3.0,0,1,1,0,0,0,0,1,0,0,0,0,0,1,0,1,0,1,0,0
0,0,0,0,-1.2816237461508113,0,1,-0.4688819997354467,-0.9866312911279321,1,2.2652959674726576,-0.5705298937831644,0,1,0.0,0,0,0,0,0,0,0,0,0,0,0,1,0,0,0,0,0,1,0,1
1,0,0,0,-0.22327464034736777,1,0,0.5564891135813186,-0.038080125607413785,1,-0.32372885894886033,1.5864004343995892,0,1,2.0,0,0,0,0,0,1,0,0,0,1,0,1,0,1,0,1,0,1,0,0
0,1,1,0,-0.1418631706701798,0,1,-0.6613464805521857,-0.46980418794377926,0,-0.48700810534907363,0.5079352703082123,0,1,2.0,1,0,0,0,0,1,0,0,0,1,0,0,0,0,0,1,0,1,0,0
0,0,1,1,1.3235432835192036,2,1,1.1322233794727707,1.8066527910217465,1,-0.4869208635564775,1.0471678523539008,0,0,3.0,0,1,1,0,0,1,0,1,0,0,0,1,0,1,0,0,1,0,0,0
0,1,1,0,-0.3453918448631497,0,1,0.9497139580086216,-0.015482514864124003,1,-0.2288212546684744,-0.031297311737476054,0,1,1.0,0,1,1,0,0,0,0,0,0,0,0,0,0,1,0,1,0,1,0,1
1,0,1,0,1.6084834273893616,2,1,1.135541732590301,2.247810807357738,1,-0.503335466588086,1.0471678523539008,0,1,3.0,0,1,1,0,0,1,0,1,0,1,0,0,0,0,0,1,0,1,0,0
1,0,1,0,1.5270719577121736,2,1,-0.8554701379276899,0.1726261400028338,0,-0.5962471172558116,0.5079352703082123,0,0,3.0,1,0,0,0,0,1,0,0,0,1,0,1,0,0,0,0,1,0,0,0
0,0,1,0,-0.5489205190561197,0,1,1.057560434328346,-0.24409135364575477,1,-0.10237649015139236,0.5079352703082123,0,1,1.0,0,0,1,0,0,0,0,0,0,1,0,0,0,1,0,1,0,1,0,0
1,0,0,0,-1.0373893371192475,0,1,0.8468450113651922,-0.7485226800629574,1,0.642271468462981,-0.031297311737476054,1,1,1.0,0,1,1,0,0,0,0,0,0,1,0,0,0,1,0,0,0,1,0,1
0,0,0,1,-0.9152721326034655,0,1,0.8684143066291369,-0.5857760038554588,1,0.2939804219712046,0.5079352703082123,0,1,1.0,0,0,1,0,0,0,0,0,0,1,0,1,0,1,0,0,0,1,0,0
0,0,1,0,1.6084834273893616,2,1,-1.3532231055571875,-0.22943581580447553,1,-0.6216496784649874,-1.109762475828853,0,0,3.0,0,1,0,1,1,0,1,0,1,0,1,0,1,0,1,0,1,0,0,0
1,1,1,0,-1.2409180113122174,0,1,0.3076126297665698,-0.9474474728876259,1,2.1885231899880906,-0.5705298937831644,1,1,0.0,0,0,1,0,0,0,0,0,0,1,0,0,0,0,0,0,0,1,0,0
0,0,1,0,1.6084834273893616,2,1,0.8634367769528422,1.829425917188285,1,-0.5162711537532939,2.1256330164452777,0,0,3.0,0,1,0,0,0,1,0,1,0,1,0,1,0,1,0,1,0,0,0,0
0,1,1,0,0.26519417771576004,0,1,1.2052271480584305,0.7239200844274802,1,-0.36825021517763384,0.5079352703082123,0,1,2.0,0,1,1,0,0,0,0,0,0,0,0,1,0,1,0,1,0,1,0,0
0,1,0,0,0.22448844287716607,2,0,-1.4842980536996218,-0.6860172499584597,1,-0.600100312182109,-1.109762475828853,0,1,2.0,0,0,0,1,1,0,1,0,1,0,1,0,1,0,1,0,0,0,1,0
0,1,0,0,-0.5082147842175256,0,1,0.5481932307874936,-0.2754427961235811,1,-0.2130938028237788,-0.5705298937831644,0,1,1.0,0,0,1,0,0,0,0,0,0,0,0,0,0,0,0,1,0,1,0,0
1,0,1,1,1.4863662228735797,2,1,1.0044667844478665,1.9185438733428901,1,-0.5031303886208327,0.5079352703082123,0,0,3.0,0,0,1,0,0,0,0,0,0,0,0,1,0,1,0,1,1,0,0,0
0,0,1,1,-0.10115743583158582,1,0,0.7141108866639929,0.1047455500613401,1,-0.33860137338898705,-0.031297311737476054,0,1,2.0,0,0,1,0,0,0,0,0,0,1,0,0,0,0,0,1,0,1,0,0
1,0,1,0,0.9978974048104517,2,1,-0.2465523408609377,0.4241397415184397,0,-0.5455804398954891,1.5864004343995892,0,0,3.0,1,0,0,0,0,0,0,1,0,1,0,1,0,1,0,1,0,0,0,0
1,0,0,0,-0.6303319887333076,0,1,-1.3034478087942378,-0.8157670265951741,0,-0.49564504281608746,-1.109762475828853,0,1,1.0,1,0,0,0,0,0,0,0,0,0,0,0,0,0,0,0,0,0,1,0
0,0,1,1,0.8350744654560759,2,0,-1.461069581876912,-0.5060481228446674,1,-0.6151759922052538,-1.109762475828853,0,1,3.0,0,0,0,1,1,0,1,0,1,0,1,0,1,0,1,0,0,0,1,0
0,1,0,0,-1.1188008067964355,0,1,0.6560397071072182,-0.8366972408175998,1,0.9659167085463591,-0.031297311737476054,1,1,0.0,0,0,1,0,0,0,0,1,0,0,0,0,0,1,0,0,0,1,0,0
0,0,1,1,0.428017117070136,1,1,-1.3432680462045974,-0.5731388933815413,1,-0.595754999820111,-1.109762475828853,0,0,2.0,0,1,0,1,1,0,1,0,1,0,1,0,1,0,1,0,0,0,0,0
1,0,1,1,1.3235432835192036,2,1,0.6394479415195682,1.3274079278407542,1,-0.5128316759575189,1.5864004343995892,0,0,3.0,0,1,0,0,0,0,0,1,0,1,0,1,0,1,0,1,0,0,0,0
0,0,1,1,0.18378270803857208,0,0,-1.5125040551986266,-0.708900073264529,1,-0.6011065950448875,-1.109762475828853,0,1,2.0,0,0,0,1,1,0,1,0,1,0,1,0,1,0,1,0,0,1,0,0
1,0,0,0,-0.8745663977648716,0,1,-1.4760021709057967,-0.9047972250381546,1,-0.463496442244425,-1.109762475828853,0,0,1.0,0,0,0,1,1,0,1,0,1,0,1,0,1,0,1,0,1,0,0,0
1,0,1,1,0.5094285867473239,1,0,0.458597696614184,0.5710022719219173,1,-0.4625993690292521,1.0471678523539008,0,0,2.0,0,1,0,0,0,0,0,1,0,1,0,0,0,1,0,1,1,0,0,0
1,0,0,0,0.18378270803857208,0,1,1.034331962505636,0.5912523638792537,1,-0.3685153843103931,0.5079352703082123,0,0,2.0,0,0,1,0,0,0,0,1,0,0,0,0,0,1,0,1,1,0,0,0
1,0,0,0,-0.5896262538947137,0,0,-0.2880317548300625,-0.5833626667857871,1,-0.3188151125703838,-0.5705298937831644,0,1,1.0,0,1,0,0,0,1,0,0,0,0,0,0,0,0,0,0,0,0,1,0
1,0,0,0,0.5094285867473239,1,0,-0.7509420147254954,-0.20122171151722246,0,-0.5538504909633544,0.5079352703082123,0,0,2.0,1,0,0,0,0,1,0,0,0,1,0,1,0,0,0,0,0,0,0,0
1,0,0,0,-1.2002122764736234,0,1,-0.9782492032762992,-0.9620371924451868,0,0.3608512559961146,-0.031297311737476054,1,1,0.0,1,0,0,0,0,1,0,1,0,0,0,0,0,0,0,0,0,0,1,1
1,0,1,1,-1.0373893371192475,0,1,-1.4826388771408567,-0.9322653887766001,1,-0.36825021517763384,-1.109762475828853,0,0,1.0,0,0,0,1,1,0,1,0,1,0,1,0,1,0,1,0,0,0,0,0
1,1,1,0,-0.10115743583158582,0,1,0.48846287467195404,0.028879008362023482,1,-0.3638620937226188,-0.031297311737476054,0,1,2.0,0,0,1,0,0,0,0,1,0,1,0,0,0,0,0,0,0,0,1,1
0,0,0,0,-1.1188008067964355,0,0,-0.3560579937394271,-0.8736651768393894,1,0.3805242802265349,-0.031297311737476054,0,1,0.0,0,0,0,0,0,1,0,0,0,0,0,1,0,0,0,0,0,1,0,1
0,1,1,0,-0.1825689055087738,0,1,1.2068863246171952,0.22503943327052237,1,-0.2574839740417644,0.5079352703082123,0,0,2.0,0,1,1,0,0,0,0,0,0,0,0,1,0,1,0,1,1,0,0,1
0,1,0,0,-1.1595065416350294,0,1,0.31590851256039476,-0.8797204589414748,1,1.054973130428457,-1.109762475828853,1,1,0.0,0,1,1,0,0,0,0,0,0,0,0,0,0,0,0,0,0,1,0,0
1,0,1,0,-0.22327464034736777,0,1,-0.3693314062095472,-0.3990714723744917,1,-0.4384767424391866,-0.031297311737476054,0,1,2.0,0,0,0,0,0,0,0,1,0,0,0,1,0,0,0,0,0,1,0,0
0,1,0,0,0.7129572609402939,1,1,1.3893957460813444,1.337697519528718,1,-0.41859001247312116,1.0471678523539008,0,1,3.0,0,1,1,0,0,0,0,1,0,0,0,1,0,1,0,1,0,1,0,0
1,0,0,0,0.7536629957788878,0,0,0.5000771105833088,0.8525728896688893,1,-0.48257890664804093,-0.5705298937831644,0,0,3.0,0,1,1,0,0,0,0,0,0,1,0,0,0,0,0,0,1,0,0,1
0,0,1,1,-0.10115743583158582,2,0,-1.5141632317573919,-0.7443761281887032,1,-0.5880509866836008,-1.109762475828853,0,1,2.0,0,0,0,1,1,0,1,0,1,0,1,0,1,0,1,0,0,0,1,0
0,0,1,1,-0.7524491932490895,0,0,0.5150096996121938,-0.5099972198677666,1,-0.04210985982600715,1.0471678523539008,0,0,1.0,0,1,0,0,0,0,0,1,0,0,0,1,0,1,0,1,1,0,0,0
1,1,1,0,1.5270719577121736,0,1,1.2616391510564402,2.107135195623782,1,-0.49276606366041614,1.0471678523539008,0,1,3.0,0,1,1,0,0,0,0,1,0,1,0,0,0,1,0,1,0,1,0,1
1,0,1,0,1.5677776925507676,1,1,1.6001111690444987,2.4808733500043076,1,-0.4787710260981253,1.5864004343995892,0,0,3.0,0,1,1,0,0,0,0,1,0,1,0,1,0,1,0,1,0,0,0,0
0,0,0,0,-0.1418631706701798,0,1,-1.1391893294765034,-0.633165168132649,0,-0.5422845051379619,-0.5705298937831644,0,1,2.0,1,0,0,0,0,0,0,1,0,0,0,0,0,0,0,0,0,1,0,1
1,0,1,0,1.0386031396490458,1,0,1.1753619700006603,1.4838799276671064,1,-0.4638786795899519,0.5079352703082123,0,0,3.0,0,1,1,0,0,0,0,0,0,1,0,0,0,1,0,1,1,0,0,0
1,0,0,0,-1.2816237461508113,0,1,-1.5290958207862766,-1.0006505855599344,1,0.42562828699871813,-1.109762475828853,0,1,0.0,0,0,0,1,1,0,1,0,1,0,1,0,1,0,1,0,0,0,1,1
0,0,0,0,0.14307697319997809,2,0,-1.1242567404476187,-0.5146922574396734,0,-0.5631065273557359,-0.5705298937831644,0,0,2.0,1,0,0,0,0,1,0,0,0,0,0,0,0,0,0,0,0,0,0,0
0,0,1,0,1.6084834273893616,2,0,-1.3034478087942378,-0.18092774070407386,1,-0.6192833942274494,-1.109762475828853,0,0,3.0,0,1,0,1,1,0,1,0,1,0,1,0,1,0,1,0,0,0,0,0
1,1,1,0,-0.6303319887333076,0,0,0.5498524073462585,-0.425683998424599,1,-0.13833174093999795,-0.5705298937831644,0,0,1.0,0,0,1,0,0,0,0,0,0,0,0,0,0,0,0,1,0,0,0,1
0,1,1,0,-0.8338606629262776,0,1,1.1006990248562358,-0.5437181205594525,1,0.20926193045326974,0.5079352703082123,0,1,1.0,0,1,1,0,0,0,0,1,0,1,0,0,0,1,0,0,0,1,0,1
1,0,0,0,1.3642490183577978,1,0,-1.1773503903280982,-0.13873822084063087,0,-0.6091283853553086,-0.5705298937831644,0,0,3.0,1,0,0,0,0,0,0,0,0,0,0,1,0,0,0,0,1,0,0,0
1,0,0,0,-1.1188008067964355,0,1,-0.3029643438589475,-0.8885401089597297,1,0.4112333912203616,-0.031297311737476054,1,1,0.0,0,0,0,0,0,1,0,0,0,1,0,0,0,0,0,0,0,0,1,0
1,0,0,0,-1.2816237461508113,0,1,-0.6696423633460107,-0.9892859619045712,1,1.9169394896364345,-1.109762475828853,1,1,0.0,0,0,0,0,0,0,0,0,0,0,0,0,0,0,0,0,0,1,0,0
1,0,1,0,-0.7524491932490895,1,0,-0.6746198930223056,-0.7275485869847196,1,-0.31734026710818025,-1.109762475828853,0,1,1.0,0,0,0,0,0,0,0,0,0,0,0,0,0,0,0,0,0,1,0,0
0,0,1,1,-1.2409180113122174,0,1,0.2860433345026247,-0.9451218935295785,1,2.163572037305606,-0.5705298937831644,1,0,0.0,0,0,1,0,0,0,0,1,0,0,0,0,0,0,0,0,0,0,0,1
1,0,0,0,-1.2816237461508113,0,1,0.3441145140593994,-0.9758809714539399,1,3.6759957537515784,-1.109762475828853,1,1,0.0,0,1,1,0,0,0,0,0,0,0,0,0,0,0,0,0,0,1,0,1
0,0,0,0,-1.2816237461508113,0,0,-1.1408485060352684,-0.9955167594299054,0,1.0993094094257947,-0.5705298937831644,0,1,0.0,1,0,0,0,0,0,0,0,0,0,0,1,0,0,0,0,0,0,1,0
0,0,0,0,-1.0373893371192475,0,0,-1.4793205240233267,-0.9428401930273436,1,-0.3668107255997982,-1.109762475828853,0,1,1.0,0,0,0,1,1,0,1,0,1,0,1,0,1,0,1,0,0,0,1,0
1,0,0,0,-0.2639803751859618,0,1,-1.480979700582092,-0.7845910995405967,1,-0.5731642223039768,-1.109762475828853,0,1,2.0,0,0,0,1,1,0,1,0,1,0,1,0,1,0,1,0,0,1,0,0
0,0,0,0,-1.2409180113122174,0,1,0.7074741804289328,-0.9292158082976513,1,2.6510791743326076,0.5079352703082123,0,1,0.0,0,0,1,0,0,1,0,1,0,0,0,1,0,0,0,0,0,1,0,1
1,0,1,0,-0.6303319887333076,0,0,-1.013091911010364,-0.748829832053643,0,-0.4396648925669239,-0.031297311737476054,0,1,1.0,1,0,0,0,0,1,0,0,0,1,0,0,0,0,0,0,0,0,1,0
1,0,0,0,-0.3453918448631497,0,1,-0.5053838840282764,-0.49650447170551104,1,-0.43081043223037047,-0.5705298937831644,0,1,1.0,0,0,0,0,0,0,0,0,0,1,0,0,0,0,0,0,0,0,1,0
0,0,0,0,-0.8338606629262776,0,0,-0.7011667179625456,-0.7715590793643693,1,-0.27174904847888354,-1.109762475828853,0,0,1.0,0,0,0,0,0,0,0,0,0,0,0,0,0,0,0,0,0,0,0,0
1,0,0,0,-0.22327464034736777,2,0,-1.4959122896109767,-0.8026911275631347,1,-0.578107231489243,-1.109762475828853,0,0,2.0,0,0,0,1,1,0,1,0,1,0,1,0,1,0,1,0,1,0,0,0
0,0,1,1,1.5270719577121736,2,1,-1.5174815848749215,-0.394003464528181,1,-0.628605221005469,-1.109762475828853,0,1,3.0,0,0,0,1,1,0,1,0,1,0,1,0,1,0,1,0,0,0,1,0
0,1,1,0,0.428017117070136,1,1,1.4806504568134191,1.1105366829888905,1,-0.3730267033222703,1.5864004343995892,0,1,2.0,0,1,1,0,0,1,0,0,0,1,0,1,0,1,0,1,0,0,1,1
0,0,0,0,0.22448844287716607,1,1,0.8020472442785371,0.4575096113636279,1,-0.3966524518480062,-0.031297311737476054,0,1,2.0,0,0,1,0,0,0,0,0,0,0,0,0,0,1,0,1,0,0,1,0
0,0,0,0,-1.2409180113122174,0,0,0.5249647589647837,-0.9389569142879627,1,2.439954036250048,-0.5705298937831644,1,1,0.0,0,0,1,0,0,0,0,0,0,0,0,0,0,0,0,1,0,1,0,1
1,0,1,0,1.2421318138420157,0,1,1.2433882089100254,1.818653658086387,1,-0.4754921887263885,1.0471678523539008,0,1,3.0,0,1,1,0,0,0,0,1,0,1,0,0,0,1,0,1,0,1,0,0
0,1,1,0,1.6084834273893616,2,1,1.050923728093286,1.986907130698318,1,-0.5073581497919006,1.0471678523539008,0,0,3.0,0,1,1,0,0,1,0,1,0,1,0,1,0,0,0,0,0,0,0,0
0,0,0,0,-0.8338606629262776,2,0,-0.5004063543519814,-0.7666665869413076,0,-0.21815574419638759,1.0471678523539008,0,1,1.0,1,0,0,0,0,1,0,0,0,1,0,1,0,0,0,1,0,0,1,0
0,0,1,0,0.1023712383613841,0,0,-0.26812163612488255,-0.1922923643594371,1,-0.4778913380227813,-0.031297311737476054,0,1,2.0,0,0,0,0,0,0,0,1,0,0,0,1,0,0,0,0,0,1,0,0
0,0,1,0,-0.6710377235719016,0,0,0.8551408941590172,-0.40563136131841754,1,-0.04533883252609328,0.5079352703082123,0,1,1.0,0,1,1,0,0,1,0,1,0,1,0,0,0,0,0,0,0,1,0,0
0,0,1,1,-0.019745966154397852,0,1,1.1255866732377107,0.3467593792936018,1,-0.3147928067643742,0.5079352703082123,0,1,2.0,0,1,1,0,0,0,0,1,0,0,0,0,0,1,0,1,0,1,0,0
1,0,1,1,1.6084834273893616,2,1,0.858459247276547,1.8483815828991614,1,-0.5165077821770477,-0.031297311737476054,0,0,3.0,0,1,1,0,0,0,0,0,0,1,0,0,0,0,0,1,1,0,0,0
1,0,0,0,0.020959768684196134,1,1,-0.8571293144864547,-0.434547527298666,0,-0.5273138135284713,-0.031297311737476054,0,1,2.0,1,0,0,0,0,0,0,1,0,0,0,0,0,1,0,0,0,1,0,0
1,0,1,1,0.7129572609402939,1,1,1.2765717400853254,1.2887506558701942,1,-0.4262672902215779,1.5864004343995892,0,0,3.0,0,0,1,0,0,0,0,1,0,1,0,1,0,1,0,1,0,0,0,0
1,0,0,0,-0.10115743583158582,0,1,-0.014267622633838777,-0.18029149729479677,1,-0.42014149270122486,-0.031297311737476054,0,1,2.0,0,1,0,0,0,1,0,0,0,0,0,0,0,0,0,1,0,0,1,0
0,0,1,0,-1.2002122764736234,0,0,-1.462728758435677,-0.977328973695743,1,-0.05947970073189041,-1.109762475828853,0,1,0.0,0,0,0,1,1,0,1,0,1,0,1,0,1,0,1,0,0,0,1,0
1,0,0,0,1.6084834273893616,2,1,-1.464387934994442,-0.34143659526514963,1,-0.6269343799288224,-1.109762475828853,0,1,3.0,0,0,0,1,1,0,1,0,1,0,1,0,1,0,1,0,0,0,1,0
0,0,0,0,-1.2816237461508113,0,1,0.17156015194784016,-0.9781626719561751,1,3.3765819215617667,-1.109762475828853,1,1,0.0,0,0,1,0,0,0,0,0,0,0,0,0,0,0,0,0,0,1,0,1
1,1,0,0,1.5677776925507676,2,1,-1.3366313399695375,-0.23369206481826021,1,-0.620320834585296,-1.109762475828853,0,1,3.0,0,1,0,1,1,0,1,0,1,0,1,0,1,0,1,0,0,0,1,0
1,0,1,0,-1.2816237461508113,0,0,-0.6713015399047756,-0.9893079013324774,1,1.9140605104807633,-1.109762475828853,1,0,0.0,0,0,0,0,0,0,0,0,0,0,0,0,0,0,0,0,1,0,0,1
1,0,0,0,-1.2816237461508113,0,1,-0.6679831867872458,-0.989264022476665,1,1.9198184687921054,-1.109762475828853,1,1,0.0,0,0,0,0,0,0,0,0,0,0,0,0,0,0,0,0,0,1,0,0
0,1,1,0,-0.7524491932490895,0,1,1.1703844403243657,-0.4078691829648404,1,0.109516375706013,0.5079352703082123,0,1,1.0,0,1,1,0,0,0,0,1,0,0,0,0,0,1,0,1,0,1,0,1
0,0,0,1,-0.7117434584104956,0,1,0.695859944517578,-0.4518577359165842,1,-0.041486081008945,-0.031297311737476054,0,0,1.0,0,0,1,0,0,0,0,1,0,0,0,0,0,0,0,1,0,0,0,1
1,1,0,0,-1.1595065416350294,0,1,-0.46390447005915153,-0.9179389423539126,0,0.513725049162259,0.5079352703082123,1,0,0.0,1,0,0,0,0,0,0,1,0,0,0,0,0,1,0,1,1,0,0,0
0,0,0,0,-1.2409180113122174,0,1,0.48846287467195404,-0.9419187370552871,1,2.397729008633536,-0.5705298937831644,1,1,0.0,0,0,1,0,0,0,0,0,0,0,0,0,0,1,0,0,0,0,1,1
0,1,0,0,-1.1188008067964355,0,1,0.6046052337855035,-0.8132001135301596,1,0.9361672572710895,-0.5705298937831644,1,0,0.0,0,1,1,0,0,0,0,0,0,0,0,0,0,1,0,0,1,0,0,1
1,0,0,0,0.9571916699718578,1,1,0.35904710308828447,0.8711336456774552,1,-0.5067063837826139,1.0471678523539008,0,0,3.0,0,0,0,0,0,0,0,1,0,0,0,1,0,1,0,1,0,0,0,0
1,0,1,1,1.5270719577121736,2,0,-1.3134028681468275,-0.25633355441736216,1,-0.6186301664661009,-1.109762475828853,0,1,3.0,0,1,0,1,1,0,1,0,1,0,1,0,1,0,1,0,0,0,1,0
1,0,0,0,-1.0373893371192475,0,0,0.2877025110613896,-0.7807516996570281,1,0.3997174745976766,-1.109762475828853,1,1,1.0,0,1,1,0,0,0,0,0,0,0,0,0,0,0,0,0,0,1,0,1
1,0,0,0,0.9164859351332638,0,1,1.057560434328346,1.3096150518089016,1,-0.46068601021150773,-0.031297311737476054,0,1,3.0,0,1,1,0,0,0,0,0,0,0,0,0,0,1,0,1,0,1,0,1
1,0,1,1,0.1023712383613841,2,0,-1.3100845150292975,-0.6538321092202014,1,-0.5783357218984232,-1.109762475828853,0,0,2.0,0,1,0,1,1,0,1,0,1,0,1,0,1,0,1,0,0,0,0,0
1,0,0,0,-0.6710377235719016,0,0,-1.4909347599346818,-0.8879477444062648,1,-0.5242654826577606,-1.109762475828853,0,1,1.0,0,0,0,1,1,0,1,0,1,0,1,0,1,0,1,0,0,0,1,0
1,0,0,1,-1.2409180113122174,0,0,-1.5158224083161567,-0.9877063230953315,1,0.07919112859960895,-1.109762475828853,0,1,0.0,0,0,0,1,1,0,1,0,1,0,1,0,1,0,1,0,0,0,1,0
1,0,0,0,-0.9559778674420595,1,1,-1.4859572302583868,-0.9370920629159436,1,-0.4277011347422456,-1.109762475828853,0,1,1.0,0,0,0,1,1,0,1,0,1,0,1,0,1,0,1,0,0,0,1,0
1,0,0,0,-0.3453918448631497,0,1,0.9679649001550363,0.010318252353457227,1,-0.2262877530114837,-0.031297311737476054,0,1,1.0,0,1,1,0,0,0,0,0,0,0,0,0,0,1,0,1,0,1,0,0
0,0,1,1,-1.2816237461508113,0,1,0.13837662077254032,-0.9786014605142973,1,3.319002338448341,-1.109762475828853,1,1,0.0,0,0,1,0,0,0,0,0,0,0,0,0,0,0,0,0,0,0,1,1
1,0,0,0,1.2014260790034217,2,0,-1.4959122896109767,-0.45883447399072597,1,-0.6234625777115245,-1.109762475828853,0,0,3.0,0,0,0,1,1,0,1,0,1,0,1,0,1,0,1,0,0,0,0,0
1,0,0,0,-1.1188008067964355,0,1,0.16990097538907525,-0.85692539334703,1,0.684736411009132,0.5079352703082123,1,1,0.0,0,0,0,0,0,0,0,0,0,1,0,0,0,1,0,1,0,1,0,1
1,1,0,0,-0.9152721326034655,0,1,0.4751894622018339,-0.6607210895827189,1,0.16992259289955183,-0.5705298937831644,1,1,1.0,0,0,1,0,0,0,0,0,0,0,0,0,0,0,0,1,0,1,0,1
1,0,1,0,1.5677776925507676,2,0,0.2843841579438598,1.341997647398315,1,-0.5421885391661063,1.0471678523539008,0,0,3.0,0,1,0,0,0,1,0,1,0,0,0,1,0,1,0,0,1,0,0,0
1,0,0,0,0.14307697319997809,2,1,-1.5390508801388667,-0.7065964333343877,1,-0.6020116510810232,-1.109762475828853,0,0,2.0,0,0,0,1,1,0,1,0,1,0,1,0,1,0,1,0,1,0,0,0
0,0,1,0,0.06166550352279012,0,1,1.085766435827351,0.39851448972410736,1,-0.33845278091643627,-0.031297311737476054,0,1,2.0,0,1,1,0,0,0,0,0,0,0,0,0,0,1,0,1,0,1,0,1
1,0,1,1,-0.8338606629262776,1,0,-1.2785601604127628,-0.8707252934999711,1,-0.4258851632748221,-1.109762475828853,0,1,1.0,0,1,0,1,1,0,1,0,1,0,1,0,1,0,1,0,0,0,1,0
1,0,1,1,0.8350744654560759,1,0,-1.4842980536996218,-0.5402297515223814,1,-0.6166687962118981,-1.109762475828853,0,0,3.0,0,0,0,1,1,0,1,0,1,0,1,0,1,0,1,0,1,0,0,0
0,0,0,0,-1.0373893371192475,1,0,-1.4942531130522119,-0.9329455110416894,1,-0.3732884287000586,-1.109762475828853,0,1,1.0,0,0,0,1,1,0,1,0,1,0,1,0,1,0,1,0,0,0,1,0
0,1,1,0,1.6084834273893616,2,1,-1.3017886322354726,-0.1588127973747184,1,-0.6192045180861981,-1.109762475828853,0,0,3.0,0,1,0,1,1,0,1,0,1,0,1,0,1,0,1,0,1,0,0,0
1,0,1,0,-0.5896262538947137,0,1,1.1438376153841259,-0.24413523250156693,1,-0.05728258506045704,0.5079352703082123,0,1,1.0,0,1,1,0,0,1,0,0,0,0,0,0,0,1,0,1,0,1,0,1
1,0,1,0,-0.06045170099299184,1,1,0.3507512202944595,0.054899169858665775,1,-0.3880431968728738,1.5864004343995892,0,0,2.0,0,0,0,0,0,1,0,1,0,1,0,1,0,0,0,1,1,0,0,0
1,0,1,1,0.7129572609402939,1,1,0.1566275629189556,0.5014542854595594,1,-0.5024755619893466,0.5079352703082123,0,1,3.0,0,1,0,0,0,0,0,0,0,1,0,1,0,1,0,0,0,1,0,0
1,0,1,1,-0.4268033145403377,1,0,-1.4925939364934466,-0.8187069099345924,1,-0.5598587952882336,-1.109762475828853,0,1,1.0,0,0,0,1,1,0,1,0,1,0,1,0,1,0,1,0,0,0,1,0
1,1,1,0,1.6084834273893616,2,0,1.4856279864897142,2.4568277370192155,1,-0.48669260078406856,1.5864004343995892,0,0,3.0,0,1,1,0,0,0,0,1,0,1,0,1,0,1,0,1,1,0,0,0
1,0,1,1,-1.2816237461508113,0,1,0.16658262227154547,-0.9782284902398936,1,3.3679449840947533,-1.109762475828853,1,0,0.0,0,0,1,0,0,0,0,0,0,0,0,0,0,0,0,0,1,0,0,0
0,0,0,0,-1.2816237461508113,0,1,-1.4859572302583868,-1.0000801604343756,1,0.5004817450461709,-1.109762475828853,0,1,0.0,0,0,0,1,1,0,1,0,1,0,1,0,1,0,1,0,0,0,1,1
1,0,1,0,-0.9559778674420595,0,0,-0.8056948411647401,-0.8645822536862613,0,-0.19162484397720167,-0.031297311737476054,0,1,1.0,1,0,0,0,0,0,0,0,0,0,0,1,0,1,0,0,0,0,1,1
1,0,1,1,1.6084834273893616,2,1,1.3479163321122196,2.3005312526161115,1,-0.49323932050792385,1.0471678523539008,0,0,3.0,0,1,1,0,0,1,0,0,0,1,0,0,0,1,0,1,0,0,0,0
1,0,0,0,1.0386031396490458,1,1,1.3180511540544502,1.7201675662158744,1,-0.455485723407317,1.0471678523539008,0,1,3.0,0,1,1,0,0,0,0,0,0,1,0,1,0,1,0,1,0,1,0,1
0,1,0,0,0.1023712383613841,1,1,1.440830219403059,0.6260702359662448,1,-0.31314975300381437,1.5864004343995892,0,1,2.0,0,1,1,0,0,1,0,1,0,1,0,0,0,1,0,1,0,1,0,0
0,0,1,1,1.5677776925507676,2,0,-1.4942531130522119,-0.39580249761648184,1,-0.6279181406905396,-1.109762475828853,0,0,3.0,0,0,0,1,1,0,1,0,1,0,1,0,1,0,1,0,1,0,0,0
1,0,1,0,1.6084834273893616,2,0,0.4851445215544238,1.5408346825113588,1,-0.5342549139585829,1.5864004343995892,0,0,3.0,0,1,0,0,0,1,0,1,0,1,0,1,0,0,0,1,1,0,0,0
0,0,1,0,-0.6303319887333076,0,0,0.46357522629047915,-0.41701792440168683,1,-0.15496584272832079,-0.5705298937831644,0,1,1.0,0,1,1,0,0,1,0,0,0,0,0,0,0,0,0,0,0,1,0,0
0,0,1,0,1.6084834273893616,2,0,0.7672045365444724,1.8523306799222607,1,-0.5208459699458674,2.1256330164452777,0,0,3.0,0,1,0,0,0,1,0,1,0,1,0,1,0,1,0,1,0,0,0,0
1,0,1,0,0.7129572609402939,1,0,1.1438376153841259,1.2112386570779197,1,-0.4352993816903505,0.5079352703082123,0,1,3.0,0,1,1,0,0,0,0,0,0,0,0,1,0,1,0,1,0,1,0,0
1,0,1,1,-0.2639803751859618,2,1,-1.5191407614336867,-0.782616551029047,1,-0.5780691497543796,-1.109762475828853,0,0,2.0,0,0,0,1,1,0,1,0,1,0,1,0,1,0,1,0,1,0,0,0
1,0,1,0,-1.2816237461508113,0,1,-0.48381458876433153,-0.9868287459790872,0,2.2393851550716164,0.5079352703082123,1,1,0.0,1,0,0,0,0,0,0,0,0,1,0,0,0,1,0,1,0,1,0,1
0,0,0,0,0.46872285190873,0,1,0.7705228896620027,0.7344729492503174,1,-0.43416284351386325,0.5079352703082123,0,0,2.0,0,0,1,0,0,0,0,1,0,1,0,0,0,1,0,0,1,0,0,0
1,0,0,0,0.7943687306174818,0,1,0.6261745290494481,0.8916470107696649,1,-0.477665003183499,-0.031297311737476054,0,0,3.0,0,0,1,0,0,0,0,0,0,1,0,0,0,0,0,1,1,0,0,0
1,1,1,0,0.1023712383613841,0,1,1.1902945590295455,0.49941391866429147,1,-0.33730118925416774,0.5079352703082123,0,1,2.0,0,1,1,0,0,0,0,0,0,1,0,0,0,1,0,1,0,1,0,0
1,1,0,0,-1.2816237461508113,0,0,0.3242043953542197,-0.9761442445888133,1,3.6414480038835237,-0.5705298937831644,0,1,0.0,0,0,1,0,0,0,0,0,0,0,0,1,0,0,0,0,0,1,0,0
1,0,0,0,-1.2409180113122174,0,1,-0.36767222965078206,-0.961466767319628,1,1.40736017908262,-0.031297311737476054,1,1,0.0,0,0,0,0,0,1,0,1,0,0,0,0,0,0,0,0,0,0,1,1
0,1,0,0,0.1023712383613841,0,1,-0.8322416661049798,-0.3794356843985263,0,-0.5322720554076831,-0.031297311737476054,0,1,2.0,1,0,0,0,0,0,0,0,0,1,0,0,0,1,0,0,0,1,0,0
0,0,0,0,0.14307697319997809,1,0,0.6942007679588127,0.30900162386719243,1,-0.39254646494407586,2.1256330164452777,0,0,2.0,0,0,0,0,0,1,0,1,0,1,0,1,0,1,0,1,0,0,0,0
0,1,1,1,1.6084834273893616,2,1,0.8368899520126024,1.9381796613188556,1,-0.5175331720133142,2.1256330164452777,0,0,3.0,0,1,0,0,0,1,0,1,0,1,0,1,0,1,0,1,0,0,0,0
1,0,0,0,-0.3453918448631497,1,1,-0.47551870597050655,-0.4434329956006392,0,-0.4266647022462039,0.5079352703082123,0,1,1.0,1,0,0,0,0,1,0,0,0,0,0,0,0,1,0,1,0,0,1,0
1,0,1,0,-0.4675090493789317,0,1,1.3661672742586346,-0.02166943353364622,1,-0.10436560302258345,1.0471678523539008,0,1,1.0,0,1,1,0,0,0,0,0,0,1,0,1,0,1,0,1,0,1,0,1
0,0,0,0,0.5501343215859179,0,0,0.6411071180783331,0.6793611063501777,1,-0.4533179237401545,-0.031297311737476054,0,1,2.0,0,1,1,0,0,1,0,1,0,0,0,0,0,0,0,0,0,0,1,0
0,0,0,0,-0.6303319887333076,0,0,-1.3316538102932427,-0.8003874876329934,1,-0.5010831145545777,-1.109762475828853,0,1,1.0,0,1,0,1,1,0,1,0,1,0,1,0,1,0,1,0,0,0,1,0
0,1,1,0,-0.7117434584104956,0,1,0.9862158423014517,-0.4450565132656911,1,0.021491588021363976,0.5079352703082123,0,1,1.0,0,0,1,0,0,0,0,1,0,0,0,0,0,1,0,1,0,1,0,0
0,0,1,0,-0.6303319887333076,0,1,-0.9716124970412393,-0.7254424019057333,0,-0.4316677282456149,-0.031297311737476054,0,0,1.0,1,0,0,0,0,0,0,1,0,1,0,0,0,0,0,0,1,0,0,0
0,0,1,0,1.3235432835192036,2,0,-0.20009539721551794,0.6835295976523379,1,-0.556976023011145,0.5079352703082123,0,0,3.0,0,0,0,0,0,1,0,0,0,1,0,1,0,0,0,0,1,0,0,0
1,0,1,1,0.06166550352279012,1,1,0.46523440284924406,0.15263932118037063,1,-0.3999806783004965,-0.5705298937831644,0,0,2.0,0,0,1,0,0,0,0,0,0,0,0,0,0,0,0,1,0,0,0,0
1,0,0,0,0.7129572609402939,0,1,0.9480547814498567,1.0742269298042841,1,-0.4486217166067901,1.0471678523539008,0,0,3.0,0,0,1,0,0,1,0,1,0,0,0,1,0,0,0,1,1,0,0,0
1,0,1,1,-1.2816237461508113,0,1,0.16492344571278056,-0.9782504296677995,1,3.365066004939082,-1.109762475828853,1,1,0.0,0,0,1,0,0,0,0,0,0,0,0,0,0,0,0,0,0,0,1,1
1,0,1,1,1.3642490183577978,2,1,0.6328112352845081,1.4984257683688549,1,-0.5153681985243428,1.5864004343995892,0,1,3.0,0,1,0,0,0,1,0,0,0,1,0,1,0,1,0,1,0,0,1,0
0,0,0,0,-1.2816237461508113,0,0,0.21303956591696496,-0.9776141862585225,1,3.448556400453548,-1.109762475828853,1,1,0.0,0,0,1,0,0,0,0,0,0,0,0,0,0,0,0,0,0,1,0,1
1,0,0,1,1.6084834273893616,2,0,-1.4942531130522119,-0.3377288319490176,1,-0.6283541504713452,-1.109762475828853,0,0,3.0,0,0,0,1,1,0,1,0,1,0,1,0,1,0,1,0,1,0,0,0
0,0,1,1,1.0793088744876398,2,0,-1.3100845150292975,-0.3357981622932803,1,-0.6109001750147939,-1.109762475828853,0,1,3.0,0,1,0,1,1,0,1,0,1,0,1,0,1,0,1,0,0,0,1,0
1,0,1,1,-0.4675090493789317,1,0,0.4171182826450592,-0.2958903429320724,1,-0.2540725191174893,1.0471678523539008,0,1,1.0,0,1,0,0,0,1,0,1,0,0,0,1,0,1,0,0,0,0,1,1
1,0,1,1,-0.9559778674420595,1,1,0.8435266582476619,-0.6719760160985515,1,0.3807162121702463,-0.031297311737476054,0,1,1.0,0,1,1,0,0,0,0,0,0,1,0,0,0,1,0,0,0,1,0,0
0,0,0,0,0.1023712383613841,0,0,-1.3532231055571875,-0.6524060464063045,0,-0.582494247345504,-1.109762475828853,0,1,2.0,1,0,0,0,0,0,0,0,0,0,0,0,0,0,0,0,0,1,0,0
0,0,0,0,-0.9152721326034655,0,0,-0.4556085872653266,-0.7902953507961844,1,-0.1237332809789173,-0.5705298937831644,1,1,1.0,0,0,0,0,0,0,0,1,0,0,0,0,0,0,0,0,0,1,0,0
1,0,1,1,0.9571916699718578,2,0,-1.3532231055571875,-0.3936304942537773,1,-0.6109557342616576,-1.109762475828853,0,0,3.0,0,1,0,1,1,0,1,0,1,0,1,0,1,0,1,0,0,0,0,0
0,1,0,0,1.3642490183577978,1,1,-0.03583691789778363,0.8227352677165845,1,-0.5500018880686868,0.5079352703082123,0,0,3.0,0,1,0,0,0,1,0,1,0,0,0,1,0,0,0,0,1,0,0,0
1,0,1,0,-1.1188008067964355,0,1,0.6792681789299281,-0.8329236592177495,1,0.9793519446061585,-0.031297311737476054,0,1,0.0,0,1,1,0,0,0,0,1,0,0,0,1,0,0,0,0,0,1,0,1
1,0,0,0,-0.9559778674420595,0,0,-1.4826388771408567,-0.930597992255736,1,-0.42654954307997706,-1.109762475828853,0,1,1.0,0,0,0,1,1,0,1,0,1,0,1,0,1,0,1,0,0,0,1,1
1,0,1,0,0.590840056424512,2,0,0.2877025110613896,0.5367767643883911,1,-0.4831694664748453,1.0471678523539008,0,1,2.0,0,0,0,0,0,0,0,1,0,1,0,0,0,1,0,1,0,1,0,0
0,0,0,0,-0.8338606629262776,0,1,-0.3527396406218973,-0.7217346385896013,1,-0.1787358757571965,-0.031297311737476054,0,1,1.0,0,0,0,0,0,0,0,1,0,0,0,1,0,0,0,0,0,1,0,0
0,1,1,0,1.2014260790034217,2,1,0.4984179340245439,1.1059294031286082,1,-0.5136043889776558,1.5864004343995892,0,0,3.0,0,0,0,0,0,1,0,0,0,1,0,1,0,1,0,1,1,0,0,0
1,1,1,0,0.06166550352279012,0,1,0.3524103968532244,0.05531601898888192,1,-0.411167568733962,-1.109762475828853,0,1,2.0,0,1,1,0,0,0,0,0,0,0,0,0,0,0,0,0,0,1,0,0
1,0,0,0,-0.6710377235719016,0,0,-1.4826388771408567,-0.8652404365234445,1,-0.5225719655073657,-1.109762475828853,0,0,1.0,0,0,0,1,1,0,1,0,1,0,1,0,1,0,1,0,0,0,0,1
1,0,0,1,-1.2816237461508113,0,1,-1.4826388771408567,-1.0000362815785633,1,0.5062397033575136,-1.109762475828853,0,1,0.0,0,0,0,1,1,0,1,0,1,0,1,0,1,0,1,0,0,0,1,0
1,0,0,0,0.5501343215859179,0,1,-0.6547097743171256,-0.10275755907461605,1,-0.5489980395094848,-1.109762475828853,0,0,2.0,0,0,0,0,0,0,0,0,0,0,0,0,0,0,0,0,1,0,0,0
0,0,0,0,-0.38609757970174374,1,1,-1.5025489958460367,-0.7991369402423454,1,-0.5654602873411158,-1.109762475828853,0,0,1.0,0,0,0,1,1,0,1,0,1,0,1,0,1,0,1,0,1,0,0,0
0,0,0,0,-0.6303319887333076,1,0,0.4950995809070136,-0.40016844376979704,1,-0.14888799784412596,1.5864004343995892,0,0,1.0,0,0,0,0,0,1,0,1,0,0,0,1,0,1,0,1,1,0,0,0
0,0,0,0,-0.22327464034736777,1,0,0.44034675446776916,-0.09670227697253075,1,-0.3381237547272166,1.5864004343995892,0,1,2.0,0,0,0,0,0,0,0,1,0,1,0,1,0,1,0,1,0,0,1,0
1,0,0,1,-0.5896262538947137,0,1,-0.6397771852882409,-0.6810589392516797,1,-0.38306180530746897,-1.109762475828853,0,0,1.0,0,0,0,0,0,0,0,0,0,0,0,0,0,0,0,0,1,0,0,0
1,1,1,0,-0.5489205190561197,0,1,-1.016410264127894,-0.7556749335603481,0,-0.4622488846103008,-0.031297311737476054,0,0,1.0,1,0,0,0,0,0,0,1,0,1,0,0,0,0,0,0,1,0,0,0
0,0,1,1,0.020959768684196134,1,1,0.47187110908430413,0.10182760614982789,1,-0.39166308978184283,1.0471678523539008,0,1,2.0,0,1,0,0,0,0,0,0,0,1,0,1,0,1,0,1,0,1,0,0
0,0,1,1,1.6084834273893616,2,0,0.06039532251058587,1.0798434233482475,1,-0.5544472061189074,0.5079352703082123,0,0,3.0,0,1,0,0,0,1,0,1,0,0,0,1,0,0,0,0,1,0,0,0
1,0,0,1,-1.2002122764736234,0,0,0.19147027065302033,-0.9099091117402774,1,1.3756914083702363,0.5079352703082123,0,1,0.0,0,0,0,0,0,0,0,0,0,0,0,1,0,1,0,1,0,0,1,0
1,1,1,0,1.5677776925507676,0,1,1.4126242179040545,2.3756957326224333,1,-0.4878078217812046,1.5864004343995892,0,1,3.0,0,1,1,0,0,1,0,1,0,1,0,0,0,1,0,1,0,1,0,0
1,0,0,0,-1.0373893371192475,0,1,-0.4622452935003867,-0.8535686608773958,1,0.07439283000682347,-0.5705298937831644,1,1,1.0,0,0,0,0,0,1,0,0,0,0,0,0,0,0,0,0,0,0,1,1
1,1,0,0,0.9164859351332638,0,1,1.7112759984817532,1.7916681617618757,1,-0.4201746606638478,2.1256330164452777,0,1,3.0,0,1,1,0,0,1,0,1,0,1,0,1,0,1,0,1,0,1,0,0
0,0,1,1,-0.10115743583158582,2,0,0.5266239355235486,0.03069998087823037,1,-0.359590060136784,1.5864004343995892,0,0,2.0,0,0,0,0,0,0,0,1,0,1,0,1,0,1,0,1,0,0,0,0
0,0,1,1,1.6084834273893616,1,1,1.2699350338502653,2.221834524716907,1,-0.49694649914673333,1.0471678523539008,0,0,3.0,0,1,1,0,0,0,0,1,0,1,0,0,0,1,0,1,1,0,0,0
1,0,1,1,1.2421318138420157,2,0,0.35738792652951956,1.043160699889237,1,-0.5235351533866529,1.0471678523539008,0,1,3.0,0,1,0,0,0,1,0,0,0,1,0,1,0,0,0,1,0,0,1,0
0,0,0,0,-1.1595065416350294,0,1,0.5100321699358986,-0.8666664993373414,1,1.1897093549138722,-0.5705298937831644,1,1,0.0,0,1,1,0,0,0,0,1,0,0,0,0,0,0,0,0,0,0,1,0
1,1,0,0,-0.8745663977648716,0,1,0.47187110908430413,-0.645736460322848,1,0.09982381254858642,-0.5705298937831644,1,0,1.0,0,0,1,0,0,0,0,0,0,0,0,0,0,0,0,1,1,0,0,0
1,0,0,0,-0.5082147842175256,0,0,-0.4954288246756865,-0.5687948866561323,1,-0.38555836367303853,-0.5705298937831644,0,1,1.0,0,0,0,0,0,0,0,0,0,0,0,1,0,0,0,0,0,0,1,0
0,0,0,0,-0.7931549280876836,0,1,-1.1308934466826785,-0.8359951791246044,0,-0.4059854062537537,-0.5705298937831644,0,0,1.0,1,0,0,0,0,1,0,0,0,0,0,0,0,0,0,0,0,0,0,0
0,0,1,1,-0.9152721326034655,0,1,-0.3112602266527725,-0.7670176177878053,1,-0.07819306524375372,-0.031297311737476054,1,1,1.0,0,0,0,0,0,0,0,1,0,1,0,0,0,0,0,0,0,0,1,0
1,1,1,1,0.428017117070136,0,1,1.520470694223779,1.0480751317402048,1,-0.36988599878881073,1.5864004343995892,0,0,2.0,0,1,1,0,0,0,0,1,0,1,0,1,0,1,0,1,0,0,0,1
0,0,1,0,-0.5896262538947137,0,1,0.7937513614847123,-0.3091636968152669,1,-0.12122622736010324,-0.031297311737476054,0,1,1.0,0,1,1,0,0,0,0,0,0,0,0,1,0,1,0,0,0,1,0,0
1,1,0,0,-1.2816237461508113,0,1,-0.6331404790531808,-0.9888032944906369,1,1.9802770310612023,-1.109762475828853,1,1,0.0,0,0,0,0,0,0,0,0,0,0,0,0,0,0,0,0,0,0,1,0
0,0,0,0,-0.6710377235719016,0,1,0.7074741804289328,-0.42090120314106777,1,-0.07548343780312194,-0.031297311737476054,0,1,1.0,0,0,1,0,0,0,0,1,0,0,0,0,0,0,0,1,0,1,0,0
0,0,0,1,-1.2816237461508113,0,0,-1.3349721634107725,-0.9980836724949199,0,0.7624688482122562,-1.109762475828853,1,1,0.0,1,0,0,0,0,0,0,0,0,0,0,0,0,0,0,0,0,0,1,0
1,0,0,0,-1.2816237461508113,0,1,0.7190884163402875,-0.9709226607471599,1,4.326645042933285,-0.5705298937831644,1,1,0.0,0,1,1,0,0,0,0,0,0,0,0,0,0,0,0,1,0,1,0,1
1,1,0,0,0.428017117070136,0,1,0.8169798333074222,0.6833760216569952,1,-0.4253717788799297,-0.031297311737476054,0,1,2.0,0,0,1,0,0,0,0,0,0,0,0,0,0,1,0,1,0,0,1,1
1,0,0,0,-1.2409180113122174,1,0,-1.4925939364934466,-0.9879915356581109,1,0.10606160071920735,-1.109762475828853,0,1,0.0,0,0,0,1,1,0,1,0,1,0,1,0,1,0,1,0,0,0,1,0
1,0,0,0,1.0386031396490458,2,1,-1.3432680462045974,-0.3447713883068779,1,-0.6120241154648327,-1.109762475828853,0,0,3.0,0,1,0,1,1,0,1,0,1,0,1,0,1,0,1,0,1,0,0,0
1,1,0,0,0.8757802002946699,1,1,-0.31457857977030224,0.2929419626399223,0,-0.543645477102461,1.0471678523539008,0,1,3.0,1,0,0,0,0,0,0,1,0,1,0,0,0,1,0,1,0,1,0,0
1,0,0,1,-0.6303319887333076,1,0,-0.6746198930223056,-0.7099312263761159,1,-0.37440803170504183,-1.109762475828853,0,1,1.0,0,0,0,0,0,0,0,0,0,0,0,0,0,0,0,0,0,0,1,0
1,1,1,0,1.3642490183577978,0,1,1.1654069106480704,2.0063893426789403,1,-0.4877815624356719,0.5079352703082123,0,0,3.0,0,1,1,0,0,0,0,0,0,0,0,1,0,1,0,1,1,0,0,1
0,0,0,0,-1.1188008067964355,0,1,0.6726314726948681,-0.8005849424841484,1,0.9755133057319303,-0.5705298937831644,1,1,0.0,0,1,1,0,0,0,0,0,0,0,0,0,0,1,0,0,0,1,0,1
0,1,0,0,0.9571916699718578,2,0,0.27608827515003487,0.7700148224582101,1,-0.5117572244065985,1.0471678523539008,0,0,3.0,0,1,0,0,0,1,0,0,0,1,0,1,0,0,0,1,0,0,0,0
1,0,1,1,-0.9152721326034655,0,1,-1.4892755833759168,-0.9130464499308507,1,-0.44984310170313546,-1.109762475828853,0,0,1.0,0,0,0,1,1,0,1,0,1,0,1,0,1,0,1,0,1,0,0,0
0,0,0,0,-0.9152721326034655,0,1,0.6560397071072182,-0.6438277300950168,1,0.22697872525740065,-0.031297311737476054,1,1,1.0,0,0,1,0,0,1,0,0,0,0,0,0,0,1,0,0,0,0,1,1
0,0,1,0,1.6084834273893616,2,0,1.5652684613104335,2.486445964692459,1,-0.4829065460040078,2.1256330164452777,0,0,3.0,0,1,1,0,0,1,0,1,0,1,0,1,0,1,0,1,1,0,0,0
0,0,1,1,-1.0373893371192475,0,0,-1.469365464670737,-0.9391763085670237,1,-0.36249225686629133,-1.109762475828853,0,1,1.0,0,0,0,1,1,0,1,0,1,0,1,0,1,0,1,0,0,0,1,0
0,0,0,0,-1.1595065416350294,0,1,-1.3499047524396575,-0.9667761088729057,0,-0.10122489848912387,-1.109762475828853,1,1,0.0,1,0,0,0,0,0,0,0,0,0,0,0,0,0,0,0,0,0,1,1
0,0,1,0,0.6722515261016999,1,0,0.22797215494585,0.5145740633474112,1,-0.4943782919875921,1.0471678523539008,0,1,3.0,0,1,0,0,0,1,0,1,0,1,0,0,0,0,0,1,0,1,0,0
0,0,1,1,1.3642490183577978,2,0,1.4706953974608292,2.0987982130194616,1,-0.47196866199855203,1.5864004343995892,0,0,3.0,0,1,1,0,0,1,0,1,0,1,0,0,0,1,0,1,0,0,0,0
1,0,1,0,0.7943687306174818,2,1,1.3728039804936945,1.3987110685356006,1,-0.4287766778985152,2.1256330164452777,0,1,3.0,0,0,1,0,0,1,0,1,0,1,0,1,0,1,0,1,0,1,0,0
1,1,0,0,0.7943687306174818,0,1,1.520470694223779,1.550093121087736,1,-0.41910765356437396,1.5864004343995892,0,1,3.0,0,1,1,0,0,0,0,1,0,1,0,1,0,1,0,1,0,1,0,0
1,0,0,0,-1.2816237461508113,0,0,0.14833168012513065,-0.9784698239468606,1,3.3362762133823693,-1.109762475828853,1,1,0.0,0,0,1,0,0,0,0,0,0,0,0,0,0,0,0,0,0,0,1,1
0,0,1,1,-0.6303319887333076,0,0,-1.3548822821159523,-0.8290623199062747,1,-0.5055615265745106,-1.109762475828853,0,1,1.0,0,1,0,1,1,0,1,0,1,0,1,0,1,0,1,0,0,0,1,1
1,0,1,0,1.4049547531963917,2,1,0.14169497389007057,1.0409448176707203,1,-0.5425554678820251,1.0471678523539008,0,0,3.0,0,0,0,0,0,1,0,1,0,0,0,1,0,0,0,1,1,0,0,0
0,0,0,0,-0.3453918448631497,0,1,-0.5186572964983965,-0.4677857605764175,1,-0.4326529788900001,-0.5705298937831644,0,0,1.0,0,0,0,0,0,0,0,0,0,1,0,0,0,0,0,0,1,0,0,0
0,0,1,0,1.1200146093262338,2,0,-0.1370466879824483,0.5722308798846591,0,-0.5449652594993083,1.5864004343995892,0,0,3.0,1,0,0,0,0,0,0,1,0,1,0,1,0,1,0,1,1,0,0,0
1,0,0,0,-0.9966836022806536,0,1,0.17156015194784016,-0.7669956783598992,1,0.23721509558867612,-1.109762475828853,1,1,1.0,0,0,1,0,0,0,0,0,0,0,0,0,0,0,0,0,0,0,1,1
0,0,0,0,-0.019745966154397852,0,1,-0.3560579937394271,-0.24560517417127614,1,-0.470606648341007,-0.5705298937831644,0,1,2.0,0,1,0,0,0,0,0,1,0,0,0,0,0,0,0,0,0,1,0,0
1,0,1,0,-0.7524491932490895,0,1,0.5880134681978536,-0.4889573085058104,1,-0.0252198487794023,-0.031297311737476054,0,1,1.0,0,1,1,0,0,0,0,1,0,1,0,0,0,0,0,0,0,1,0,0
0,1,1,0,-1.2816237461508113,0,1,0.8518225410414869,-0.9691675065146714,1,4.556963375386986,-0.031297311737476054,1,1,0.0,0,1,1,0,0,0,0,1,0,0,0,0,0,1,0,0,0,1,0,1
1,1,0,0,-1.2409180113122174,0,1,-0.6895524820511906,-0.968267989970521,1,1.0350122082824698,-1.109762475828853,1,1,0.0,0,0,0,0,0,0,0,0,0,0,0,0,0,0,0,0,0,1,0,1
1,1,1,0,0.428017117070136,0,1,1.1969312652646056,0.9166579585826264,1,-0.3954042231231697,0.5079352703082123,0,1,2.0,0,1,1,0,0,0,0,1,0,0,0,0,0,1,0,1,0,1,0,1
0,1,1,0,-0.30468611002455576,0,1,0.15165003324266044,-0.23987898348778222,1,-0.3519175449675757,0.5079352703082123,0,0,2.0,0,1,0,0,0,1,0,0,0,0,0,1,0,1,0,0,1,0,0,0
1,0,1,1,0.428017117070136,1,1,-1.5174815848749215,-0.6683121316382318,1,-0.6094955821539966,-1.109762475828853,0,1,2.0,0,0,0,1,1,0,1,0,1,0,1,0,1,0,1,0,0,0,1,0
0,0,1,1,0.590840056424512,2,0,-1.4826388771408567,-0.6256838232166666,1,-0.6111640814373971,-1.109762475828853,0,0,2.0,0,0,0,1,1,0,1,0,1,0,1,0,1,0,1,0,1,0,0,0
0,1,0,0,1.2421318138420157,0,1,0.8186390098661871,1.4214403158463271,1,-0.49852402197175877,-0.031297311737476054,0,0,3.0,0,1,1,0,0,0,0,0,0,1,0,0,0,0,0,1,0,0,0,0
1,0,0,0,1.0386031396490458,2,1,-1.5191407614336867,-0.554556197945069,1,-0.6223689219224989,-1.109762475828853,0,0,3.0,0,0,0,1,1,0,1,0,1,0,1,0,1,0,1,0,0,0,0,0
0,0,0,0,-0.9152721326034655,0,1,-1.3416088696458326,-0.8903830209038426,1,-0.4032559844568186,-1.109762475828853,0,1,1.0,0,1,0,1,1,0,1,0,1,0,1,0,1,0,1,0,0,0,1,0
0,0,0,0,-0.30468611002455576,1,0,-0.12875080518862334,-0.33309961266082916,0,-0.38934427399130217,1.5864004343995892,0,1,2.0,1,0,0,0,0,1,0,1,0,1,0,0,0,1,0,1,0,1,0,0
0,1,1,0,0.387311382231542,0,1,0.9994892547715714,0.7218797176322123,1,-0.40519153492511345,-0.031297311737476054,0,1,2.0,0,1,1,0,0,0,0,0,0,0,0,0,0,1,0,1,0,1,0,0
0,0,1,1,0.6722515261016999,0,1,1.0177401969179862,1.0900233178966807,1,-0.4395625288636112,-0.031297311737476054,0,1,3.0,0,1,1,0,0,0,0,0,0,0,0,0,0,1,0,1,0,1,0,1
1,0,1,0,1.5270719577121736,1,1,1.478991280254654,2.2971964595743835,1,-0.4821422250859672,2.1256330164452777,0,0,3.0,0,0,1,0,0,1,0,1,0,1,0,1,0,1,0,1,0,0,0,1
0,0,0,0,-1.2409180113122174,0,0,-1.4793205240233267,-0.9935202714904497,1,0.12141615621612092,-1.109762475828853,0,0,0.0,0,0,0,1,1,0,1,0,1,0,1,0,1,0,1,0,1,0,0,0
1,0,1,1,1.6084834273893616,2,1,0.5266239355235486,1.5047004447500016,1,-0.5322830104273012,1.5864004343995892,0,1,3.0,0,0,0,0,0,1,0,0,0,1,0,1,0,1,0,1,0,1,0,0
1,0,1,1,1.6084834273893616,2,0,-0.3195561094465974,0.7390363502547875,1,-0.5725098424654478,-0.5705298937831644,0,0,3.0,0,1,0,0,0,1,0,0,0,0,0,0,0,0,0,0,0,0,0,0
0,0,0,1,-1.2816237461508113,0,1,-0.16359351292268806,-0.9825944363932086,1,2.7950281321161707,0.5079352703082123,0,1,0.0,0,0,0,0,0,1,0,1,0,0,0,1,0,0,0,0,0,1,0,1
1,1,1,0,1.4863662228735797,0,1,1.0094443141241611,1.7914268280549084,1,-0.502883618978918,0.5079352703082123,0,0,3.0,0,1,1,0,0,0,0,1,0,1,0,0,0,0,0,1,0,0,0,0
0,0,0,0,-0.9559778674420595,0,1,0.858459247276547,-0.6536127149411404,1,0.38589837465045457,-0.031297311737476054,1,0,1.0,0,0,1,0,0,0,0,0,0,0,0,0,0,1,0,1,0,0,0,1
1,0,0,0,-0.9152721326034655,0,1,-1.4909347599346818,-0.9217783422374812,1,-0.45036655245871204,-1.109762475828853,0,0,1.0,0,0,0,1,1,0,1,0,1,0,1,0,1,0,1,0,1,0,0,0
1,0,1,1,1.5270719577121736,0,1,1.0824480827098208,1.9173810836638667,1,-0.5015246481340077,0.5079352703082123,0,0,3.0,0,1,1,0,0,1,0,1,0,0,0,0,0,1,0,0,1,0,0,0
1,0,0,1,-1.0780950719578415,0,0,0.9812383126251565,-0.7564208741091558,1,0.8949018893731346,0.5079352703082123,1,1,0.0,0,0,1,0,0,0,0,0,0,1,0,0,0,1,0,1,0,0,1,1
0,0,1,1,1.3235432835192036,1,0,-0.11879574583603324,0.6909890031404141,1,-0.5527011751739361,0.5079352703082123,0,0,3.0,0,0,0,0,0,1,0,1,0,1,0,0,0,0,0,0,0,0,0,0
1,0,0,1,0.8757802002946699,1,1,1.3578713914648095,1.5477456023017824,1,-0.43811780477821977,1.5864004343995892,0,1,3.0,0,0,1,0,0,1,0,1,0,0,0,1,0,1,0,1,0,1,0,0
0,0,0,0,0.5501343215859179,1,0,-0.30794187353524244,0.17091486462615746,1,-0.5233935014867062,-0.5705298937831644,0,0,2.0,0,0,0,0,0,0,0,0,0,0,0,0,0,0,0,1,1,0,0,0
1,0,1,1,0.9164859351332638,0,1,0.8451858348064274,1.2285269262679315,1,-0.4738470577802906,-0.031297311737476054,0,0,3.0,0,1,1,0,0,0,0,0,0,1,0,0,0,1,0,0,1,0,0,0
0,0,1,1,1.2828375486806096,2,1,-1.3565414586747175,-0.32478456948441475,1,-0.6171379631854149,-1.109762475828853,0,1,3.0,0,1,0,1,1,0,1,0,1,0,1,0,1,0,1,0,0,0,1,0
1,0,0,0,1.2421318138420157,2,1,0.23129050806338025,0.956499959660116,1,-0.530372728881372,1.0471678523539008,0,0,3.0,0,1,0,0,0,1,0,0,0,1,0,1,0,0,0,1,0,0,0,0
1,0,1,0,1.1200146093262338,1,0,-1.3532231055571875,-0.34815006020441824,1,-0.6141551519946211,-1.109762475828853,0,0,3.0,0,1,0,1,1,0,1,0,1,0,1,0,1,0,1,0,0,0,0,0
0,0,0,0,0.8757802002946699,2,1,1.0011484313303363,1.2134764787243428,1,-0.4606261872680133,0.5079352703082123,0,0,3.0,0,1,1,0,0,0,0,0,0,1,0,1,0,0,0,1,0,0,0,0
1,0,0,0,-1.0780950719578415,0,0,-0.6696423633460107,-0.8900319900573449,1,0.07644924368944585,-1.109762475828853,1,1,0.0,0,0,0,0,0,0,0,0,0,0,0,0,0,0,0,0,0,1,0,1
0,0,1,1,1.5677776925507676,2,1,1.1305642029140057,2.089649471582615,1,-0.50140300112743,1.0471678523539008,0,0,3.0,0,1,1,0,0,1,0,1,0,1,0,0,0,1,0,0,1,0,0,0
0,0,1,1,0.346605647392948,0,1,0.9945117250952766,0.6795366217734266,1,-0.3995419767148704,0.5079352703082123,0,0,2.0,0,0,1,0,0,0,0,0,0,1,0,0,0,1,0,1,0,0,0,0
1,0,1,0,0.590840056424512,0,1,0.6112419400205631,0.7747537388859291,1,-0.45977776083501626,-0.031297311737476054,0,0,2.0,0,1,1,0,0,0,0,1,0,1,0,0,0,0,0,0,0,0,0,1
1,0,0,0,-0.9152721326034655,1,0,-1.5075265255223318,-0.9098213540286532,1,-0.45560106001447803,-1.109762475828853,0,1,1.0,0,0,0,1,1,0,1,0,1,0,1,0,1,0,1,0,0,0,1,0
0,1,1,0,0.7129572609402939,0,1,0.7672045365444724,0.9074214594341559,1,-0.46092794123299274,-0.031297311737476054,0,1,3.0,0,1,1,0,0,0,0,1,0,0,0,0,0,1,0,0,0,1,0,1
1,0,0,1,-0.9559778674420595,0,0,-0.3178969328878323,-0.8115765958651078,1,-0.022340869623731094,-0.5705298937831644,1,1,1.0,0,0,0,0,0,0,0,0,0,0,0,0,0,1,0,0,0,1,0,1
1,0,1,1,0.7943687306174818,2,1,1.0393094921819312,1.1807428522884316,1,-0.4506134631924746,0.5079352703082123,0,0,3.0,0,1,1,0,0,0,0,0,0,1,0,1,0,0,0,1,0,0,0,1
1,0,0,0,0.22448844287716607,1,0,-1.4876164068171518,-0.6885622235955682,1,-0.6003955920955113,-1.109762475828853,0,1,2.0,0,0,0,1,1,0,1,0,1,0,1,0,1,0,1,0,0,0,1,0
1,0,0,0,-0.5082147842175256,0,0,0.4602568731729489,-0.28873808943468166,1,-0.22762579284764328,-0.5705298937831644,0,1,1.0,0,0,1,0,0,0,0,0,0,0,0,0,0,1,0,0,0,1,0,0
1,0,0,0,-1.2002122764736234,0,1,0.8982794846869069,-0.8918529625735518,1,1.988913968528216,-0.031297311737476054,1,1,0.0,0,0,1,0,0,0,0,0,0,0,0,0,0,1,0,1,0,1,0,0
1,0,1,0,0.590840056424512,0,1,1.2998002119080347,1.2443233143603283,1,-0.4099954129348673,1.0471678523539008,0,1,2.0,0,1,1,0,0,0,0,1,0,1,0,0,0,1,0,1,0,1,0,0
0,0,0,0,-0.4675090493789317,2,1,-1.462728758435677,-0.8179390299578787,1,-0.5506073721516298,-1.109762475828853,0,0,1.0,0,0,0,1,1,0,1,0,1,0,1,0,1,0,1,0,1,0,0,0
0,0,0,0,-0.9559778674420595,0,0,-1.5075265255223318,-0.942949890166874,1,-0.43518648054699083,-1.109762475828853,0,0,1.0,0,0,0,1,1,0,1,0,1,0,1,0,1,0,1,0,0,0,0,0
1,0,1,0,1.6084834273893616,2,1,1.3230286837307448,2.2688726581476,1,-0.4944224626266928,1.0471678523539008,0,0,3.0,0,1,1,0,0,0,0,1,0,1,0,0,0,1,0,1,0,0,0,0
0,0,1,1,-1.2002122764736234,0,1,0.15330920980142534,-0.9210762805444859,1,1.3425831480800166,-1.109762475828853,1,1,0.0,0,0,1,0,0,0,0,0,0,0,0,0,0,0,0,0,0,1,0,0
0,0,0,1,-0.5896262538947137,0,0,-0.24157481118464275,-0.5733363482326963,1,-0.31032970032208956,-0.5705298937831644,0,1,1.0,0,1,0,0,0,1,0,0,0,0,0,0,0,0,0,0,0,0,1,0
0,0,1,0,1.4456604880349857,2,1,-1.3266762806169474,-0.30032210736910586,1,-0.61810596777109,-1.109762475828853,0,0,3.0,0,1,0,1,1,0,1,0,1,0,1,0,1,0,1,0,1,0,0,0
1,0,1,0,1.1607203441648277,2,0,0.5299422886410788,1.1554028130568785,1,-0.5094827168223783,1.0471678523539008,0,0,3.0,0,1,0,0,0,0,0,1,0,1,0,0,0,1,0,1,0,0,0,0
1,0,1,0,-0.38609757970174374,0,1,-0.16525268948145297,-0.3919850371608193,1,-0.3720888540518622,-0.031297311737476054,0,0,1.0,0,0,0,0,0,1,0,0,0,0,0,0,0,0,0,1,0,0,0,0
1,0,0,0,0.590840056424512,1,0,0.9911933719777464,0.9813573314777351,1,-0.4323075013913196,0.5079352703082123,0,0,2.0,0,1,1,0,0,1,0,1,0,0,0,0,0,1,0,0,0,0,0,0
1,1,0,0,-0.7117434584104956,0,1,0.3076126297665698,-0.5113794038258512,1,-0.12569622131232958,-1.109762475828853,0,0,1.0,0,1,1,0,0,0,0,0,0,0,0,0,0,0,0,0,1,0,0,1
0,0,1,1,0.1023712383613841,1,0,-1.5025489958460367,-0.6979084198835696,1,-0.5968891431238603,-1.109762475828853,0,1,2.0,0,0,0,1,1,0,1,0,1,0,1,0,1,0,1,0,0,0,1,0
0,0,1,0,-0.019745966154397852,1,0,-1.5141632317573919,-0.748632377202488,1,-0.5923961908051613,-1.109762475828853,0,1,2.0,0,0,0,1,1,0,1,0,1,0,1,0,1,0,1,0,0,0,1,0
1,0,0,0,1.5677776925507676,1,0,1.085766435827351,1.9256303085565625,1,-0.5035622354941834,0.5079352703082123,0,0,3.0,0,1,1,0,0,1,0,0,0,0,0,1,0,0,0,1,1,0,0,0
0,0,1,0,0.7943687306174818,0,1,1.3313245665245697,1.4591980712727366,1,-0.4314926959699032,1.0471678523539008,0,1,3.0,0,1,1,0,0,0,0,1,0,1,0,0,0,1,0,1,0,1,0,1
1,0,0,0,1.6084834273893616,2,1,-0.04081444757407856,0.9501814044231575,0,-0.5592586507352347,2.1256330164452777,0,0,3.0,1,0,0,0,0,1,0,1,0,1,0,1,0,1,0,1,0,0,0,0
1,0,0,0,-0.8338606629262776,0,0,-1.3250171040581826,-0.8701768078023184,1,-0.4382869196377137,-1.109762475828853,0,1,1.0,0,1,0,1,1,0,1,0,1,0,1,0,1,0,1,0,0,1,0,0
1,1,1,0,0.46872285190873,2,1,-1.5125040551986266,-0.6371581440115603,1,-0.6102284132118039,-1.109762475828853,0,0,2.0,0,0,0,1,1,0,1,0,1,0,1,0,1,0,1,0,1,0,0,0
1,0,1,0,1.6084834273893616,2,1,1.4839688099309494,2.448841785261392,1,-0.4867714769253198,1.5864004343995892,0,1,3.0,0,1,1,0,0,1,0,1,0,1,0,0,0,1,0,1,0,1,0,0
0,1,0,0,-0.5896262538947137,0,1,0.680927355488693,-0.3481719996323244,1,-0.14183365710596063,-0.031297311737476054,0,1,1.0,0,1,1,0,0,0,0,1,0,0,0,1,0,0,0,0,0,1,0,1
0,0,0,0,-1.0373893371192475,0,1,0.29599839385521454,-0.7845910995405967,1,0.4033161985422657,-1.109762475828853,1,1,1.0,0,1,1,0,0,0,0,0,0,0,0,0,0,0,0,0,0,1,0,1
1,0,0,0,-0.9152721326034655,0,1,0.30595345320780487,-0.6527131983969899,1,0.11653061583073931,-1.109762475828853,1,1,1.0,0,1,1,0,0,0,0,0,0,0,0,0,0,0,0,0,0,0,1,1
1,0,1,1,0.387311382231542,1,0,-1.4826388771408567,-0.633801411541926,1,-0.6055149217569373,-1.109762475828853,0,1,2.0,0,0,0,1,1,0,1,0,1,0,1,0,1,0,1,0,0,0,1,0
1,0,1,0,1.6084834273893616,2,1,1.28818597599668,2.214506755796268,1,-0.4960788615929695,1.0471678523539008,0,0,3.0,0,1,1,0,0,0,0,1,0,1,0,0,0,1,0,1,0,0,0,0
1,0,1,1,-0.1418631706701798,0,1,0.8053655973960674,0.17508335592831772,1,-0.31734026710818025,-0.031297311737476054,0,1,2.0,0,1,1,0,0,0,0,0,0,1,0,0,0,0,0,1,0,1,0,1
1,0,1,0,1.2421318138420157,2,1,0.6543805305484532,1.3507953579886638,1,-0.5074308637346167,-0.031297311737476054,0,0,3.0,0,1,1,0,0,1,0,0,0,0,0,1,0,0,0,0,1,0,0,0
0,0,0,0,-1.2816237461508113,0,1,-1.4942531130522119,-1.000189857573906,1,0.4860868492678146,-1.109762475828853,0,1,0.0,0,0,0,1,1,0,1,0,1,0,1,0,1,0,1,0,0,0,1,1
0,0,1,0,-0.2639803751859618,1,1,0.8352307754538371,0.0057987302047993895,1,-0.2754564518360442,2.1256330164452777,0,0,2.0,0,1,0,0,0,1,0,1,0,1,0,1,0,1,0,1,1,0,0,0
0,0,0,0,1.3235432835192036,1,1,0.8269348926600121,1.5556437963479808,1,-0.5029733533941597,0.5079352703082123,0,1,3.0,0,1,1,0,0,1,0,1,0,0,0,1,0,0,0,0,0,1,0,0
1,0,1,1,1.5677776925507676,1,1,0.04214438036417105,1.050115498535473,1,-0.5538643990752176,-0.031297311737476054,0,1,3.0,0,1,0,0,0,1,0,0,0,0,0,0,0,1,0,0,0,1,0,0
0,0,1,0,1.1607203441648277,2,1,1.1985904418233704,1.611194427806243,1,-0.4720559877986519,0.5079352703082123,0,0,3.0,0,1,1,0,0,0,0,1,0,0,0,0,0,1,0,1,0,0,0,0
0,0,0,0,0.7943687306174818,1,1,0.5067138168183688,0.8768159575051372,1,-0.48548713522909637,-0.5705298937831644,0,1,3.0,0,1,1,0,0,0,0,1,0,0,0,0,0,0,0,0,0,0,1,0
0,0,1,0,-1.2409180113122174,0,0,-0.6746198930223056,-0.9663153808868776,0,1.052286083216497,-0.031297311737476054,1,1,0.0,1,0,0,0,0,0,0,0,0,0,0,0,0,1,0,1,0,1,0,1
1,1,1,0,-0.1418631706701798,0,1,1.0276952562705766,0.19564059987633955,1,-0.2916213866508503,0.5079352703082123,0,1,2.0,0,1,1,0,0,0,0,1,0,1,0,0,0,0,0,1,0,1,0,1
1,0,0,0,-0.6303319887333076,1,1,-1.4876164068171518,-0.8862803478854007,1,-0.5311524524026998,-1.109762475828853,0,1,1.0,0,0,0,1,1,0,1,0,1,0,1,0,1,0,1,0,0,0,1,0
0,0,1,1,1.0386031396490458,2,0,-1.5058673489635668,-0.5351836831039769,1,-0.6215881818124864,-1.109762475828853,0,0,3.0,0,0,0,1,1,0,1,0,1,0,1,0,1,0,1,0,1,0,0,0
0,0,0,0,-1.1595065416350294,0,1,0.5946501744329131,-0.8686849267047032,1,1.2484405296895662,-0.031297311737476054,1,0,0.0,0,0,1,0,0,0,0,0,0,1,0,0,0,0,0,1,1,0,0,0
1,0,1,0,-0.38609757970174374,0,1,1.1388600857078308,-0.04955444640230757,1,-0.18351571935539418,1.0471678523539008,0,1,1.0,0,1,1,0,0,1,0,1,0,1,0,0,0,1,0,0,0,1,0,1
0,0,0,0,-0.06045170099299184,0,1,0.4950995809070136,0.04599176212878662,1,-0.37238874771391134,-0.5705298937831644,0,0,2.0,0,1,1,0,0,0,0,0,0,0,0,1,0,0,0,0,1,0,0,1
0,0,0,0,1.1607203441648277,1,1,1.2948226822317401,1.8094171589379158,1,-0.4666695106686863,1.0471678523539008,0,1,3.0,0,1,1,0,0,0,0,1,0,1,0,0,0,1,0,1,0,1,0,0
1,1,0,0,-1.0780950719578415,0,1,0.49012205123071895,-0.7905805633589638,1,0.6514225093506504,-0.5705298937831644,1,1,0.0,0,0,1,0,0,0,0,0,0,0,0,0,0,1,0,0,0,1,0,0
0,0,0,0,1.1607203441648277,2,0,0.7141108866639929,1.2619406749689321,1,-0.49917411403916834,1.5864004343995892,0,0,3.0,0,1,0,0,0,1,0,0,0,1,0,1,0,1,0,1,1,0,0,0
1,0,1,1,1.0386031396490458,1,1,1.3313245665245697,1.6259377233591465,1,-0.4547049832973045,1.0471678523539008,0,0,3.0,0,1,1,0,0,0,0,0,0,1,0,1,0,1,0,1,0,0,0,0
0,0,0,0,-0.9152721326034655,1,1,-1.497571466169742,-0.9219319182328239,1,-0.45246035548101843,-1.109762475828853,0,1,1.0,0,0,0,1,1,0,1,0,1,0,1,0,1,0,1,0,0,0,1,0
0,1,1,0,0.9164859351332638,0,0,0.8468450113651922,1.2046787681339939,1,-0.4737442370961596,0.5079352703082123,0,1,3.0,0,1,1,0,0,0,0,1,0,1,0,1,0,0,0,0,0,1,0,0
1,0,1,1,1.6084834273893616,2,1,1.7145943515992828,2.649455914034831,1,-0.4758076932913937,2.1256330164452777,0,0,3.0,0,1,1,0,0,1,0,1,0,1,0,1,0,1,0,1,0,0,0,0
1,0,1,0,1.6084834273893616,2,0,1.3495755086709846,2.3177537035224054,1,-0.4931604443666725,1.5864004343995892,0,0,3.0,0,1,1,0,0,1,0,1,0,1,0,1,0,0,0,1,0,0,0,0
1,0,1,0,0.30589991255435406,0,1,1.067515493680936,0.6176454956502998,1,-0.38701624394234474,-0.031297311737476054,0,0,2.0,0,1,1,0,0,0,0,0,0,0,0,0,0,1,0,1,0,0,0,1
0,0,1,0,-1.0780950719578415,0,0,-0.6397771852882409,-0.866995590755933,1,0.0912554222043266,-1.109762475828853,1,1,0.0,0,0,0,0,0,0,0,0,0,0,0,0,0,0,0,0,0,0,1,0
0,0,1,1,1.5270719577121736,1,1,1.3794406867287545,2.236797214548872,1,-0.48700810534907363,1.0471678523539008,0,1,3.0,0,1,1,0,0,0,0,1,0,1,0,0,0,1,0,1,0,1,0,0
1,0,0,0,-0.10115743583158582,0,1,0.8402083051301322,0.20009430374127923,1,-0.3244850884966634,-0.031297311737476054,0,1,2.0,0,0,1,0,0,0,0,0,0,0,0,0,0,1,0,1,0,1,0,1
0,0,0,0,-1.2816237461508113,0,0,0.850163364482722,-0.9691894459425774,1,4.554084396231315,-0.031297311737476054,1,1,0.0,0,0,1,0,0,0,0,0,0,0,0,0,0,1,0,1,0,1,0,1
1,0,0,0,1.4049547531963917,2,0,1.7013209391291633,2.392698789249666,1,-0.46296016181346655,2.1256330164452777,0,0,3.0,0,1,1,0,0,1,0,1,0,1,0,1,0,1,0,1,1,0,0,1
1,0,1,1,0.06166550352279012,1,0,-1.5042081724048018,-0.7110720766272335,1,-0.5952577216023134,-1.109762475828853,0,0,2.0,0,0,0,1,1,0,1,0,1,0,1,0,1,0,1,0,1,0,0,0
0,1,0,0,-1.2409180113122174,0,1,0.9596690173612115,-0.9339547247253703,1,2.9428157287739625,-0.031297311737476054,1,1,0.0,0,1,1,0,0,0,0,0,0,0,0,0,0,1,0,1,0,1,0,1
1,1,1,0,-1.0373893371192475,0,1,0.17156015194784016,-0.8037661595305339,1,0.3493353393734294,-1.109762475828853,1,1,1.0,0,0,1,0,0,0,0,0,0,0,0,0,0,0,0,0,0,0,1,1
1,1,0,0,-0.9966836022806536,0,1,0.1582867394777205,-0.762827187057739,1,0.23209691042303845,-1.109762475828853,1,1,1.0,0,0,1,0,0,0,0,0,0,0,0,0,0,0,0,0,0,1,0,1
1,0,1,0,0.1023712383613841,0,1,0.8269348926600121,0.37817664005514634,1,-0.3723287689815015,-0.031297311737476054,0,0,2.0,0,1,1,0,0,0,0,0,0,0,0,1,0,0,0,1,0,0,0,0
1,0,1,0,-0.9559778674420595,0,1,0.7672045365444724,-0.6573204782572724,1,0.3542296039380706,-0.031297311737476054,1,1,1.0,0,1,1,0,0,1,0,0,0,0,0,0,0,0,0,1,0,1,0,0
1,0,0,1,-1.0780950719578415,0,1,-1.4842980536996218,-0.9657668951892249,1,-0.3274304035775805,-1.109762475828853,0,1,0.0,0,0,0,1,1,0,1,0,1,0,1,0,1,0,1,0,0,0,1,0
1,0,0,0,-1.1188008067964355,0,1,-0.5219756496159262,-0.9137485116238461,1,0.2845583083708261,-0.5705298937831644,0,1,0.0,0,0,0,0,0,0,0,0,0,0,0,1,0,0,0,0,0,1,0,1
0,0,1,0,-1.2002122764736234,0,1,0.3258635719129846,-0.9082197757915073,1,1.4922900641749224,-1.109762475828853,1,0,0.0,0,1,1,0,0,0,0,0,0,0,0,0,0,0,0,0,1,0,0,1
1,0,0,0,0.1023712383613841,1,1,-1.5191407614336867,-0.7289746497986165,1,-0.5984885759881222,-1.109762475828853,0,1,2.0,0,0,0,1,1,0,1,0,1,0,1,0,1,0,1,0,0,0,1,0
0,0,1,0,-0.7117434584104956,0,1,-0.45892694038285664,-0.6968772667719825,1,-0.2919572675523453,-1.109762475828853,0,1,1.0,0,1,0,0,0,0,0,0,0,0,0,0,0,0,0,0,0,1,0,0
1,1,1,0,-0.6303319887333076,0,1,0.38227557491099445,-0.46771994229269914,1,-0.17064028479808654,-0.5705298937831644,0,1,1.0,0,0,1,0,0,0,0,1,0,0,0,0,0,0,0,0,0,1,0,1
0,0,1,1,0.020959768684196134,1,0,-1.3532231055571875,-0.6577592668153945,1,-0.5779499763252778,-1.109762475828853,0,0,2.0,0,1,0,1,1,0,1,0,1,0,1,0,1,0,1,0,1,0,0,0
0,0,0,0,-1.2002122764736234,0,1,-0.47551870597050655,-0.9407559473762634,0,0.7970165980803116,0.5079352703082123,1,1,0.0,1,0,0,0,0,0,0,1,0,0,0,0,0,1,0,1,0,1,0,1
1,0,1,0,1.4456604880349857,2,0,0.1997661534468453,1.071572259027645,1,-0.5413331902865227,1.0471678523539008,0,0,3.0,0,0,0,0,0,1,0,1,0,1,0,0,0,0,0,1,0,0,0,0
0,0,1,1,1.1200146093262338,2,0,1.6697965845126284,1.956608780759985,1,-0.4421715447279637,2.1256330164452777,0,0,3.0,0,1,1,0,0,1,0,1,0,1,0,1,0,1,0,1,1,0,0,0
0,0,1,1,-0.38609757970174374,1,0,0.5614666432576133,-0.21434148940507425,1,-0.267006114869861,-0.5705298937831644,0,0,1.0,0,1,1,0,0,1,0,0,0,0,0,0,0,0,0,0,1,0,0,0
0,0,1,1,0.1023712383613841,2,0,-1.3482455758808924,-0.648413070527393,1,-0.5820144174862255,-1.109762475828853,0,0,2.0,0,1,0,1,1,0,1,0,1,0,1,0,1,0,1,0,0,0,0,0
0,0,1,1,1.2421318138420157,2,0,-1.4909347599346818,-0.4783166859713487,1,-0.6237596152434588,-1.109762475828853,0,0,3.0,0,0,0,1,1,0,1,0,1,0,1,0,1,0,1,0,1,0,0,0
0,0,0,0,-1.2409180113122174,0,0,-0.6795974226986006,-0.9726339361238363,1,1.046528124905155,-1.109762475828853,1,1,0.0,0,0,0,0,0,0,0,0,0,0,0,0,0,0,0,0,0,1,0,0
1,0,1,1,-1.2002122764736234,0,0,0.8269348926600121,-0.8999266720429989,1,1.9270159166812837,0.5079352703082123,1,1,0.0,0,0,1,0,0,1,0,1,0,0,0,0,0,1,0,0,0,1,0,0
0,1,1,0,1.1200146093262338,0,1,1.359530568023575,1.7998735077987593,1,-0.45982299069880067,1.0471678523539008,0,1,3.0,0,1,1,0,0,0,0,1,0,1,0,0,0,1,0,1,0,1,0,0
1,1,0,0,-1.2816237461508113,0,1,-0.8388783723400399,-0.991523783550994,0,1.623283615757965,-0.031297311737476054,1,1,0.0,1,0,0,0,0,0,0,0,0,1,0,0,0,0,0,1,0,1,0,1
1,1,1,0,0.9164859351332638,2,1,1.6150437580733834,1.752243009814602,1,-0.4261382603434526,1.5864004343995892,0,1,3.0,0,1,1,0,0,0,0,1,0,1,0,1,0,1,0,1,0,1,0,0
1,1,0,0,-1.2002122764736234,0,1,1.3296653899658049,-0.8797204589414748,1,2.363181258765481,1.0471678523539008,1,1,0.0,0,1,1,0,0,0,0,1,0,1,0,0,0,1,0,1,0,1,0,1
1,0,0,0,-1.2816237461508113,0,1,0.36402463276457964,-0.9756176983190668,1,3.7105435036196344,-0.5705298937831644,0,1,0.0,0,0,1,0,0,0,0,0,0,0,0,1,0,0,0,0,0,1,0,1
1,0,1,0,-0.7524491932490895,0,0,-0.6165487134655309,-0.7159426296223891,0,-0.303905031048381,-0.031297311737476054,0,1,1.0,1,0,0,0,0,0,0,0,0,0,0,0,0,1,0,1,0,1,0,1
1,0,1,1,-0.019745966154397852,0,1,1.1488151450604207,0.3972420029055531,1,-0.3123500365716834,0.5079352703082123,0,0,2.0,0,1,1,0,0,1,0,0,0,0,0,0,0,1,0,1,1,0,0,1
1,0,0,0,0.1023712383613841,0,0,-1.466047111553207,-0.6842620957259712,1,-0.5933703908224844,-1.109762475828853,0,0,2.0,0,0,0,1,1,0,1,0,1,0,1,0,1,0,1,0,0,0,0,0
0,0,1,1,1.0386031396490458,2,1,-0.3129194032115374,0.3806777348364426,0,-0.5514191644251089,1.0471678523539008,0,0,3.0,1,0,0,0,0,0,0,0,0,1,0,1,0,1,0,1,1,0,0,0
0,0,1,1,0.1023712383613841,2,1,-0.6165487134655309,-0.27963322685364744,0,-0.5114794281722793,0.5079352703082123,0,0,2.0,1,0,0,0,0,1,0,0,0,0,0,1,0,1,0,0,1,0,0,0
0,0,1,0,1.0793088744876398,1,1,0.5415565245524336,1.0268158260991878,1,-0.5038021504238227,-0.031297311737476054,0,0,3.0,0,0,1,0,0,1,0,0,0,1,0,0,0,0,0,0,1,0,0,0
0,0,1,0,-1.2409180113122174,0,1,0.1815152113004305,-0.9409972810832304,1,2.0426549127674134,-1.109762475828853,1,0,0.0,0,0,1,0,0,0,0,0,0,0,0,0,0,0,0,0,1,0,0,0
1,1,0,0,-0.3453918448631497,0,1,1.2616391510564402,0.0866016431829898,1,-0.1855214081671785,1.0471678523539008,0,0,1.0,0,1,1,0,0,0,0,1,0,1,0,0,0,1,0,1,1,0,0,1
0,0,1,1,0.8350744654560759,1,1,-1.4959122896109767,-0.5528229831404866,1,-0.6174151982152203,-1.109762475828853,0,0,3.0,0,0,0,1,1,0,1,0,1,0,1,0,1,0,1,0,0,0,0,0
0,0,0,1,-0.5896262538947137,1,0,-1.4859572302583868,-0.8374212419385014,1,-0.5376175284014002,-1.109762475828853,0,0,1.0,0,0,0,1,1,0,1,0,1,0,1,0,1,0,1,0,0,0,0,1
1,0,0,0,-1.2816237461508113,0,0,-0.5269531792922214,-0.9873991711046459,1,2.164531697024163,-0.5705298937831644,0,1,0.0,0,0,0,0,0,0,0,0,0,0,0,1,0,0,0,0,0,0,1,0
1,0,1,1,1.5270719577121736,1,0,0.44532428414406383,1.380698798224687,1,-0.5326662818178883,1.5864004343995892,0,0,3.0,0,1,0,0,0,1,0,1,0,1,0,1,0,0,0,1,0,0,0,0
0,1,0,0,0.7129572609402939,0,1,1.32800621340704,1.2825856766285786,1,-0.4227673547774285,1.0471678523539008,0,1,3.0,0,1,1,0,0,0,0,0,0,1,0,1,0,1,0,1,0,1,0,0
1,0,1,0,1.2828375486806096,2,1,0.3706613389996392,1.105512553998392,1,-0.5249220462299138,1.0471678523539008,0,0,3.0,0,1,0,0,0,0,0,1,0,1,0,1,0,1,0,0,0,0,0,0
1,0,1,0,1.6084834273893616,2,0,-0.7575787209605552,0.29076995927721777,0,-0.5933331437557824,0.5079352703082123,0,0,3.0,1,0,0,0,0,1,0,1,0,1,0,0,0,0,0,0,0,0,0,0
1,1,1,0,1.6084834273893616,2,1,0.659358060224748,1.6859639981102539,1,-0.5259729191271999,0.5079352703082123,0,0,3.0,0,0,1,0,0,1,0,1,0,0,0,1,0,0,0,0,1,0,0,0
1,1,1,0,-0.7117434584104956,0,1,0.6859048851649877,-0.41850980549930217,1,-0.043645315375698525,-0.5705298937831644,0,0,1.0,0,1,1,0,0,0,0,0,0,0,0,0,0,0,0,1,0,0,0,1
0,1,1,0,1.3235432835192036,0,0,1.3379612727596297,1.9688729209594982,1,-0.47610288127456124,1.0471678523539008,0,0,3.0,0,1,1,0,0,1,0,0,0,1,0,0,0,1,0,1,0,0,0,1
1,0,1,0,-0.1825689055087738,0,0,0.3855939280285242,-0.10264786193508552,1,-0.3557663659077835,-0.5705298937831644,0,0,2.0,0,0,1,0,0,0,0,0,0,0,0,1,0,0,0,0,0,0,0,0
1,0,0,0,-1.2002122764736234,0,0,0.689223238282518,-0.8962627875826792,1,1.8075382817209262,-0.031297311737476054,1,0,0.0,0,0,1,0,0,0,0,0,0,1,0,0,0,0,0,1,1,0,0,0
0,1,0,0,0.428017117070136,0,1,1.4341935131679995,1.009812769471955,1,-0.37669085861130647,1.5864004343995892,0,0,2.0,0,0,1,0,0,1,0,1,0,0,0,1,0,1,0,1,1,0,0,1
1,0,1,1,-0.22327464034736777,0,0,0.22133544871078992,-0.15016866277971247,1,-0.3652684153378315,0.5079352703082123,0,0,2.0,0,1,0,0,0,0,0,0,0,0,0,1,0,1,0,1,0,0,0,0
1,1,1,0,1.6084834273893616,2,1,1.3014593884668002,2.365340322650751,1,-0.4954478524629593,1.0471678523539008,0,0,3.0,0,1,1,0,0,0,0,1,0,1,0,0,0,1,0,1,0,0,0,1
0,0,0,0,-1.2816237461508113,0,0,-1.1624178012992135,-0.9958019719926847,0,1.061882680402068,-0.5705298937831644,1,1,0.0,1,0,0,0,0,1,0,0,0,0,0,0,0,0,0,0,0,0,1,0
0,0,0,0,0.7943687306174818,0,1,-0.18184445506910288,0.3266189844757959,1,-0.5305730352141369,-0.031297311737476054,0,1,3.0,0,0,0,0,0,0,0,0,0,1,0,0,0,0,0,1,0,1,0,0
1,0,0,0,-1.2409180113122174,0,1,0.6875640617237531,-0.9292816265813696,1,2.6280473410872376,-0.5705298937831644,1,1,0.0,0,1,1,0,0,0,0,0,0,0,0,0,0,1,0,0,0,1,0,1
1,0,0,0,-1.2002122764736234,0,0,-1.3216987509406526,-0.9739064229423904,0,0.06287691338413844,-1.109762475828853,1,1,0.0,1,0,0,0,0,0,0,0,0,0,0,0,0,0,0,0,0,1,0,0
1,1,1,0,-0.1418631706701798,0,1,0.642766294637098,0.025631973031919667,1,-0.3361495975918992,-0.5705298937831644,0,1,2.0,0,1,1,0,0,0,0,0,0,0,0,0,0,0,0,1,0,1,0,0
0,0,1,1,1.3235432835192036,2,0,-1.2918335728828827,-0.2827925044721268,1,-0.6143811225393783,-1.109762475828853,0,0,3.0,0,1,0,1,1,0,1,0,1,0,1,0,1,0,1,0,1,0,0,0
0,0,1,0,0.9164859351332638,1,1,0.03716685068787588,0.5102081171940959,1,-0.5239207309521445,0.5079352703082123,0,0,3.0,0,1,0,0,0,1,0,1,0,0,0,1,0,0,0,0,1,0,0,0
1,0,1,1,1.6084834273893616,2,0,-0.015926799192603674,1.0621602444559255,1,-0.5580755086164657,0.5079352703082123,0,0,3.0,0,1,0,0,0,1,0,1,0,1,0,0,0,0,0,0,1,0,0,0
0,0,0,0,1.2421318138420157,2,1,-1.4710246412295018,-0.439067049447324,1,-0.6226799980600821,-1.109762475828853,0,1,3.0,0,0,0,1,1,0,1,0,1,0,1,0,1,0,1,0,0,0,1,0
1,0,1,1,-1.1188008067964355,0,1,-0.3062826969764773,-0.8950999979036555,1,0.4093140717832475,-0.5705298937831644,0,1,0.0,0,1,0,0,0,0,0,0,0,0,0,1,0,0,0,0,0,0,1,0
1,0,0,0,1.0793088744876398,2,0,-1.5125040551986266,-0.5264298513694404,1,-0.6226080235811904,-1.109762475828853,0,1,3.0,0,0,0,1,1,0,1,0,1,0,1,0,1,0,1,0,0,0,1,1
0,0,1,1,1.4863662228735797,2,1,-0.6961891882862504,0.2899362610167857,0,-0.5874433496083484,0.5079352703082123,0,0,3.0,1,0,0,0,0,1,0,0,0,1,0,0,0,0,0,1,1,0,0,0
1,0,0,0,-0.22327464034736777,1,0,0.14667250356636527,-0.16324456181175198,1,-0.374522276909632,1.0471678523539008,0,0,2.0,0,0,0,0,0,1,0,0,0,1,0,1,0,1,0,0,1,0,0,0
1,0,0,0,-0.7117434584104956,1,0,-0.4705411762942116,-0.7069474641808854,0,-0.29447637431355767,0.5079352703082123,0,1,1.0,1,0,0,0,0,0,0,0,0,1,0,0,0,1,0,1,0,1,0,0
1,0,0,1,-1.2816237461508113,0,1,-1.5141632317573919,-1.0004531307087794,1,0.4515390993997595,-1.109762475828853,0,1,0.0,0,0,0,1,1,0,1,0,1,0,1,0,1,0,1,0,0,0,1,0
0,0,0,0,0.30589991255435406,1,1,-0.4871329418818615,-0.12101116309249679,1,-0.5186066570576607,-0.5705298937831644,0,1,2.0,0,0,0,0,0,0,0,0,0,1,0,0,0,0,0,0,0,0,1,0
0,0,0,0,-1.2002122764736234,0,1,0.3441145140593994,-0.9018134628429242,1,1.5081244495311144,1.0471678523539008,0,1,0.0,0,0,0,0,0,0,0,1,0,0,0,1,0,1,0,1,0,1,0,0
1,0,0,0,-1.0373893371192475,0,0,-0.6978483648450156,-0.886763015299335,1,-0.02781093001950654,-1.109762475828853,1,1,1.0,0,0,0,0,0,0,0,0,0,0,0,0,0,0,0,0,0,0,1,0
1,0,1,0,-0.1825689055087738,0,0,1.050923728093286,0.16894031611460786,1,-0.2761477009819781,0.5079352703082123,0,0,2.0,0,1,1,0,0,0,0,1,0,1,0,0,0,1,0,0,1,0,0,0
0,0,0,0,0.5094285867473239,1,1,-0.07897550842567357,0.2181285134800988,1,-0.5031554232221864,0.5079352703082123,0,0,2.0,0,0,0,0,0,1,0,1,0,0,0,1,0,0,0,0,1,0,0,0
0,0,0,0,-1.1188008067964355,0,0,-0.8438559020163349,-0.9164470612562973,0,0.09838432297075066,-0.031297311737476054,1,1,0.0,1,0,0,0,0,0,0,0,0,1,0,0,0,0,0,1,0,1,0,1
1,0,0,0,-0.8338606629262776,0,0,-0.27475834235994256,-0.7215810625942586,1,-0.15791864186234267,-0.031297311737476054,0,1,1.0,0,0,0,0,0,1,0,0,0,0,0,1,0,0,0,0,0,0,1,1
0,0,1,0,-0.4675090493789317,0,1,0.9746016063900964,-0.15400806266328113,1,-0.16613279218062152,-0.031297311737476054,0,1,1.0,0,1,1,0,0,0,0,0,0,0,0,0,0,1,0,1,0,1,0,0
1,0,1,1,1.5270719577121736,2,0,-1.3117436915880627,-0.22697859987899163,1,-0.6185490684617158,-1.109762475828853,0,1,3.0,0,1,0,1,1,0,1,0,1,0,1,0,1,0,1,0,0,0,1,0
0,0,1,0,1.5270719577121736,1,1,1.085766435827351,2.0549193572072486,1,-0.5013624521252374,0.5079352703082123,0,1,3.0,0,1,1,0,0,0,0,0,0,1,0,0,0,1,0,1,0,1,0,0
1,0,0,0,1.2828375486806096,2,0,1.1388600857078308,1.8649019721124596,1,-0.48390766625835074,1.0471678523539008,0,0,3.0,0,1,1,0,0,1,0,0,0,1,0,1,0,0,0,1,1,0,0,0
0,0,1,0,1.5270719577121736,2,0,0.7141108866639929,1.6019579286577719,1,-0.5195284051075012,2.1256330164452777,0,0,3.0,0,0,0,0,0,1,0,1,0,1,0,1,0,1,0,1,1,0,0,0
1,0,1,0,1.6084834273893616,2,1,1.679751643865218,2.68800348886586,1,-0.4774640922576702,2.1256330164452777,0,1,3.0,0,1,1,0,0,1,0,1,0,1,0,1,0,1,0,1,0,1,0,0
0,0,0,0,-0.6303319887333076,0,0,-1.5008898192872717,-0.859580064123669,1,-0.5337115449855186,-1.109762475828853,0,0,1.0,0,0,0,1,1,0,1,0,1,0,1,0,1,0,1,0,1,0,0,0
1,0,0,1,-1.2816237461508113,0,0,-1.466047111553207,-0.9998168872995024,1,0.5350294949142262,-1.109762475828853,0,1,0.0,0,0,0,1,1,0,1,0,1,0,1,0,1,0,1,0,0,0,1,0
1,0,1,1,0.18378270803857208,1,0,-1.497571466169742,-0.7118399566039473,1,-0.5997428680764116,-1.109762475828853,0,0,2.0,0,0,0,1,1,0,1,0,1,0,1,0,1,0,1,0,1,0,0,0
1,0,0,0,-0.9966836022806536,0,1,-1.4760021709057967,-0.9377063668973145,1,-0.39807963809611674,-1.109762475828853,0,0,1.0,0,0,0,1,1,0,1,0,1,0,1,0,1,0,1,0,1,0,0,0
1,0,1,0,0.22448844287716607,0,0,0.888324425334317,0.5176455832542661,1,-0.38897517409954946,-0.031297311737476054,0,0,2.0,0,1,1,0,0,1,0,0,0,0,0,0,0,1,0,0,0,0,0,0
1,0,1,0,-0.3453918448631497,0,1,0.8070247739548323,-0.039111278719000955,1,-0.24862863125949272,0.5079352703082123,0,1,1.0,0,0,1,0,0,1,0,0,0,0,0,1,0,0,0,1,0,1,0,0
0,0,0,0,-1.1188008067964355,0,1,1.1803394996769556,-0.7833844310057608,1,1.2691691796103992,0.5079352703082123,1,1,0.0,0,1,1,0,0,0,0,0,0,1,0,0,0,1,0,1,0,1,0,1
1,0,0,1,0.8350744654560759,2,0,-1.4992306427285067,-0.5471626107407112,1,-0.6176284559304552,-1.109762475828853,0,0,3.0,0,0,0,1,1,0,1,0,1,0,1,0,1,0,1,0,0,0,0,1
0,0,1,1,-0.8338606629262776,0,0,-1.185646273121923,-0.8732922065649856,0,-0.4010816505490389,-0.5705298937831644,0,1,1.0,1,0,0,0,0,0,0,1,0,0,0,0,0,0,0,0,0,0,1,1
1,0,1,0,0.06166550352279012,2,0,-1.4892755833759168,-0.7109843189156091,1,-0.5937771037508252,-1.109762475828853,0,0,2.0,0,0,0,1,1,0,1,0,1,0,1,0,1,0,1,0,1,0,0,0
1,0,0,1,1.5270719577121736,2,1,1.6482272892486831,2.449829059517167,1,-0.47387022863868644,2.1256330164452777,0,1,3.0,0,1,1,0,0,1,0,1,0,1,0,1,0,1,0,1,0,1,0,0
1,0,0,0,-1.2002122764736234,0,0,-1.4677062881119718,-0.9836914077885139,1,-0.06379816946539738,-1.109762475828853,0,1,0.0,0,0,0,1,1,0,1,0,1,0,1,0,1,0,1,0,0,0,1,0
0,0,1,1,0.9164859351332638,2,1,0.6693131195773377,1.034933414424447,1,-0.48474605029818907,1.5864004343995892,0,0,3.0,0,1,0,0,0,1,0,0,0,1,0,1,0,1,0,1,0,0,0,0
0,1,1,0,0.631545791263106,0,0,1.742800353098288,1.3776053388899259,1,-0.38371738380478615,2.1256330164452777,0,1,2.0,0,1,1,0,0,1,0,1,0,1,0,1,0,1,0,1,0,1,0,1
0,0,1,1,1.4456604880349857,1,1,0.5996277041092083,1.4859422338902804,1,-0.5212220605324134,-0.5705298937831644,0,1,3.0,0,1,1,0,0,0,0,0,0,0,0,0,0,1,0,0,0,1,0,1
0,0,1,0,0.9571916699718578,1,0,-1.3482455758808924,-0.4553022260978429,1,-0.6106526838242186,-1.109762475828853,0,1,3.0,0,1,0,1,1,0,1,0,1,0,1,0,1,0,1,0,0,1,0,0
0,0,1,0,-1.0373893371192475,0,1,0.7157700632227577,-0.7533274147743948,1,0.5854116301384734,-0.5705298937831644,1,1,1.0,0,1,1,0,0,0,0,0,0,0,0,0,0,1,0,0,0,1,0,1
1,0,0,0,0.1023712383613841,1,1,1.24172903235126,0.5821694407261254,1,-0.3323429473749561,1.0471678523539008,0,0,2.0,0,0,1,0,0,0,0,1,0,1,0,0,0,1,0,1,0,0,0,1
0,1,0,0,-1.2409180113122174,0,1,0.7837963021321224,-0.9302689008371444,1,2.7393678684398597,-0.031297311737476054,1,1,0.0,0,1,1,0,0,0,0,0,0,1,0,0,0,0,0,1,0,1,0,1
0,0,0,0,-0.4675090493789317,0,1,0.8335715988950722,-0.1915025449548172,1,-0.1883794492926268,0.5079352703082123,0,1,1.0,0,0,1,0,0,0,0,1,0,1,0,0,0,0,0,1,0,1,0,0
1,0,1,1,0.6722515261016999,0,1,-0.8538109613689248,-0.20236256176833997,0,-0.5694620683674988,-0.031297311737476054,0,1,3.0,1,0,0,0,0,1,0,0,0,0,0,0,0,0,0,1,0,1,0,0
1,0,1,1,1.1200146093262338,2,0,-1.5025489958460367,-0.49915914248214993,1,-0.6226505003228314,-1.109762475828853,0,0,3.0,0,0,0,1,1,0,1,0,1,0,1,0,1,0,1,0,1,0,0,0
1,1,0,0,-0.019745966154397852,0,1,0.5365789948761385,0.14037518098085713,1,-0.3767344795076045,-0.5705298937831644,0,0,2.0,0,1,1,0,0,0,0,0,0,1,0,0,0,0,0,0,1,0,0,0
1,0,1,0,0.8757802002946699,0,1,1.3064369181430948,1.3070700781717932,1,-0.4413631994627946,1.0471678523539008,0,1,3.0,0,1,1,0,0,0,0,1,0,1,0,0,0,1,0,1,0,1,0,1
0,0,1,1,0.590840056424512,2,1,-0.16359351292268806,0.20593019156430364,0,-0.5157978969057863,1.5864004343995892,0,0,2.0,1,0,0,0,0,1,0,1,0,1,0,0,0,1,0,1,1,0,0,0
0,0,0,1,-0.30468611002455576,1,1,-0.3378070515930122,-0.453261859302575,1,-0.4172482258078083,-0.031297311737476054,0,0,2.0,0,0,0,0,0,0,0,1,0,0,0,1,0,0,0,0,1,0,0,0
1,0,0,0,-1.1595065416350294,0,1,-0.6679831867872458,-0.931607205939417,1,0.3720792747032324,-1.109762475828853,1,0,0.0,0,0,0,0,0,0,0,0,0,0,0,0,0,0,0,0,1,0,0,0
1,0,0,0,1.6084834273893616,2,0,-1.4959122896109767,-0.3796550786775874,1,-0.6284330266125965,-1.109762475828853,0,0,3.0,0,0,0,1,1,0,1,0,1,0,1,0,1,0,1,0,0,0,0,0
0,0,0,0,-1.2816237461508113,0,1,0.19478862377055015,-0.9778555199654896,1,3.4168876297411646,-1.109762475828853,1,1,0.0,0,0,1,0,0,0,0,0,0,0,0,0,0,0,0,0,0,0,1,1
1,0,0,0,-0.5896262538947137,0,0,0.642766294637098,-0.33410882634451006,1,-0.14880381716705954,-0.5705298937831644,0,0,1.0,0,1,1,0,0,0,0,0,0,0,0,0,0,1,0,0,0,0,0,0
0,0,0,0,-1.2816237461508113,0,1,-1.3200395743818876,-0.9978862176437648,0,0.7883796606132977,-1.109762475828853,1,1,0.0,1,0,0,0,0,0,0,0,0,0,0,0,0,0,0,0,0,0,1,0
1,0,1,1,-1.0373893371192475,0,0,-0.20175457377428285,-0.8045779183630597,0,0.18739276186692072,1.5864004343995892,1,1,1.0,1,0,0,0,0,1,0,1,0,1,0,0,0,1,0,1,0,0,1,0
1,0,1,1,1.1200146093262338,2,1,-1.459410405318147,-0.45141894735846205,1,-0.6201962885835707,-1.109762475828853,0,0,3.0,0,0,0,1,1,0,1,0,1,0,1,0,1,0,1,0,0,0,0,0
1,0,0,0,-0.9559778674420595,0,1,0.6776090023711627,-0.6760567496890874,1,0.32313662905682095,-0.5705298937831644,1,1,1.0,0,1,1,0,0,0,0,0,0,0,0,0,0,1,0,0,0,1,0,1
1,1,1,0,-0.1418631706701798,0,1,-0.4423351747952067,-0.37618864906842253,1,-0.4616730887791665,-1.109762475828853,0,1,2.0,0,1,0,0,0,0,0,0,0,0,0,0,0,0,0,0,0,1,0,0
0,0,1,1,0.7536629957788878,1,1,0.8368899520126024,0.9896943140820555,1,-0.4601007232402999,-0.031297311737476054,0,1,3.0,0,1,1,0,0,0,0,0,0,1,0,0,0,0,0,1,0,1,0,0
1,1,0,0,-1.1595065416350294,0,1,-1.3183803978231226,-0.963945922673018,0,-0.0793446569060222,-1.109762475828853,1,0,0.0,1,0,0,0,0,0,0,0,0,0,0,0,0,0,0,0,0,0,0,1
0,0,0,0,0.18378270803857208,2,0,-1.4959122896109767,-0.6648018231732546,1,-0.5995913428576921,-1.109762475828853,0,1,2.0,0,0,0,1,1,0,1,0,1,0,1,0,1,0,1,0,0,0,1,0
0,0,0,0,0.7129572609402939,1,0,-1.4992306427285067,-0.5749379264698421,1,-0.6151509030622849,-1.109762475828853,0,0,3.0,0,0,0,1,1,0,1,0,1,0,1,0,1,0,1,0,0,0,0,0
1,0,1,1,0.9571916699718578,1,1,-0.9566799080123543,-0.14385010754275374,0,-0.5868127160790109,-0.031297311737476054,0,0,3.0,1,0,0,0,0,0,0,1,0,1,0,0,0,0,0,0,1,0,0,0
1,0,1,1,-0.8745663977648716,0,0,-1.459410405318147,-0.8916116288665846,1,-0.45869814365163947,-1.109762475828853,0,0,1.0,0,0,0,1,1,0,1,0,1,0,1,0,1,0,1,0,0,0,0,0
1,0,1,1,0.1023712383613841,0,1,0.8202981864249524,0.37835215547839524,1,-0.3729685421272062,-0.031297311737476054,0,0,2.0,0,1,1,0,0,0,0,1,0,0,0,0,0,1,0,0,0,0,0,0
1,0,1,1,0.7129572609402939,0,1,1.2915043291142099,1.1928753559205083,1,-0.425251179931341,1.0471678523539008,0,0,3.0,0,1,1,0,0,0,0,1,0,1,0,0,0,1,0,1,0,0,0,1
1,0,0,1,-1.2816237461508113,0,1,0.3125901594428645,-0.976297820584156,1,3.6212951497938244,-1.109762475828853,1,1,0.0,0,1,1,0,0,0,0,0,0,0,0,0,0,0,0,0,0,1,0,1
1,0,1,1,0.7536629957788878,1,0,-0.18682198474539805,0.3138721768623481,0,-0.5284211132037295,1.5864004343995892,0,1,3.0,1,0,0,0,0,1,0,1,0,1,0,0,0,1,0,1,0,1,0,1
0,0,0,0,0.590840056424512,2,0,0.3026351000902746,0.5252146858818729,1,-0.48208984929146853,1.0471678523539008,0,1,2.0,0,1,0,0,0,1,0,1,0,0,0,1,0,0,0,1,0,0,1,0
0,1,0,0,-0.019745966154397852,0,0,-0.34112540471054226,-0.2058948096612232,1,-0.4690362960742772,-0.031297311737476054,0,0,2.0,0,0,0,0,0,0,0,1,0,0,0,1,0,0,0,0,0,0,0,0
0,0,1,1,1.4049547531963917,2,1,-0.1785261019515731,0.7918226137968799,0,-0.5588979083833355,1.5864004343995892,0,1,3.0,1,0,0,0,0,0,0,1,0,1,0,1,0,1,0,1,0,1,0,0
0,0,1,1,0.7129572609402939,1,1,0.5017362871420736,0.7647493597607444,1,-0.478992124170538,1.5864004343995892,0,0,3.0,0,1,0,0,0,1,0,1,0,1,0,1,0,0,0,1,0,0,0,0
1,0,0,0,-1.2002122764736234,0,1,1.2151822074110203,-0.8780091835647985,1,2.263856477894822,0.5079352703082123,1,0,0.0,0,1,1,0,0,0,0,0,0,1,0,0,0,1,0,1,0,0,0,1
0,0,0,1,-1.1595065416350294,0,0,0.634470411843273,-0.8625638263188995,1,1.2760787295840101,-0.031297311737476054,1,0,0.0,0,1,1,0,0,0,0,1,0,1,0,0,0,0,0,0,0,0,0,1
0,1,1,1,-0.7524491932490895,0,1,1.0243769031530463,-0.41818071408071056,1,0.0757363536128034,-0.031297311737476054,0,1,1.0,0,1,1,0,0,0,0,0,0,0,0,0,0,1,0,1,0,1,0,0
1,1,0,0,0.26519417771576004,0,0,0.8551408941590172,0.4887732961298298,1,-0.39862344526996574,-0.031297311737476054,0,1,2.0,0,1,1,0,0,0,0,1,0,0,0,0,0,0,0,1,0,1,0,0
0,0,1,0,-1.2816237461508113,0,1,-0.37762728900337217,-0.9854246225930963,1,2.4236398210345773,-0.031297311737476054,1,1,0.0,0,0,0,0,0,1,0,1,0,0,0,0,0,0,0,0,0,0,1,0
1,0,1,0,-0.3453918448631497,0,1,1.1985904418233704,0.040572723435978335,1,-0.19427350480041922,0.5079352703082123,0,1,1.0,0,1,1,0,0,0,0,0,0,1,0,0,0,1,0,1,0,1,0,1
1,0,1,1,-0.30468611002455576,0,0,0.695859944517578,-0.04400377114206257,1,-0.2792786862706391,-0.031297311737476054,0,1,2.0,0,0,1,0,0,0,0,0,0,0,0,1,0,1,0,0,0,1,0,0
1,0,1,0,1.2421318138420157,1,0,0.5000771105833088,1.202660340766632,1,-0.5157978969057863,1.5864004343995892,0,0,3.0,0,1,0,0,0,1,0,1,0,1,0,1,0,0,0,1,1,0,0,0
1,0,1,0,-1.1188008067964355,0,1,0.5432157011111984,-0.8262540731342931,1,0.900659847684477,-0.5705298937831644,1,1,0.0,0,1,1,0,0,0,0,1,0,0,0,0,0,0,0,0,0,1,0,1
0,0,0,0,-0.7117434584104956,0,1,-0.5252940027334563,-0.7107429852086419,1,-0.3063521633307016,-1.109762475828853,0,1,1.0,0,1,0,0,0,0,0,0,0,0,0,0,0,0,0,0,0,1,0,1
1,0,1,1,-1.0373893371192475,1,1,-0.5037247074695115,-0.8635511005746743,1,0.05639921028387805,-0.5705298937831644,0,1,1.0,0,0,0,0,0,1,0,0,0,0,0,0,0,0,0,0,0,1,0,1
0,0,1,1,1.4049547531963917,2,0,1.3860773929638146,2.066766648276546,1,-0.47904857474221774,1.0471678523539008,0,0,3.0,0,1,1,0,0,1,0,0,0,0,0,1,0,1,0,1,1,0,0,0
0,0,0,0,-1.2816237461508113,0,1,0.14169497389007057,-0.978557581658485,1,3.3247602967596843,-1.109762475828853,1,1,0.0,0,0,1,0,0,0,0,0,0,0,0,0,0,0,0,0,0,1,0,1
0,0,1,1,-1.2816237461508113,0,1,-1.4743429943470319,-0.9999265844390328,1,0.5206345991358698,-1.109762475828853,0,1,0.0,0,0,0,1,1,0,1,0,1,0,1,0,1,0,1,0,0,0,1,1
1,0,0,0,-0.9152721326034655,0,1,-0.2714399892424126,-0.7881014080055737,1,-0.06563024710991543,-0.5705298937831644,1,0,1.0,0,0,0,0,0,0,0,0,0,0,0,0,0,0,0,1,0,0,0,0
1,0,1,0,0.346605647392948,2,1,-1.4992306427285067,-0.6142533812775851,1,-0.6055946277136283,-1.109762475828853,0,1,2.0,0,0,0,1,1,0,1,0,1,0,1,0,1,0,1,0,0,1,0,0
1,0,1,1,1.1200146093262338,2,0,0.39886734049864436,0.9849115187985241,1,-0.5144763982769536,1.0471678523539008,0,0,3.0,0,0,0,0,0,0,0,1,0,0,0,1,0,1,0,1,0,0,0,0
1,0,1,0,-0.4268033145403377,0,1,0.6693131195773377,-0.1867636285270982,1,-0.23365793965000214,-0.5705298937831644,0,1,1.0,0,1,1,0,0,0,0,0,0,0,0,0,0,0,0,1,0,1,0,1
0,1,0,0,-0.9966836022806536,0,1,0.3026351000902746,-0.7455827967235391,1,0.2877571740993496,-0.5705298937831644,1,0,1.0,0,0,1,0,0,0,0,0,0,1,0,0,0,0,0,0,0,0,0,0
0,0,0,0,-0.9152721326034655,0,1,0.5017362871420736,-0.6444200946484816,1,0.1782978049887774,-0.5705298937831644,1,0,1.0,0,1,1,0,0,0,0,1,0,0,0,0,0,0,0,0,0,0,0,1
0,1,1,0,1.2828375486806096,1,0,1.064197140563406,1.8128835885470804,1,-0.4878939450892802,1.0471678523539008,0,0,3.0,0,0,1,0,0,1,0,1,0,1,0,0,0,0,0,1,0,0,0,0
1,1,1,0,-0.8338606629262776,0,1,1.2085455011759603,-0.4742359523808129,1,0.2380517220099824,0.5079352703082123,0,1,1.0,0,1,1,0,0,0,0,1,0,0,0,0,0,1,0,1,0,1,0,1
0,0,1,1,0.590840056424512,2,1,0.6759498258123978,0.7932925554665892,1,-0.4550994197070504,1.5864004343995892,0,0,2.0,0,1,0,0,0,1,0,1,0,0,0,1,0,1,0,1,1,0,0,0
0,0,1,0,-0.3453918448631497,0,1,0.14999085668389553,-0.3006950776435098,1,-0.3398346909111585,0.5079352703082123,0,0,1.0,0,0,0,0,0,0,0,1,0,0,0,0,0,1,0,1,0,0,0,0
0,0,1,1,-1.2409180113122174,0,1,0.2229946252695553,-0.9493562031154571,1,2.090637898695268,-1.109762475828853,1,1,0.0,0,0,1,0,0,0,0,0,0,0,0,0,0,0,0,0,0,1,0,0
0,0,0,0,-0.22327464034736777,0,1,1.0177401969179862,0.12984425558592597,1,-0.2665605585719595,-0.031297311737476054,0,0,2.0,0,1,1,0,0,0,0,0,0,0,0,0,0,1,0,1,0,0,0,0
1,0,0,0,-0.4268033145403377,1,1,-0.7028258945213105,-0.6124324087613783,0,-0.4406940928447967,0.5079352703082123,0,0,1.0,1,0,0,0,0,0,0,1,0,1,0,0,0,0,0,1,0,0,0,1
0,0,1,0,1.6084834273893616,2,1,1.517152341106249,2.5301931839372354,1,-0.4851939541002945,1.5864004343995892,0,0,3.0,0,1,1,0,0,1,0,1,0,1,0,0,0,1,0,1,1,0,0,0
1,0,1,0,-1.2409180113122174,0,1,-0.024222681986428636,-0.9458897735062922,1,1.8046593025652553,0.5079352703082123,0,1,0.0,0,0,0,0,0,0,0,1,0,0,0,1,0,0,0,1,0,0,1,0
1,0,0,0,-0.2639803751859618,0,1,0.6311520587257433,-0.01980458216162716,1,-0.301687150809938,-0.5705298937831644,0,1,2.0,0,1,1,0,0,0,0,0,0,0,0,0,0,0,0,1,0,1,0,1
1,0,0,0,-1.2409180113122174,0,0,0.8568000707177821,-0.932243449348694,1,2.8238179236728835,-0.031297311737476054,1,1,0.0,0,1,1,0,0,1,0,0,0,0,0,0,0,0,0,1,0,0,1,0
0,1,0,0,-1.2816237461508113,0,1,-1.5091857020810966,-1.000387312425061,1,0.4601760368667732,-1.109762475828853,0,1,0.0,0,0,0,1,1,0,1,0,1,0,1,0,1,0,1,0,0,1,0,1
1,0,0,0,-0.22327464034736777,0,0,-0.18184445506910288,-0.3017481701830028,1,-0.41523926782555415,-0.031297311737476054,0,1,2.0,0,1,0,0,0,0,0,0,0,1,0,1,0,0,0,0,0,1,0,0
1,1,0,0,-1.2816237461508113,0,1,0.9646465470375066,-0.9676756254170562,1,4.752733957972633,-0.031297311737476054,1,1,0.0,0,1,1,0,0,0,0,0,0,0,0,0,0,1,0,1,0,1,0,1
1,0,0,0,0.7943687306174818,2,0,-1.457751228759382,-0.5230950583277122,1,-0.6141177510900314,-1.109762475828853,0,0,3.0,0,0,0,1,1,0,1,0,1,0,1,0,1,0,1,0,0,0,0,0
0,0,1,0,-0.6710377235719016,0,1,0.9862158423014517,-0.3677858481803836,1,-0.018581261549854438,0.5079352703082123,0,0,1.0,0,0,1,0,0,0,0,1,0,0,0,0,0,1,0,1,0,0,0,0
0,0,0,0,-1.0780950719578415,2,0,-1.5025489958460367,-0.9576493068639654,1,-0.3364786237811188,-1.109762475828853,0,0,0.0,0,0,0,1,1,0,1,0,1,0,1,0,1,0,1,0,1,0,0,0
1,1,0,0,-0.22327464034736777,0,1,0.5481932307874936,-0.07779049011746672,1,-0.3247570657901715,-0.5705298937831644,0,1,2.0,0,1,1,0,0,0,0,1,0,0,0,0,0,0,0,0,0,1,0,1
0,0,1,1,-0.38609757970174374,1,0,-1.4892755833759168,-0.8267806194040397,1,-0.5635409679040015,-1.109762475828853,0,1,1.0,0,0,0,1,1,0,1,0,1,0,1,0,1,0,1,0,0,0,1,0
1,0,0,1,-1.2816237461508113,0,0,-1.5058673489635668,-1.0003434335692487,1,0.46593399517811585,-1.109762475828853,0,1,0.0,0,0,0,1,1,0,1,0,1,0,1,0,1,0,1,0,0,0,1,0
1,0,0,1,-0.019745966154397852,2,0,-1.4743429943470319,-0.7031738825810351,1,-0.5882085847605485,-1.109762475828853,0,1,2.0,0,0,0,1,1,0,1,0,1,0,1,0,1,0,1,0,0,0,1,0
0,0,1,0,1.5677776925507676,2,1,-1.2934927494416477,-0.21826864700026724,1,-0.6182415718617555,-1.109762475828853,0,0,3.0,0,1,0,1,1,0,1,0,1,0,1,0,1,0,1,0,1,0,0,0
0,0,0,0,-0.6303319887333076,2,0,-1.5108448786398618,-0.8518135066449073,1,-0.5356308644226329,-1.109762475828853,0,1,1.0,0,0,0,1,1,0,1,0,1,0,1,0,1,0,1,0,0,0,1,0
0,1,0,0,0.590840056424512,0,1,0.6726314726948681,0.7327836133015472,1,-0.4553393346366897,-0.031297311737476054,0,0,2.0,0,1,1,0,0,0,0,1,0,1,0,0,0,0,0,0,0,0,0,1
1,0,0,0,-0.10115743583158582,1,0,0.8451858348064274,0.22874719658665452,1,-0.32392786672459795,0.5079352703082123,0,0,2.0,0,1,1,0,0,1,0,1,0,1,0,0,0,0,0,0,0,0,0,0
1,0,1,0,-0.9966836022806536,0,0,0.3341594547068096,-0.7311905320171332,1,0.29991286386773947,-0.5705298937831644,1,1,1.0,0,0,1,0,0,1,0,0,0,0,0,0,0,0,0,0,0,1,0,1
0,0,1,1,0.020959768684196134,2,0,-1.497571466169742,-0.7275047081289073,1,-0.5926835755337131,-1.109762475828853,0,0,2.0,0,0,0,1,1,0,1,0,1,0,1,0,1,0,1,0,1,0,0,0
0,0,1,1,-0.7931549280876836,0,0,0.7771595958970623,-0.4723711010087938,1,0.06698974074938299,-0.031297311737476054,0,1,1.0,0,0,1,0,0,0,0,0,0,0,0,0,0,1,0,1,0,1,0,1
1,0,0,0,-1.1188008067964355,0,1,0.32254521879545484,-0.8405805195569807,1,0.7730251051163844,-0.5705298937831644,1,1,0.0,0,0,1,0,0,0,0,1,0,0,0,0,0,0,0,0,0,1,0,0
1,0,0,0,-1.2816237461508113,0,0,-1.4909347599346818,-1.000145978718094,1,0.4918448075791572,-1.109762475828853,0,1,0.0,0,0,0,1,1,0,1,0,1,0,1,0,1,0,1,0,0,0,1,0
0,0,1,1,1.6084834273893616,2,1,0.008960849188871207,1.0904401670268968,0,-0.5568923664976968,2.1256330164452777,0,0,3.0,1,0,0,0,0,1,0,1,0,1,0,1,0,1,0,1,1,0,0,0
0,1,0,0,-0.7117434584104956,0,0,-0.3295111687991873,-0.6767149325262706,1,-0.2638872207845504,-0.5705298937831644,0,0,1.0,0,1,0,0,0,0,0,0,0,0,0,1,0,0,0,0,1,0,0,1
1,0,0,0,-1.2816237461508113,0,1,0.14667250356636527,-0.9784917633747667,1,3.3333972342266973,-1.109762475828853,1,1,0.0,0,0,1,0,0,0,0,0,0,0,0,0,0,0,0,0,0,1,0,1
1,0,0,0,0.346605647392948,1,1,0.8169798333074222,0.6276498747754845,1,-0.41421106098424304,0.5079352703082123,0,1,2.0,0,0,1,0,0,0,0,1,0,0,0,1,0,1,0,0,0,1,0,0
0,1,0,0,1.5677776925507676,1,1,1.152133498177951,2.142128583134022,1,-0.5003633697656598,1.0471678523539008,0,0,3.0,0,1,1,0,0,1,0,1,0,0,0,1,0,1,0,0,1,0,0,0
0,0,0,0,-1.2409180113122174,0,1,-0.6530505977583607,-0.9763636388678745,1,1.0772372358989817,-1.109762475828853,1,1,0.0,0,0,0,0,0,0,0,0,0,0,0,0,0,0,0,0,0,0,1,0
1,0,0,0,-0.9152721326034655,0,1,-0.6430955384057709,-0.8322654763805664,1,-0.18288321635907254,-1.109762475828853,1,1,1.0,0,0,0,0,0,0,0,0,0,0,0,0,0,0,0,0,0,1,0,1
1,0,1,0,0.9571916699718578,1,1,0.9364405455385019,1.2964513950652377,1,-0.47155253303968053,0.5079352703082123,0,1,3.0,0,1,1,0,0,1,0,1,0,1,0,0,0,0,0,0,0,1,0,0
0,1,0,0,-1.2816237461508113,0,1,0.16658262227154547,-0.9782284902398936,1,3.3679449840947533,-1.109762475828853,1,1,0.0,0,0,1,0,0,0,0,0,0,0,0,0,0,0,0,0,0,1,0,1
0,0,1,1,1.2828375486806096,2,1,0.8518225410414869,1.543708747567059,1,-0.499232693763924,2.1256330164452777,0,1,3.0,0,1,0,0,0,1,0,1,0,1,0,1,0,1,0,1,0,0,1,0
1,1,1,0,1.2421318138420157,2,0,1.4458077490793544,2.0590439696535965,1,-0.46451608069539185,1.5864004343995892,0,0,3.0,0,1,1,0,0,1,0,1,0,1,0,0,0,1,0,1,1,0,0,0
1,0,0,0,-1.2816237461508113,0,0,-1.5141632317573919,-1.0004531307087794,1,0.4515390993997595,-1.109762475828853,0,0,0.0,0,0,0,1,1,0,1,0,1,0,1,0,1,0,1,0,1,0,0,0
0,1,0,0,-0.6710377235719016,0,1,-0.3593763468569571,-0.6188387217099613,1,-0.29326974334390127,-0.5705298937831644,0,1,1.0,0,1,0,0,0,1,0,0,0,0,0,0,0,0,0,0,0,1,0,0
0,0,1,1,-0.2639803751859618,0,0,0.5647849963751436,-0.10060749513981757,1,-0.3102174594193343,-0.031297311737476054,0,1,2.0,0,0,1,0,0,1,0,1,0,0,0,0,0,0,0,0,0,1,0,0
1,0,1,0,1.5677776925507676,2,0,0.007301672630106309,1.0453765821077539,1,-0.5555438035826924,0.5079352703082123,0,0,3.0,0,1,0,0,0,1,0,1,0,0,0,1,0,0,0,0,0,0,0,0
1,0,1,1,1.4456604880349857,2,1,0.7937513614847123,1.682036840515061,1,-0.5114585660044847,2.1256330164452777,0,0,3.0,0,1,0,0,0,1,0,1,0,1,0,1,0,1,0,1,1,0,0,0
1,0,0,0,-0.5489205190561197,0,0,-0.1785261019515731,-0.5066843662539445,1,-0.3168604372489017,-0.031297311737476054,0,1,1.0,0,1,0,0,0,0,0,0,0,1,0,1,0,0,0,0,0,1,0,0
0,0,0,0,0.631545791263106,1,0,-1.3399496930870676,-0.48064226532939597,1,-0.6020497622226316,-1.109762475828853,0,0,2.0,0,1,0,1,1,0,1,0,1,0,1,0,1,0,1,0,0,0,0,0
1,0,1,0,1.5677776925507676,2,0,0.850163364482722,1.801080176333595,1,-0.5149182088304424,2.1256330164452777,0,0,3.0,0,1,0,0,0,1,0,1,0,1,0,1,0,1,0,1,0,0,0,0
1,1,1,1,1.6084834273893616,2,1,1.686388350100278,2.6765291680709664,1,-0.47714858769266516,2.1256330164452777,0,0,3.0,0,1,1,0,0,1,0,1,0,1,0,1,0,1,0,1,1,0,0,0
1,0,0,0,-0.6303319887333076,0,1,1.3844182164050498,-0.27522340184452004,1,0.022571205204740742,1.5864004343995892,0,0,1.0,0,1,1,0,0,1,0,1,0,1,0,1,0,1,0,0,0,0,0,0
1,0,1,1,0.26519417771576004,2,0,-1.3183803978231226,-0.5754205938837764,1,-0.5871965799664337,-1.109762475828853,0,1,2.0,0,1,0,1,1,0,1,0,1,0,1,0,1,0,1,0,0,0,1,0
0,0,0,0,-0.7931549280876836,1,0,-1.4842980536996218,-0.889022776373664,1,-0.4935886291334651,-1.109762475828853,0,1,1.0,0,0,0,1,1,0,1,0,1,0,1,0,1,0,1,0,0,0,1,0
1,0,0,0,0.590840056424512,1,1,1.266616680732735,1.1364471473460025,1,-0.41239456223126,1.0471678523539008,0,1,2.0,0,1,1,0,0,0,0,1,0,1,0,0,0,1,0,1,0,1,0,0
1,0,0,0,0.1023712383613841,2,0,-1.442818639730497,-0.6993783615532787,1,-0.5911311848125178,-1.109762475828853,0,0,2.0,0,0,0,1,1,0,1,0,1,0,1,0,1,0,1,0,0,0,0,0
1,0,0,0,-0.9559778674420595,0,1,0.9663057235962715,-0.6527790166807083,1,0.42332510367418097,0.5079352703082123,1,1,1.0,0,0,1,0,0,0,0,0,0,1,0,0,0,1,0,1,0,1,0,0
1,0,0,0,0.8757802002946699,2,1,1.4292159834917044,1.5187855574657216,1,-0.433616128280261,1.5864004343995892,0,0,3.0,0,1,1,0,0,1,0,1,0,0,0,1,0,1,0,1,1,0,0,0
0,0,1,1,1.6084834273893616,2,0,0.8236165395424823,1.885283700637232,1,-0.5181641811433244,2.1256330164452777,0,0,3.0,0,1,0,0,0,1,0,1,0,1,0,1,0,1,0,1,1,0,0,0
1,0,0,1,1.5677776925507676,1,1,0.680927355488693,1.6365125276098897,1,-0.5230753164381775,-0.031297311737476054,0,0,3.0,0,1,1,0,0,1,0,1,0,0,0,0,0,0,0,0,1,0,0,0
0,0,0,0,0.6722515261016999,2,1,0.31590851256039476,0.6242053845942258,1,-0.488274856177569,1.0471678523539008,0,0,3.0,0,0,0,0,0,0,0,0,0,1,0,1,0,1,0,1,0,0,0,0
0,1,1,0,0.8757802002946699,2,1,-1.5257774676687466,-0.5564868676008065,1,-0.6200692874166438,-1.109762475828853,0,1,3.0,0,0,0,1,1,0,1,0,1,0,1,0,1,0,1,0,0,0,1,0
1,1,0,0,-0.5489205190561197,0,1,0.7423168881629976,-0.2904932436671702,1,-0.1570770941091464,-0.031297311737476054,0,1,1.0,0,0,1,0,0,1,0,0,0,0,0,0,0,0,0,1,0,1,0,0
0,0,1,0,1.6084834273893616,2,1,0.911552897157027,1.968741284392062,1,-0.5139837456570072,2.1256330164452777,0,1,3.0,0,1,0,0,0,1,0,1,0,1,0,1,0,1,0,1,0,1,0,0
1,0,0,0,-0.3453918448631497,0,1,0.8269348926600121,-0.05892258211821505,1,-0.2458648112700483,-0.031297311737476054,0,1,1.0,0,1,1,0,0,0,0,0,0,1,0,0,0,1,0,0,0,0,1,1
1,0,0,0,-1.2002122764736234,0,0,-0.7824663693420301,-0.9618616770219379,0,0.5307110261807194,0.5079352703082123,0,1,0.0,1,0,0,0,0,1,0,0,0,1,0,1,0,0,0,0,0,0,1,0
0,0,1,0,-1.2816237461508113,0,1,-1.480979700582092,-1.000014342150657,1,0.5091186825131848,-1.109762475828853,0,0,0.0,0,0,0,1,1,0,1,0,1,0,1,0,1,0,1,0,0,0,0,0
1,0,0,0,-0.8745663977648716,0,0,-0.6547097743171256,-0.7930377792844477,1,-0.22598066190154537,-1.109762475828853,1,0,1.0,0,0,0,0,0,0,0,0,0,0,0,0,0,0,0,0,1,0,0,0
0,0,0,0,1.0386031396490458,2,1,-1.3349721634107725,-0.3424019300930184,1,-0.6115361528960749,-1.109762475828853,0,0,3.0,0,1,0,1,1,0,1,0,1,0,1,0,1,0,1,0,1,0,0,0
1,0,0,0,-1.2409180113122174,0,0,-1.4909347599346818,-0.9945733640299429,1,0.10798092015632162,-1.109762475828853,0,1,0.0,0,0,0,1,1,0,1,0,1,0,1,0,1,0,1,0,0,0,1,0
1,0,0,0,1.6084834273893616,2,1,0.020575085100225963,1.1005323038637058,0,-0.5563402335089378,2.1256330164452777,0,0,3.0,1,0,0,0,0,1,0,1,0,1,0,1,0,1,0,1,0,0,0,0
1,0,1,0,1.1200146093262338,0,1,1.0227177265942813,1.510997060559054,1,-0.4789847208168751,0.5079352703082123,0,1,3.0,0,1,1,0,0,0,0,1,0,1,0,0,0,1,0,0,0,1,0,1
0,1,1,0,1.6084834273893616,2,0,0.450301813820359,1.4492814498591762,1,-0.5359113129248595,-0.5705298937831644,0,0,3.0,0,1,1,0,0,1,0,0,0,0,0,0,0,0,0,0,0,0,0,0
0,0,0,0,-1.1595065416350294,0,1,0.35572874997075465,-0.87625402933231,1,1.0826113303229015,-1.109762475828853,1,1,0.0,0,1,1,0,0,0,0,0,0,0,0,0,0,0,0,0,0,1,0,0
0,1,0,0,-1.2816237461508113,0,1,0.31590851256039476,-0.9762539417283439,1,3.627053108105167,-1.109762475828853,1,1,0.0,0,1,1,0,0,0,0,0,0,0,0,0,0,0,0,0,0,0,1,1
1,0,0,0,-0.9152721326034655,0,1,0.8153206567486573,-0.6302033453653246,1,0.2772299977927537,-0.031297311737476054,1,1,1.0,0,0,1,0,0,0,0,0,0,0,0,0,0,1,0,1,0,1,0,1
1,1,0,0,0.18378270803857208,0,1,1.2002496183821352,0.633924551156631,1,-0.353362862438439,0.5079352703082123,0,1,2.0,0,1,1,0,0,0,0,0,0,1,0,0,0,1,0,1,0,1,0,1
1,0,1,0,-1.1595065416350294,0,1,-0.5435449448798714,-0.9207252496979881,0,0.45844864937337043,0.5079352703082123,1,1,0.0,1,0,0,0,0,0,0,1,0,0,0,0,0,1,0,1,0,1,0,1
1,0,0,0,-1.2409180113122174,0,1,0.27608827515003487,-0.951418509338631,1,2.1520561206829214,-1.109762475828853,1,0,0.0,0,1,1,0,0,0,0,0,0,0,0,0,0,0,0,0,1,0,0,1
0,1,1,0,-1.2816237461508113,0,1,-1.462728758435677,-0.9997730084436901,1,0.5407874532255689,-1.109762475828853,0,1,0.0,0,0,0,1,1,0,1,0,1,0,1,0,1,0,1,0,0,0,1,1
0,0,1,0,-0.1418631706701798,0,1,0.33250027814804467,-0.06594319904816916,1,-0.37204087106593436,-1.109762475828853,0,1,2.0,0,1,1,0,0,0,0,0,0,0,0,0,0,0,0,0,0,1,0,0
1,0,0,0,0.020959768684196134,2,1,0.7970697146022425,0.3195764281179358,1,-0.3584701536341035,0.5079352703082123,0,1,2.0,0,0,1,0,0,1,0,0,0,0,0,1,0,1,0,0,0,1,0,0
0,1,0,0,1.0793088744876398,1,1,1.1471559685016557,1.5755428574588197,1,-0.468774570696489,0.5079352703082123,0,1,3.0,0,1,1,0,0,0,0,0,0,1,0,0,0,1,0,1,0,1,0,0
1,0,1,0,-1.1188008067964355,0,1,0.8037064208373025,-0.8275923782365656,1,1.0513264234979403,-0.031297311737476054,1,1,0.0,0,1,1,0,0,1,0,0,0,0,0,0,0,0,0,1,0,1,0,0
0,1,0,0,-0.7524491932490895,0,1,0.46523440284924406,-0.5254425771136657,1,-0.05362577644869218,-0.5705298937831644,0,1,1.0,0,1,1,0,0,0,0,1,0,0,0,0,0,0,0,0,0,1,0,1
1,1,1,1,-0.9966836022806536,0,1,0.5150096996121938,-0.7529105656441787,1,0.36964813674955466,-0.5705298937831644,1,0,1.0,0,0,1,0,0,0,0,0,0,0,0,0,0,1,0,0,1,0,0,1
1,0,0,1,0.590840056424512,1,0,-1.472683817788267,-0.5644070010749109,1,-0.6104443366484793,-1.109762475828853,0,0,2.0,0,0,0,1,1,0,1,0,1,0,1,0,1,0,1,0,1,0,0,0
0,0,1,1,-0.6303319887333076,0,0,0.7738412427795325,-0.3680052424594447,1,-0.09514705360492895,-0.031297311737476054,0,1,1.0,0,1,1,0,0,0,0,0,0,1,0,0,0,1,0,0,0,1,0,1
1,0,1,1,1.6084834273893616,2,1,1.2765717400853254,2.226112713158598,1,-0.49663099458172827,1.0471678523539008,0,1,3.0,0,1,1,0,0,0,0,1,0,1,0,0,0,1,0,1,0,1,0,1
1,0,0,0,-1.2409180113122174,0,1,-1.3233579274994176,-0.9841960146303544,0,0.30183218330485356,-1.109762475828853,1,1,0.0,1,0,0,0,0,0,0,0,0,0,0,0,0,0,0,0,0,1,0,1
1,0,1,0,1.1200146093262338,1,0,1.2467065620275553,1.6929626756123022,1,-0.46624169832455953,1.0471678523539008,0,0,3.0,0,1,1,0,0,0,0,1,0,1,0,0,0,1,0,1,0,0,0,0
1,1,0,0,-0.5896262538947137,0,1,0.5183280527297236,-0.3895058818074292,1,-0.17153259997499062,-0.5705298937831644,0,0,1.0,0,1,1,0,0,0,0,1,0,0,0,0,0,0,0,0,1,0,0,0
1,0,0,0,-0.30468611002455576,0,0,0.3109309828840996,-0.15229678728660478,1,-0.33065739120261867,-0.5705298937831644,0,0,2.0,0,0,1,0,0,1,0,0,0,0,0,0,0,0,0,0,0,0,0,0
0,0,1,0,1.5677776925507676,2,0,0.7638861834269426,1.784120998562175,1,-0.5190767342775231,2.1256330164452777,0,0,3.0,0,1,0,0,0,1,0,1,0,1,0,1,0,1,0,1,0,0,0,0
1,0,0,0,-1.2816237461508113,0,0,-1.4544328756418519,-0.9996633113041596,1,0.5551823490039252,-1.109762475828853,0,1,0.0,0,0,0,1,1,0,1,0,1,0,1,0,1,0,1,0,0,0,1,0
0,0,1,1,1.5677776925507676,2,0,-1.5008898192872717,-0.3876629698633163,1,-0.628238027263392,-1.109762475828853,0,0,3.0,0,0,0,1,1,0,1,0,1,0,1,0,1,0,1,0,1,0,0,0
1,1,0,0,1.4049547531963917,0,1,0.35738792652951956,1.2117213244918543,1,-0.5315476064044585,-1.109762475828853,0,1,3.0,0,1,1,0,0,0,0,0,0,0,0,0,0,0,0,0,0,0,1,0
0,1,1,0,1.6084834273893616,2,1,1.686388350100278,2.6960771983353076,1,-0.47714858769266516,2.1256330164452777,0,0,3.0,0,1,1,0,0,1,0,1,0,1,0,1,0,1,0,1,1,0,0,0
0,0,0,0,0.346605647392948,0,1,-0.8156499005173299,-0.2727003676353178,0,-0.5491117985642682,-0.031297311737476054,0,1,2.0,1,0,0,0,0,0,0,1,0,0,0,0,0,0,0,1,0,1,0,0
1,0,0,0,-0.3453918448631497,0,1,0.850163364482722,-0.007364926538864564,1,-0.2426403546156965,-0.031297311737476054,0,0,1.0,0,1,1,0,0,0,0,1,0,0,0,0,0,1,0,0,1,0,0,1
1,0,0,1,0.8757802002946699,0,1,-0.3295111687991873,0.34809768439587435,1,-0.5445876884624989,-0.5705298937831644,0,0,3.0,0,1,0,0,0,0,0,1,0,0,0,0,0,0,0,0,1,0,0,1
0,0,1,1,-0.38609757970174374,2,0,-1.006455204775304,-0.6519891972760884,0,-0.4937257233789733,-0.031297311737476054,0,1,1.0,1,0,0,0,0,1,0,0,0,0,0,1,0,0,0,0,0,0,1,0
1,0,1,1,-0.7931549280876836,1,1,-0.005971739840013817,-0.6239506084120843,1,-0.12713571089016523,-0.031297311737476054,0,1,1.0,0,0,0,0,0,0,0,0,0,0,0,0,0,1,0,1,0,1,0,0
0,0,0,0,1.3235432835192036,1,1,1.0144218438004564,1.6913172185193444,1,-0.49311503083080055,0.5079352703082123,0,1,3.0,0,1,1,0,0,0,0,1,0,1,0,0,0,1,0,0,0,1,0,0
1,0,1,1,0.9164859351332638,2,0,-1.4743429943470319,-0.4920507678405714,1,-0.6175903741955918,-1.109762475828853,0,1,3.0,0,0,0,1,1,0,1,0,1,0,1,0,1,0,1,0,0,0,1,0
1,0,0,0,0.46872285190873,1,0,-1.5075265255223318,-0.6423139095694954,1,-0.609844549324381,-1.109762475828853,0,0,2.0,0,0,0,1,1,0,1,0,1,0,1,0,1,0,1,0,1,0,0,0
0,0,1,0,1.4456604880349857,1,1,-0.34942128750436724,0.6249732645709395,0,-0.5689547004467312,1.0471678523539008,0,1,3.0,1,0,0,0,0,1,0,0,0,1,0,0,0,1,0,1,0,1,0,0
0,0,0,0,-0.7117434584104956,0,0,-0.5335898855272813,-0.7318706542822225,1,-0.30815152530299617,-1.109762475828853,0,1,1.0,0,1,0,0,0,0,0,0,0,0,0,0,0,0,0,0,0,0,1,0
1,0,1,1,-0.7931549280876836,0,0,0.634470411843273,-0.5283166421693656,1,0.031619425408278876,-0.031297311737476054,0,1,1.0,0,0,1,0,0,1,0,0,0,0,0,0,0,0,0,1,0,1,0,1
1,0,1,1,0.020959768684196134,1,1,-1.5091857020810966,-0.745538917867727,1,-0.5938690375389895,-1.109762475828853,0,0,2.0,0,0,0,1,1,0,1,0,1,0,1,0,1,0,1,0,0,0,0,0
1,0,0,0,-1.2816237461508113,0,1,-0.49045129499939155,-0.9869165036907116,1,2.2278692384489314,-0.5705298937831644,1,1,0.0,0,0,0,0,0,0,0,1,0,0,0,0,0,0,0,0,0,0,1,0
1,0,1,0,-0.30468611002455576,0,0,-0.3112602266527725,-0.39229218915150477,1,-0.41370486684698216,-0.5705298937831644,0,0,2.0,0,1,0,0,0,0,0,0,0,1,0,0,0,0,0,0,1,0,0,0
0,0,0,0,-0.8745663977648716,0,1,0.9712832532725666,-0.570177070614217,1,0.2442526001914283,1.0471678523539008,0,1,1.0,0,0,1,0,0,0,0,1,0,1,0,1,0,0,0,1,0,1,0,0
1,0,1,0,-1.1188008067964355,0,1,0.458597696614184,-0.8280969850784061,1,0.8517172020380657,-0.5705298937831644,1,1,0.0,0,1,1,0,0,0,0,1,0,0,0,0,0,0,0,0,0,1,0,1
0,0,1,1,0.7943687306174818,2,0,-1.4876164068171518,-0.5355785928062868,1,-0.6160732841014308,-1.109762475828853,0,0,3.0,0,0,0,1,1,0,1,0,1,0,1,0,1,0,1,0,0,0,0,0
0,1,1,0,-0.4675090493789317,1,0,0.22465380182832018,-0.3520333389437992,1,-0.2844326629409317,0.5079352703082123,0,0,1.0,0,1,0,0,0,0,0,1,0,1,0,0,0,0,0,1,0,0,0,0
1,0,0,0,0.26519417771576004,0,1,1.376122333611225,0.7640692374956553,1,-0.3534234725259268,1.0471678523539008,0,1,2.0,0,1,1,0,0,1,0,1,0,0,0,0,0,1,0,1,0,1,0,0
1,0,0,0,-1.2409180113122174,0,1,-1.4942531130522119,-0.9941345754718208,1,0.10414228128209317,-1.109762475828853,0,0,0.0,0,0,0,1,1,0,1,0,1,0,1,0,1,0,1,0,1,0,0,0
0,0,0,0,0.346605647392948,0,0,0.17653768162413533,0.2495457742416436,1,-0.4671294397503911,-1.109762475828853,0,0,2.0,0,0,1,0,0,0,0,0,0,0,0,0,0,0,0,0,0,0,0,1
0,0,1,1,-1.1188008067964355,0,1,-1.3482455758808924,-0.9508919630688846,1,-0.1933522314706044,-1.109762475828853,0,1,0.0,0,1,0,1,1,0,1,0,1,0,1,0,1,0,1,0,0,0,1,0
1,0,0,0,-0.3453918448631497,0,1,0.5083729933771337,-0.19211684893618822,1,-0.290085931101159,-0.5705298937831644,0,1,1.0,0,1,1,0,0,0,0,1,0,0,0,0,0,0,0,0,0,1,0,1
1,0,0,0,-1.2816237461508113,0,0,-1.4842980536996218,-1.0000582210064695,1,0.5033607242018422,-1.109762475828853,0,1,0.0,0,0,0,1,1,0,1,0,1,0,1,0,1,0,1,0,0,0,1,1
0,0,0,0,-1.0373893371192475,0,1,0.46689357940800896,-0.7794572734105677,1,0.4774499118008009,-0.5705298937831644,1,1,1.0,0,0,1,0,0,0,0,0,0,0,0,0,0,1,0,0,0,1,0,1
0,0,0,0,0.30589991255435406,0,1,0.9447364283323268,0.6393435898494393,1,-0.39740865650428003,0.5079352703082123,0,0,2.0,0,1,1,0,0,0,0,1,0,1,0,0,0,1,0,0,0,0,0,0
1,0,1,1,-0.5489205190561197,1,0,1.1637477340893057,-0.18020373958317232,1,-0.08395102355509623,1.0471678523539008,0,0,1.0,0,0,1,0,0,0,0,1,0,0,0,1,0,1,0,1,0,0,0,1
1,0,0,0,-0.38609757970174374,1,0,-1.4760021709057967,-0.797820574567979,1,-0.5616216484668872,-1.109762475828853,0,1,1.0,0,0,0,1,1,0,1,0,1,0,1,0,1,0,1,0,0,0,1,0
0,0,0,0,-1.2816237461508113,0,1,-0.6513914211995958,-0.9890446281976039,1,1.9486082603488182,-1.109762475828853,1,1,0.0,0,0,0,0,0,0,0,0,0,0,0,0,0,0,0,0,0,0,1,1
0,0,0,0,-0.7117434584104956,2,1,-0.8670843738390448,-0.7443322493328911,0,-0.38048587658923677,-0.031297311737476054,0,1,1.0,1,0,0,0,0,0,0,1,0,0,0,0,0,0,0,1,0,0,1,0
1,1,0,0,-1.2816237461508113,0,1,0.7920921849259474,-0.9699573259192912,1,4.45332012578282,-0.031297311737476054,1,1,0.0,0,1,1,0,0,0,0,0,0,1,0,0,0,1,0,0,0,1,0,1
1,1,0,0,1.2421318138420157,0,1,1.4756729271371243,2.076398057127327,1,-0.4628966549203267,1.5864004343995892,0,0,3.0,0,1,1,0,0,1,0,1,0,1,0,0,0,1,0,1,0,0,0,0
1,0,0,0,-1.2816237461508113,0,1,0.3125901594428645,-0.976297820584156,1,3.6212951497938244,-0.5705298937831644,1,1,0.0,0,0,1,0,0,0,0,1,0,0,0,0,0,0,0,0,0,1,0,1
1,0,0,0,-1.1595065416350294,0,0,-0.6762790695810708,-0.912059175675076,1,0.36632131639189,-1.109762475828853,1,1,0.0,0,0,0,0,0,0,0,0,0,0,0,0,0,0,0,0,0,0,1,0
0,0,1,1,0.387311382231542,0,1,0.4320508716739442,0.4759387308047574,1,-0.4509873894013727,-0.5705298937831644,0,0,2.0,0,0,1,0,0,0,0,0,0,0,0,0,0,1,0,0,1,0,0,1
0,0,1,1,-0.22327464034736777,1,0,0.04048520380540615,-0.1864345371085066,1,-0.3876833244784149,1.0471678523539008,0,1,2.0,0,0,0,0,0,1,0,1,0,1,0,1,0,0,0,0,0,0,1,0
1,0,1,1,1.5677776925507676,2,1,1.696343409452868,2.631926311137852,1,-0.474132670791766,2.1256330164452777,0,0,3.0,0,1,1,0,0,1,0,1,0,1,0,1,0,1,0,1,0,0,0,0
1,1,1,0,-1.0373893371192475,0,1,0.9878750188602166,-0.7135731714085297,1,0.7034497755209954,0.5079352703082123,1,0,1.0,0,1,1,0,0,1,0,1,0,0,0,0,0,0,0,1,1,0,0,1
0,0,0,0,-0.5082147842175256,0,1,-1.5075265255223318,-0.8277020753760961,1,-0.5528133431929882,-1.109762475828853,0,0,1.0,0,0,0,1,1,0,1,0,1,0,1,0,1,0,1,0,0,0,0,0
1,0,0,0,0.46872285190873,0,0,1.1819986762357204,0.9209361470243171,1,-0.4024300954869089,1.0471678523539008,0,1,2.0,0,0,1,0,0,0,0,1,0,0,0,1,0,1,0,1,0,1,0,1
0,0,1,1,0.7943687306174818,1,0,-1.5042081724048018,-0.5646922136376903,1,-0.6171596913299859,-1.109762475828853,0,0,3.0,0,0,0,1,1,0,1,0,1,0,1,0,1,0,1,0,1,0,0,0
0,0,1,0,-1.0373893371192475,0,1,0.7074741804289328,-0.751308987407033,1,0.5818129061938843,-0.031297311737476054,1,1,1.0,0,0,1,0,0,0,0,0,0,1,0,0,0,1,0,0,0,1,0,1
1,0,1,1,0.9571916699718578,0,1,1.0625379640046413,1.3746654555505076,1,-0.4638752552912238,0.5079352703082123,0,0,3.0,0,1,1,0,0,0,0,1,0,0,0,1,0,1,0,0,1,0,0,0
1,1,1,0,-0.1825689055087738,0,1,1.3562122149060447,0.3065663473696145,1,-0.23961444824794267,1.0471678523539008,0,1,2.0,0,1,1,0,0,0,0,1,0,0,0,1,0,1,0,1,0,1,0,0
0,0,1,1,0.8757802002946699,2,1,-1.4793205240233267,-0.529611068415826,1,-0.6171379631854149,-1.109762475828853,0,0,3.0,0,0,0,1,1,0,1,0,1,0,1,0,1,0,1,0,0,0,0,0
1,0,1,1,1.6084834273893616,2,1,0.0056424960713409395,1.0772106919995146,0,-0.5570501187801993,2.1256330164452777,0,0,3.0,1,0,0,0,0,1,0,1,0,1,0,1,0,1,0,1,1,0,0,0
0,0,0,0,0.26519417771576004,2,0,-1.4677062881119718,-0.6743674137403172,1,-0.6001519861669544,-1.109762475828853,0,0,2.0,0,0,0,1,1,0,1,0,1,0,1,0,1,0,1,0,1,0,0,0
0,0,0,0,-0.8338606629262776,1,0,-1.4859572302583868,-0.8945295727780967,1,-0.4812501470377311,-1.109762475828853,0,1,1.0,0,0,0,1,1,0,1,0,1,0,1,0,1,0,1,0,0,1,0,0
0,0,0,0,0.7943687306174818,1,0,0.3009759235315097,0.6925467025217478,1,-0.4989585848631808,1.0471678523539008,0,0,3.0,0,1,0,0,0,1,0,0,0,1,0,1,0,1,0,0,1,0,0,0
0,0,1,1,-1.0373893371192475,0,0,-0.5352490620860464,-0.8554335122494149,1,0.04272405929443949,-1.109762475828853,1,1,1.0,0,1,0,0,0,0,0,0,0,0,0,0,0,0,0,0,0,1,0,0
1,0,1,1,-0.06045170099299184,2,0,-1.3001294556767078,-0.6773731153634538,1,-0.5670797131161808,-1.109762475828853,0,1,2.0,0,1,0,1,1,0,1,0,1,0,1,0,1,0,1,0,0,0,1,0
1,0,1,1,-0.3453918448631497,1,1,-0.2880317548300625,-0.3708134892314264,1,-0.40063873067893563,-0.031297311737476054,0,0,1.0,0,0,0,0,0,1,0,0,0,1,0,0,0,0,0,0,1,0,0,0
0,0,1,0,-1.2002122764736234,0,1,0.3042942766490395,-0.9088779586286905,1,1.473576699663059,-1.109762475828853,1,0,0.0,0,1,1,0,0,0,0,0,0,0,0,0,0,0,0,0,1,0,0,1
0,0,0,0,0.590840056424512,2,1,-1.472683817788267,-0.5939594104644365,1,-0.6104443366484793,-1.109762475828853,0,1,2.0,0,0,0,1,1,0,1,0,1,0,1,0,1,0,1,0,0,0,1,0
1,1,1,1,-0.1825689055087738,1,1,-0.4622452935003867,-0.40260372026737484,1,-0.45722556235937084,-1.109762475828853,0,1,2.0,0,1,0,0,0,0,0,0,0,0,0,0,0,0,0,0,0,1,0,0
0,1,1,0,-0.019745966154397852,0,0,0.4768486387605988,0.11876484449334214,1,-0.3830158885745236,-0.5705298937831644,0,1,2.0,0,1,1,0,0,0,0,0,0,1,0,0,0,0,0,0,0,0,1,0
1,0,0,0,0.06166550352279012,0,1,1.3412796258771595,0.5446749584345894,1,-0.3131177643465291,1.0471678523539008,0,1,2.0,0,1,1,0,0,0,0,1,0,0,0,1,0,1,0,1,0,1,0,0
1,0,1,1,-1.2002122764736234,0,1,-0.49045129499939155,-0.9351394538323,1,0.7840611918797908,-0.5705298937831644,1,1,0.0,0,0,0,0,0,0,0,0,0,1,0,0,0,0,0,0,0,1,0,1
1,0,0,0,-0.9152721326034655,0,0,0.4950995809070136,-0.6590975719176669,1,0.17620400196647099,-0.5705298937831644,1,1,1.0,0,1,1,0,0,0,0,1,0,0,0,0,0,0,0,0,0,1,0,0
1,0,0,1,1.3642490183577978,2,0,0.025552614776521126,0.9124894672804662,1,-0.5468221200460051,0.5079352703082123,0,0,3.0,0,1,0,0,0,1,0,1,0,0,0,1,0,0,0,0,0,0,0,0
1,1,0,0,-1.2816237461508113,0,0,-0.6530505977583607,-0.98906656762551,1,1.945729281193147,-1.109762475828853,1,0,0.0,0,0,0,0,0,0,0,0,0,0,0,0,0,0,0,0,0,0,0,0
0,0,1,1,0.6722515261016999,2,0,0.4768486387605988,0.7034286587631765,1,-0.47710441705356454,1.0471678523539008,0,0,3.0,0,1,0,0,0,0,0,1,0,0,0,1,0,1,0,1,0,0,0,0
1,0,1,1,-1.2816237461508113,0,1,-1.4859572302583868,-1.0000801604343756,1,0.5004817450461709,-1.109762475828853,0,0,0.0,0,0,0,1,1,0,1,0,1,0,1,0,1,0,1,0,0,0,0,0
1,1,1,0,-1.0373893371192475,0,1,0.8153206567486573,-0.71199353259929,1,0.6285963174735424,-0.031297311737476054,1,1,1.0,0,0,1,0,0,0,0,0,0,0,0,0,0,1,0,1,0,1,0,1
1,0,1,0,-1.2002122764736234,0,0,-1.4909347599346818,-0.9871358979697726,1,-0.08395102355509623,-1.109762475828853,0,0,0.0,0,0,0,1,1,0,1,0,1,0,1,0,1,0,1,0,0,0,0,0
1,1,1,0,0.06166550352279012,1,0,0.8368899520126024,0.3639598907719895,1,-0.3631297451079042,0.5079352703082123,0,1,2.0,0,0,1,0,0,1,0,0,0,0,0,1,0,1,0,0,0,0,1,0
0,0,1,1,1.6084834273893616,2,0,0.6759498258123978,1.6805010805616334,1,-0.5251841577146871,2.1256330164452777,0,0,3.0,0,0,0,0,0,1,0,1,0,1,0,1,0,1,0,1,0,0,0,0
1,0,0,0,-1.2002122764736234,0,1,0.41379992952752936,-0.9184654886236591,1,1.5685830118002113,1.0471678523539008,1,1,0.0,0,0,0,0,0,1,0,0,0,1,0,0,0,1,0,1,0,1,0,0
0,0,0,0,-0.5896262538947137,0,1,0.20474368312314,-0.4614233264836466,1,-0.22880913265097685,-1.109762475828853,0,1,1.0,0,0,1,0,0,0,0,0,0,0,0,0,0,0,0,0,0,1,0,0
1,0,1,1,1.4049547531963917,1,0,-0.16193433636392318,0.743621690687164,1,-0.5580511498081382,0.5079352703082123,0,1,3.0,0,0,0,0,0,1,0,1,0,0,0,1,0,0,0,0,0,0,1,0
1,0,1,1,0.46872285190873,1,0,-1.3017886322354726,-0.5216470560859092,1,-0.5939781753109039,-1.109762475828853,0,1,2.0,0,1,0,1,1,0,1,0,1,0,1,0,1,0,1,0,0,0,1,0
0,0,1,0,-1.0373893371192475,0,1,0.14169497389007057,-0.7993782739493125,1,0.3363799331729088,-1.109762475828853,1,0,1.0,0,0,1,0,0,0,0,0,0,0,0,0,0,0,0,0,0,0,0,0
1,1,1,0,0.7943687306174818,1,1,1.31141444781939,1.3961880343263984,1,-0.4327963846441694,1.5864004343995892,0,0,3.0,0,0,1,0,0,1,0,0,0,1,0,1,0,1,0,1,0,0,0,0
1,0,0,0,-0.6710377235719016,0,1,0.16658262227154547,-0.4799621430643067,1,-0.18590075600886694,-1.109762475828853,0,0,1.0,0,0,1,0,0,0,0,0,0,0,0,0,0,0,0,0,1,0,0,0
1,0,1,0,-0.9966836022806536,0,1,-0.3378070515930122,-0.8132878712417841,1,0.040804739857325315,-0.031297311737476054,1,1,1.0,0,0,0,0,0,0,0,1,0,1,0,0,0,0,0,0,0,0,1,0
1,0,0,0,-1.0373893371192475,0,0,-0.02090432886889884,-0.8132439923859719,1,0.2658449438589627,0.5079352703082123,0,0,1.0,0,0,0,0,0,0,0,0,0,1,0,1,0,1,0,0,0,0,0,0
1,0,1,1,1.6084834273893616,2,1,-1.497571466169742,-0.3881895161330628,1,-0.6285119027538477,-1.109762475828853,0,0,3.0,0,0,0,1,1,0,1,0,1,0,1,0,1,0,1,0,1,0,0,0
1,1,1,0,-1.0373893371192475,0,0,-1.1657361544167435,-0.9121908122425126,0,-0.23077896049433086,-0.5705298937831644,1,0,1.0,1,0,0,0,0,1,0,0,0,0,0,0,0,0,0,0,0,0,0,0
1,0,0,0,-0.4675090493789317,1,1,-1.4793205240233267,-0.8234458263623115,1,-0.5532246259295128,-1.109762475828853,0,1,1.0,0,0,0,1,1,0,1,0,1,0,1,0,1,0,1,0,0,0,1,0
1,1,0,0,0.1023712383613841,1,1,0.2677923923562099,0.07543447437878162,1,-0.4262296565071247,1.0471678523539008,0,1,2.0,0,0,0,0,0,0,0,0,0,1,0,1,0,1,0,1,0,1,0,0
0,0,1,1,1.1200146093262338,0,1,-0.5037247074695115,0.33791778984744075,0,-0.5658260592830248,0.5079352703082123,0,1,3.0,1,0,0,0,0,0,0,1,0,0,0,0,0,1,0,1,0,1,0,0
1,1,0,0,-0.9966836022806536,0,1,1.1836578527944854,-0.6493784053552617,1,0.627476714468559,0.5079352703082123,1,1,1.0,0,1,1,0,0,0,0,0,0,1,0,0,0,1,0,1,0,1,0,1
1,0,0,0,-1.2409180113122174,0,1,0.1616050925952503,-0.9445734078319259,1,2.019623079522043,-1.109762475828853,1,1,0.0,0,0,1,0,0,0,0,0,0,0,0,0,0,0,0,0,0,1,0,0
0,0,1,1,-0.8338606629262776,1,0,-1.1508035653878583,-0.8470745902171882,0,-0.3917803332768702,-0.5705298937831644,0,0,1.0,1,0,0,0,0,0,0,0,0,0,0,1,0,0,0,0,1,0,0,0
1,0,0,0,-1.2002122764736234,0,1,-1.1723728606518034,-0.9740599989377332,0,0.19243097538934548,-0.5705298937831644,1,1,0.0,1,0,0,0,0,0,0,1,0,0,0,0,0,0,0,0,0,1,0,1
0,0,1,1,1.6084834273893616,2,1,0.18981109409425545,1.189913533153184,1,-0.5482948671013085,1.0471678523539008,0,0,3.0,0,0,0,0,0,1,0,1,0,1,0,0,0,1,0,0,1,0,0,0
0,0,0,0,0.7943687306174818,1,1,1.5370624598114289,1.58714881482115,1,-0.4180212463358187,1.5864004343995892,0,0,3.0,0,1,1,0,0,1,0,1,0,0,0,1,0,1,0,1,1,0,0,1
1,0,0,0,0.5501343215859179,2,0,-1.5174815848749215,-0.6104359208219226,1,-0.6127031101881681,-1.109762475828853,0,0,2.0,0,0,0,1,1,0,1,0,1,0,1,0,1,0,1,0,1,0,0,0
0,0,1,0,-0.8338606629262776,1,0,0.4619160497317138,-0.6242138815469574,1,0.038737780463510056,1.0471678523539008,0,1,1.0,0,1,0,0,0,1,0,0,0,1,0,0,0,1,0,1,0,1,0,0
0,0,0,0,0.18378270803857208,0,0,1.1737027934418955,0.545004049853181,1,-0.3557872659379517,0.5079352703082123,0,0,2.0,0,1,1,0,0,0,0,0,0,0,0,1,0,1,0,1,1,0,0,0
1,0,0,0,0.387311382231542,1,0,-1.497571466169742,-0.6359953543325367,1,-0.6067200758221021,-1.109762475828853,0,0,2.0,0,0,0,1,1,0,1,0,1,0,1,0,1,0,1,0,0,0,0,0
1,0,0,0,1.0386031396490458,0,0,0.5216464058472539,1.100488425007894,1,-0.5023301300080699,-0.5705298937831644,0,0,3.0,0,1,1,0,0,0,0,0,0,0,0,1,0,0,0,0,0,0,0,0
1,0,0,0,-0.8338606629262776,1,0,-1.4892755833759168,-0.8917652048619273,1,-0.4821359867779377,-1.109762475828853,0,0,1.0,0,0,0,1,1,0,1,0,1,0,1,0,1,0,1,0,1,0,0,0
1,0,1,1,1.4456604880349857,2,0,-1.4925939364934466,-0.40440275335567555,1,-0.6264508348889776,-1.109762475828853,0,0,3.0,0,0,0,1,1,0,1,0,1,0,1,0,1,0,1,0,0,0,0,0
1,0,0,0,-1.2816237461508113,0,0,-0.618207890024296,-0.9886058396394818,1,2.0061878434622433,-1.109762475828853,1,1,0.0,0,0,0,0,0,0,0,0,0,0,0,0,0,0,0,0,0,0,1,1
0,0,1,1,0.46872285190873,0,0,-0.2880317548300625,0.05274910592386749,1,-0.5157978969057863,-0.031297311737476054,0,0,2.0,0,0,0,0,0,1,0,0,0,0,0,1,0,0,0,0,0,0,0,0
0,1,1,0,1.5677776925507676,2,1,1.4856279864897142,2.4593727106563232,1,-0.4842890694798285,2.1256330164452777,0,0,3.0,0,0,1,0,0,1,0,1,0,1,0,1,0,1,0,1,0,0,0,0
1,0,0,0,-0.1418631706701798,0,0,-1.016410264127894,-0.5680489461073246,0,-0.5280815413033171,-0.031297311737476054,0,1,2.0,1,0,0,0,0,0,0,1,0,0,0,1,0,0,0,0,0,1,0,0
1,0,0,0,0.06166550352279012,2,0,-1.2885152197653527,-0.5787553869255047,1,-0.5738710193030411,-1.109762475828853,0,0,2.0,0,1,0,1,1,0,1,0,1,0,1,0,1,0,1,0,0,0,0,0
1,0,1,0,-1.0780950719578415,0,1,0.8650959535116071,-0.7759250255176846,1,0.8373223062597093,0.5079352703082123,1,1,0.0,0,0,1,0,0,0,0,1,0,1,0,0,0,0,0,1,0,1,0,1
0,1,1,0,1.2014260790034217,1,1,1.095721495179941,1.595968464839405,1,-0.48070177005569853,0.5079352703082123,0,0,3.0,0,1,1,0,0,0,0,1,0,1,0,0,0,1,0,0,1,0,0,0
0,1,0,0,-0.4268033145403377,1,1,-1.4892755833759168,-0.8259469211436076,1,-0.5593581032611602,-1.109762475828853,0,1,1.0,0,0,0,1,1,0,1,0,1,0,1,0,1,0,1,0,0,0,1,0
0,1,1,0,1.3642490183577978,1,0,1.3163919774956847,1.9833748828054352,1,-0.47996105189340066,1.0471678523539008,0,0,3.0,0,1,1,0,0,0,0,1,0,1,0,0,0,1,0,1,1,0,0,0
1,0,0,1,-1.2816237461508113,0,0,-1.0396387359506039,-0.994178454327633,0,1.274927137921742,-0.031297311737476054,0,1,0.0,1,0,0,0,0,0,0,1,0,0,0,1,0,0,0,0,0,0,1,0
1,0,1,1,0.7129572609402939,0,0,1.3611897445823398,1.334998969896267,1,-0.4205093319102353,1.0471678523539008,0,0,3.0,0,1,1,0,0,1,0,0,0,1,0,0,0,1,0,1,1,0,0,1
1,0,1,0,1.3642490183577978,2,0,1.050923728093286,1.8099656446355683,1,-0.49371140009959186,1.0471678523539008,0,1,3.0,0,1,1,0,0,1,0,1,0,1,0,1,0,0,0,0,0,0,1,0
1,0,1,0,1.6084834273893616,2,0,1.6664782313950985,2.654721376732297,1,-0.4780951013876804,2.1256330164452777,0,0,3.0,0,1,1,0,0,1,0,1,0,1,0,1,0,1,0,1,0,0,0,0
1,0,0,1,-0.22327464034736777,0,0,-1.5191407614336867,-0.773138718173609,1,-0.5809862106449143,-1.109762475828853,0,1,2.0,0,0,0,1,1,0,1,0,1,0,1,0,1,0,1,0,0,0,1,0
1,0,0,1,-1.0373893371192475,1,0,-1.5091857020810966,-0.948917414557335,1,-0.37976613180031893,-1.109762475828853,0,1,1.0,0,0,0,1,1,0,1,0,1,0,1,0,1,0,1,0,0,0,1,0
1,0,0,0,-0.7524491932490895,0,1,-0.3129194032115374,-0.6721295920938943,1,-0.23365793965000212,-0.5705298937831644,0,0,1.0,0,1,0,0,0,0,0,1,0,0,0,0,0,0,0,0,1,0,0,0
1,0,0,0,-0.2639803751859618,0,0,-0.9682941439237093,-0.5602604492006568,0,-0.50726758829639,-0.031297311737476054,0,1,2.0,1,0,0,0,0,0,0,0,0,1,0,1,0,0,0,0,0,1,0,0
0,0,0,0,-0.8745663977648716,0,0,0.34245533750063456,-0.6189922977053041,1,0.06239708352485982,-1.109762475828853,1,1,1.0,0,1,1,0,0,0,0,0,0,0,0,0,0,0,0,0,0,1,0,0
0,0,1,0,0.020959768684196134,2,0,-0.1785261019515731,-0.12419238013888224,0,-0.4580489620773215,1.5864004343995892,0,0,2.0,1,0,0,0,0,1,0,0,0,1,0,1,0,1,0,1,0,0,0,0
1,0,1,1,0.590840056424512,2,1,0.8485041879239571,0.8859208200861713,1,-0.44262384336580823,2.1256330164452777,0,1,2.0,0,1,0,0,0,1,0,1,0,1,0,1,0,1,0,1,0,0,1,0
0,0,0,0,-1.2816237461508113,0,1,-1.5207999379924515,-1.000540888420404,1,0.4400231827770745,-1.109762475828853,0,1,0.0,0,0,0,1,1,0,1,0,1,0,1,0,1,0,1,0,0,0,1,1
1,0,0,0,-0.7117434584104956,0,0,-0.44399435135397186,-0.6730291086380447,1,-0.28871841600221515,-1.109762475828853,0,1,1.0,0,1,0,0,0,0,0,0,0,0,0,0,0,0,0,0,0,1,0,1
1,1,1,1,1.3642490183577978,1,1,1.4441485725205894,2.096099663387011,1,-0.4733436968191712,1.5864004343995892,0,1,3.0,0,1,1,0,0,0,0,1,0,1,0,1,0,1,0,1,0,1,0,0
1,0,1,1,0.14307697319997809,2,0,-1.3216987509406526,-0.600431541696738,1,-0.5816253662489725,-1.109762475828853,0,0,2.0,0,1,0,1,1,0,1,0,1,0,1,0,1,0,1,0,1,0,0,0
1,0,1,1,0.5094285867473239,0,1,1.0293544328293414,0.9466052776744619,1,-0.41953985470095134,0.5079352703082123,0,0,2.0,0,1,1,0,0,0,0,1,0,1,0,0,0,0,0,1,0,0,0,0
0,0,0,0,-0.3453918448631497,0,1,1.3014593884668002,0.08570212663883954,1,-0.17999376818828966,1.0471678523539008,0,1,1.0,0,1,1,0,0,0,0,1,0,1,0,0,0,1,0,1,0,1,0,0
0,1,0,0,-1.2002122764736234,0,0,0.29599839385521454,-0.9227436770653498,1,1.466379251773881,-0.5705298937831644,1,1,0.0,0,0,1,0,0,0,0,0,0,1,0,0,0,0,0,0,0,1,0,0
0,0,1,1,1.1607203441648277,2,0,1.664819054836333,2.0661742837230808,1,-0.445959434806922,2.1256330164452777,0,0,3.0,0,1,1,0,0,1,0,1,0,1,0,1,0,1,0,1,1,0,0,0
0,0,1,1,0.06166550352279012,1,1,-1.3051069853530026,-0.6064868237988233,1,-0.5755161502491389,-1.109762475828853,0,0,2.0,0,1,0,1,1,0,1,0,1,0,1,0,1,0,1,0,1,0,0,0
0,0,1,0,1.4456604880349857,2,0,0.1981069768880804,1.1461224350525956,1,-0.5414166389577016,1.0471678523539008,0,0,3.0,0,1,0,0,0,1,0,1,0,1,0,1,0,0,0,0,1,0,0,0
1,0,0,0,-0.6710377235719016,0,1,0.3192268656779245,-0.4953197425985813,1,-0.15474004044160156,-0.5705298937831644,0,0,1.0,0,0,1,0,0,0,0,0,0,0,0,1,0,0,0,0,1,0,0,0
1,1,1,0,-0.019745966154397852,0,1,0.5100321699358986,0.08061217936462285,1,-0.37952621687067967,-0.5705298937831644,0,0,2.0,0,0,1,0,0,0,0,0,0,0,0,0,0,0,0,1,1,0,0,1
0,0,1,1,-0.2639803751859618,0,0,-0.8654251972802797,-0.5590976595216332,0,-0.4940456099518256,0.5079352703082123,0,0,2.0,1,0,0,0,0,1,0,1,0,0,0,1,0,0,0,0,1,0,0,0
0,0,1,1,0.14307697319997809,0,0,-1.5174815848749215,-0.7004972723764901,1,-0.5999885846473082,-1.109762475828853,0,0,2.0,0,0,0,1,1,0,1,0,1,0,1,0,1,0,1,0,0,0,0,0
0,0,0,0,-1.2002122764736234,1,0,-1.4826388771408567,-0.9776800045422408,1,-0.07675357566591806,-1.109762475828853,0,1,0.0,0,0,0,1,1,0,1,0,1,0,1,0,1,0,1,0,0,0,1,0
1,1,0,0,-0.9966836022806536,0,0,1.1737027934418955,-0.6436960935275802,1,0.6236380755943307,1.0471678523539008,0,0,1.0,0,0,1,0,0,1,0,0,0,0,0,1,0,1,0,1,1,0,0,1
0,0,1,0,0.18378270803857208,1,0,0.10519308959724047,0.07894478284375868,1,-0.45336950679333565,0.5079352703082123,0,0,2.0,0,1,0,0,0,1,0,0,0,1,0,1,0,0,0,0,1,0,0,0
1,0,0,0,-1.2816237461508113,2,0,-1.4760021709057967,-0.999948523866939,1,0.5177556199801986,-1.109762475828853,0,1,0.0,0,0,0,1,1,0,1,0,1,0,1,0,1,0,1,0,0,0,1,0
1,0,1,1,1.4456604880349857,2,1,-0.28305422515376755,0.7236129324367946,0,-0.5656167535995761,1.5864004343995892,0,1,3.0,1,0,0,0,0,1,0,1,0,1,0,1,0,0,0,1,0,0,1,0
1,0,0,0,-0.30468611002455576,0,1,0.659358060224748,-0.11227927078586633,1,-0.28415080484177513,-0.5705298937831644,0,1,2.0,0,1,1,0,0,0,0,0,0,0,0,0,0,0,0,1,0,1,0,1
0,0,1,0,-0.6303319887333076,0,1,0.34743286717692967,-0.42860194233611115,1,-0.17735790282798622,0.5079352703082123,0,0,1.0,0,1,0,0,0,0,0,1,0,0,0,0,0,1,0,1,0,0,0,0
1,0,1,0,1.4049547531963917,1,0,1.2998002119080347,2.080522669573675,1,-0.4834517193332445,1.0471678523539008,0,1,3.0,0,1,1,0,0,0,0,1,0,1,0,0,0,1,0,1,0,1,0,1
0,1,0,0,-1.1188008067964355,0,0,-1.2105339215033981,-0.951418509338631,0,-0.11370047483036604,-0.5705298937831644,1,1,0.0,1,0,0,0,0,0,0,1,0,0,0,0,0,0,0,0,0,1,0,1
1,1,1,0,0.9978974048104517,1,1,0.20474368312314,0.8077067596009014,1,-0.5185776009181586,0.5079352703082123,0,0,3.0,0,1,0,0,0,0,0,1,0,1,0,0,0,1,0,0,1,0,0,0
1,0,0,0,-0.9966836022806536,0,0,0.19147027065302033,-0.7660961618157488,1,0.244892373337133,-1.109762475828853,1,0,1.0,0,0,1,0,0,0,0,0,0,0,0,0,0,0,0,0,0,0,0,0
1,1,0,0,0.9164859351332638,0,1,-0.6663240102284806,0.07885702513213433,0,-0.567516701023738,0.5079352703082123,0,1,3.0,1,0,0,0,0,1,0,1,0,0,0,0,0,1,0,0,0,1,0,0
0,0,0,0,0.9571916699718578,2,0,-0.6596873039934208,0.11442083776793299,0,-0.5687307066451458,1.0471678523539008,0,0,3.0,1,0,0,0,0,1,0,1,0,1,0,1,0,0,0,0,0,0,0,0
0,1,1,0,-0.5489205190561197,0,1,0.9961709016540415,-0.23654419044605407,1,-0.11302871302737597,-0.031297311737476054,0,1,1.0,0,1,1,0,0,0,0,0,0,0,0,0,0,1,0,1,0,1,0,0
0,0,1,1,0.7536629957788878,0,1,0.47187110908430413,0.7543720103611562,1,-0.48446131609597975,-0.031297311737476054,0,0,3.0,0,0,1,0,0,1,0,1,0,0,0,0,0,0,0,0,0,0,0,0
0,0,1,1,1.4049547531963917,2,0,-0.9699533204824742,0.10810228253097426,0,-0.599288292420253,-0.031297311737476054,0,0,3.0,1,0,0,0,0,1,0,0,0,0,0,1,0,0,0,0,1,0,0,0
1,0,0,0,0.8350744654560759,0,1,0.5199872292884885,0.8989747796903048,1,-0.48786113621001326,-0.031297311737476054,0,1,3.0,0,0,1,0,0,0,0,1,0,0,0,1,0,0,0,0,0,0,1,0
0,0,0,0,-1.2816237461508113,0,0,-1.4992306427285067,-1.0002556758576244,1,0.4774499118008009,-1.109762475828853,0,1,0.0,0,0,0,1,1,0,1,0,1,0,1,0,1,0,1,0,0,0,1,0
1,0,0,0,-0.6710377235719016,0,1,-1.5008898192872717,-0.8586805475795186,1,-0.5262977032382344,-1.109762475828853,0,1,1.0,0,0,0,1,1,0,1,0,1,0,1,0,1,0,1,0,0,0,1,1
0,0,0,0,-0.2639803751859618,0,1,-0.3378070515930122,-0.3915901274585093,1,-0.4262296565071247,-0.031297311737476054,0,0,2.0,0,0,0,0,0,0,0,1,0,1,0,0,0,0,0,0,1,0,0,0
1,0,0,0,0.5094285867473239,0,1,0.36568380932334454,0.42758423169969856,1,-0.4696090574082777,1.0471678523539008,0,1,2.0,0,0,0,0,0,1,0,0,0,1,0,0,0,1,0,1,0,1,0,0
1,0,1,0,0.590840056424512,0,0,-1.3117436915880627,-0.509053824467804,1,-0.5988084625609745,-1.109762475828853,0,1,2.0,0,1,0,1,1,0,1,0,1,0,1,0,1,0,1,0,0,1,0,0
1,1,1,0,0.020959768684196134,0,1,0.9812383126251565,0.35375805679564987,1,-0.3396721132647206,-0.031297311737476054,0,1,2.0,0,1,1,0,0,0,0,0,0,0,0,0,0,1,0,1,0,1,0,1
0,0,0,0,-0.7117434584104956,0,0,0.6477438243133932,-0.4438279053029492,1,-0.05192238044825336,2.1256330164452777,0,1,1.0,0,0,0,0,0,1,0,1,0,1,0,1,0,1,0,1,0,0,1,0
0,0,1,1,0.387311382231542,2,0,-1.4909347599346818,-0.6431695472578336,1,-0.6061844517931401,-1.109762475828853,0,1,2.0,0,0,0,1,1,0,1,0,1,0,1,0,1,0,1,0,0,0,1,0
1,0,0,1,-1.2816237461508113,0,0,-1.4892755833759168,-1.0001240392901878,1,0.49472378673482853,-1.109762475828853,0,1,0.0,0,0,0,1,1,0,1,0,1,0,1,0,1,0,1,0,0,0,1,0
0,1,0,0,0.9571916699718578,1,1,1.32136950717198,1.4090884179351888,1,-0.4481166325443916,1.0471678523539008,0,0,3.0,0,1,1,0,0,0,0,1,0,1,0,0,0,1,0,1,0,0,0,1
0,1,0,0,0.8350744654560759,1,1,1.0559012577695812,1.2756528174102488,1,-0.4534200151995755,1.0471678523539008,0,1,3.0,0,0,1,0,0,1,0,1,0,0,0,1,0,0,0,1,0,0,1,0
0,0,0,0,-0.7117434584104956,0,0,1.3329837430833347,-0.3144291595127325,1,0.09670491846327575,1.5864004343995892,0,1,1.0,0,0,1,0,0,1,0,0,0,1,0,1,0,1,0,1,0,1,0,1
1,0,0,0,-0.6710377235719016,2,0,-0.33448869847548224,-0.6069256123569454,0,-0.2881891918927167,1.5864004343995892,0,1,1.0,1,0,0,0,0,1,0,1,0,1,0,1,0,1,0,0,0,0,1,0
1,0,0,0,-0.5082147842175256,1,1,-1.5008898192872717,-0.8264295885575419,1,-0.5517165892289231,-1.109762475828853,0,1,1.0,0,0,0,1,1,0,1,0,1,0,1,0,1,0,1,0,0,0,1,0
1,1,1,0,-0.7117434584104956,0,1,1.0476053749757561,-0.39801837983499855,1,0.034806866616343544,0.5079352703082123,0,1,1.0,0,1,1,0,0,1,0,0,0,1,0,0,0,1,0,0,0,1,0,0
1,1,0,1,0.22448844287716607,0,1,0.5150096996121938,0.3788128834644236,1,-0.42219416435729484,-0.5705298937831644,0,1,2.0,0,1,1,0,0,1,0,0,0,0,0,0,0,0,0,0,0,0,1,0
0,0,0,0,-1.2816237461508113,0,1,-0.2880317548300625,-0.9842398934861666,1,2.579104695440826,-0.5705298937831644,1,1,0.0,0,0,0,0,0,0,0,0,0,0,0,0,0,0,0,1,0,1,0,1
0,0,1,0,0.9978974048104517,2,1,-1.5042081724048018,-0.5112258278305085,1,-0.6208309985161381,-1.109762475828853,0,0,3.0,0,0,0,1,1,0,1,0,1,0,1,0,1,0,1,0,0,0,0,0
1,1,1,0,1.6084834273893616,2,1,1.4806504568134191,2.4665907824374327,1,-0.4869292292078224,1.5864004343995892,0,0,3.0,0,1,1,0,0,1,0,1,0,1,0,0,0,1,0,1,0,0,0,0
0,0,0,0,0.8757802002946699,0,1,1.1670660872068355,1.37848291600617,1,-0.45015717215648143,0.5079352703082123,0,1,3.0,0,1,1,0,0,0,0,0,0,0,0,1,0,1,0,1,0,1,0,1
1,0,1,1,-0.10115743583158582,0,1,-0.3477621109456021,-0.31181836759190573,1,-0.45747535142960705,-0.5705298937831644,0,0,2.0,0,1,0,0,0,1,0,0,0,0,0,0,0,0,0,0,0,0,0,0
0,0,0,0,-1.1188008067964355,0,0,0.3540695734119893,-0.8323093552363785,1,0.7912586397689689,-1.109762475828853,1,1,0.0,0,1,1,0,0,0,0,0,0,0,0,0,0,0,0,0,0,1,0,0
0,1,1,0,1.3235432835192036,0,1,1.4756729271371243,2.162400614519265,1,-0.4688618124890851,1.5864004343995892,0,0,3.0,0,1,1,0,0,1,0,1,0,1,0,0,0,1,0,1,1,0,0,0
0,0,0,0,-0.30468611002455576,2,0,-1.3333129868520075,-0.7052361888042091,1,-0.5501241868387899,-1.109762475828853,0,0,2.0,0,1,0,1,1,0,1,0,1,0,1,0,1,0,1,0,1,0,0,1
1,0,1,1,0.46872285190873,1,0,-1.4909347599346818,-0.6311906196210995,1,-0.6085650030329716,-1.109762475828853,0,0,2.0,0,0,0,1,1,0,1,0,1,0,1,0,1,0,1,0,0,0,0,0
0,1,1,0,1.5677776925507676,2,1,0.5233055824060188,1.4816421060206835,1,-0.5306726225434212,-0.5705298937831644,0,0,3.0,0,1,1,0,0,1,0,0,0,0,0,0,0,0,0,0,1,0,0,0
0,0,1,1,-0.3453918448631497,1,0,0.44698346070282924,-0.20488559597754222,1,-0.2986077094019459,1.0471678523539008,0,1,1.0,0,1,0,0,0,1,0,1,0,0,0,0,0,1,0,1,0,1,0,0
1,0,1,0,0.7536629957788878,1,1,0.8435266582476619,1.0158899910019468,1,-0.4596578033701966,-0.031297311737476054,0,0,3.0,0,1,1,0,0,0,0,1,0,0,0,0,0,0,0,1,1,0,0,0
1,0,0,0,1.2014260790034217,0,0,0.8551408941590172,1.4423485906408464,1,-0.4939542137881535,0.5079352703082123,0,0,3.0,0,1,1,0,0,1,0,1,0,1,0,0,0,0,0,0,0,0,0,0
0,1,1,0,0.590840056424512,0,0,0.5116913464946635,0.6698174552110213,1,-0.4669752087241944,-0.5705298937831644,0,1,2.0,0,1,1,0,0,1,0,0,0,0,0,0,0,0,0,0,0,1,0,1
1,0,0,1,-0.8338606629262776,2,0,-1.5125040551986266,-0.9157669389912079,1,-0.48833686495938344,-1.109762475828853,0,0,1.0,0,0,0,1,1,0,1,0,1,0,1,0,1,0,1,0,0,0,0,0
1,0,0,1,-1.2816237461508113,0,1,-1.3349721634107725,-0.9980836724949199,0,0.7624688482122562,-1.109762475828853,1,1,0.0,1,0,0,0,0,0,0,0,0,0,0,0,0,0,0,0,0,1,0,0
1,0,0,0,1.4456604880349857,1,0,1.4441485725205894,2.1400662769108485,1,-0.47874668690236477,1.5864004343995892,0,1,3.0,0,1,1,0,0,0,0,1,0,1,0,1,0,1,0,1,0,1,0,1
1,1,1,0,0.7943687306174818,1,1,1.3329837430833347,1.3501810540072927,1,-0.43138405524704765,1.0471678523539008,0,0,3.0,0,1,1,0,0,0,0,1,0,1,0,0,0,1,0,1,0,0,0,0
0,0,1,1,-0.2639803751859618,0,1,-0.16193433636392318,-0.2997736216714532,1,-0.40362433869222436,-0.031297311737476054,0,1,2.0,0,1,0,0,0,0,0,1,0,0,0,1,0,0,0,0,0,1,0,1
1,0,0,0,-0.7931549280876836,0,1,0.1732193285066055,-0.6000805108502403,1,-0.08271717534552278,-1.109762475828853,0,1,1.0,0,0,1,0,0,0,0,0,0,0,0,0,0,0,0,0,0,1,0,0
0,0,1,0,1.0386031396490458,1,1,0.1151481489498308,0.7340561001201015,1,-0.5262402958772041,0.5079352703082123,0,1,3.0,0,1,0,0,0,1,0,0,0,0,0,1,0,0,0,1,0,1,0,0
1,0,1,1,0.1023712383613841,1,0,-1.4892755833759168,-0.6812563941028347,1,-0.5956095968324508,-1.109762475828853,0,0,2.0,0,0,0,1,1,0,1,0,1,0,1,0,1,0,1,0,0,0,0,0
1,1,0,0,0.7536629957788878,1,1,0.9646465470375066,1.1436652191271115,1,-0.4515745157408119,0.5079352703082123,0,0,3.0,0,0,1,0,0,0,0,0,0,1,0,0,0,1,0,1,0,0,0,0
1,0,1,1,1.3235432835192036,2,1,-1.4959122896109767,-0.45295470731188947,1,-0.6251118630286984,-1.109762475828853,0,0,3.0,0,0,0,1,1,0,1,0,1,0,1,0,1,0,1,0,1,0,0,0
0,0,0,0,-0.38609757970174374,1,0,-0.3029643438589475,-0.42627636297806387,1,-0.39200179321192186,-0.031297311737476054,0,0,1.0,0,0,0,0,0,0,0,1,0,1,0,0,0,0,0,0,0,0,0,0
1,0,1,0,-1.1595065416350294,0,1,0.5199872292884885,-0.8688823815558582,1,1.1966189048874831,-0.031297311737476054,0,1,0.0,0,0,1,0,0,0,0,0,0,1,0,1,0,0,0,0,0,0,1,1
0,0,1,0,0.06166550352279012,0,1,1.1786803231181906,0.4893876001112008,1,-0.3292400476182882,0.5079352703082123,0,1,2.0,0,1,1,0,0,0,0,0,0,1,0,0,0,1,0,1,0,1,0,0
1,0,1,0,-0.7931549280876836,1,1,0.3441145140593994,-0.5747624110465932,1,-0.04035505348350281,0.5079352703082123,0,1,1.0,0,1,0,0,0,0,0,0,0,1,0,0,0,1,0,1,0,0,1,1
1,1,0,0,1.4456604880349857,0,1,1.0276952562705766,1.844608001299311,1,-0.499692303368263,0.5079352703082123,0,1,3.0,0,1,1,0,0,0,0,1,0,1,0,0,0,0,0,1,0,1,0,0
1,0,1,1,1.4863662228735797,2,0,-0.8571293144864547,0.21069104741992875,0,-0.595422234696923,0.5079352703082123,0,1,3.0,1,0,0,0,0,1,0,0,0,1,0,1,0,0,0,0,0,0,1,0
0,0,1,1,0.14307697319997809,2,0,-1.4826388771408567,-0.693893504576752,1,-0.5967205542543841,-1.109762475828853,0,0,2.0,0,0,0,1,1,0,1,0,1,0,1,0,1,0,1,0,0,0,0,0
0,0,1,0,-1.1595065416350294,1,0,-1.4743429943470319,-0.974235514360982,1,-0.1875942731592619,-1.109762475828853,0,0,0.0,0,0,0,1,1,0,1,0,1,0,1,0,1,0,1,0,0,0,0,0
1,0,1,1,-0.6303319887333076,1,1,-0.09390809745455836,-0.5277242776159007,1,-0.2624477312067148,-0.031297311737476054,0,1,1.0,0,1,0,0,0,1,0,0,0,0,0,1,0,0,0,0,0,0,1,0
1,0,1,0,-0.7524491932490895,0,1,0.7024966507526377,-0.4667765468927366,1,0.0012667594527732036,-0.5705298937831644,0,1,1.0,0,1,1,0,0,0,0,0,0,0,0,0,0,1,0,0,0,1,0,1
1,0,1,1,1.5270719577121736,2,0,0.13339909109624562,1.123020217467465,1,-0.5479127066422883,0.5079352703082123,0,0,3.0,0,1,0,0,0,1,0,0,0,1,0,0,0,1,0,0,1,0,0,0
1,0,1,0,0.387311382231542,0,1,1.3678264508173998,0.9711993763572074,1,-0.3754644013177171,1.0471678523539008,0,0,2.0,0,1,1,0,0,0,0,0,0,1,0,1,0,1,0,1,0,0,0,1
1,0,1,0,0.428017117070136,1,1,0.5067138168183688,0.5626433498896906,1,-0.44984310170313546,1.0471678523539008,0,1,2.0,0,1,0,0,0,1,0,0,0,1,0,0,0,1,0,1,0,1,0,0
1,0,1,0,-0.9966836022806536,0,1,0.3341594547068096,-0.7201549997803617,1,0.29991286386773947,-0.5705298937831644,1,1,1.0,0,0,1,0,0,1,0,0,0,0,0,0,0,0,0,0,0,0,1,0
1,0,1,1,1.2828375486806096,2,1,1.4690362209020642,1.9490177387044718,1,-0.46627945542824056,1.5864004343995892,0,0,3.0,0,1,1,0,0,0,0,1,0,1,0,1,0,1,0,1,1,0,0,0
0,0,0,0,0.7943687306174818,1,0,-0.23161975183205266,0.32598274106651887,1,-0.5338322568998026,0.5079352703082123,0,0,3.0,0,0,0,0,0,1,0,0,0,1,0,1,0,0,0,0,1,0,0,0
1,0,0,0,0.9164859351332638,2,1,0.427073341997649,0.888114762876782,1,-0.4997578701813321,0.5079352703082123,0,0,3.0,0,1,0,0,0,0,0,0,0,1,0,0,0,1,0,1,0,0,0,0
1,1,1,0,-1.1595065416350294,0,1,0.17487850506537042,-0.8859073776109969,1,0.9570878391356342,-1.109762475828853,1,1,0.0,0,0,1,0,0,0,0,0,0,0,0,0,0,0,0,0,0,1,0,0
0,0,0,0,-1.0780950719578415,0,1,-0.5070430605870415,-0.8916116288665846,1,0.15706066004824124,-0.5705298937831644,0,0,0.0,0,0,0,0,0,0,0,0,0,0,0,1,0,0,0,0,0,0,0,1
1,1,0,0,-1.2816237461508113,0,1,0.3242043953542197,-0.9761442445888133,1,3.6414480038835237,-1.109762475828853,1,1,0.0,0,1,1,0,0,0,0,0,0,0,0,0,0,0,0,0,0,1,0,1
0,0,0,0,-1.0780950719578415,0,0,-1.1773503903280982,-0.9380793371717184,0,-0.17525579106352782,-0.5705298937831644,1,0,0.0,1,0,0,0,0,1,0,0,0,0,0,0,0,0,0,0,0,0,0,0
0,0,0,0,-1.2816237461508113,0,0,0.17156015194784016,-0.9781626719561751,1,3.3765819215617667,-1.109762475828853,1,1,0.0,0,0,1,0,0,0,0,0,0,0,0,0,0,0,0,0,0,1,0,0
0,0,0,0,-1.2816237461508113,0,1,-1.5108448786398618,-1.0004092518529673,1,0.4572970577111019,-1.109762475828853,0,1,0.0,0,0,0,1,1,0,1,0,1,0,1,0,1,0,1,0,0,0,1,0
0,0,1,0,-0.7931549280876836,0,1,0.37397969211716947,-0.5782727195115703,1,-0.03295196422606233,1.0471678523539008,0,1,1.0,0,1,0,0,0,1,0,1,0,0,0,1,0,1,0,0,0,1,0,0
0,0,0,0,-0.7931549280876836,0,1,0.4751894622018339,-0.5211424492440687,1,-0.007863717298069894,-0.031297311737476054,0,1,1.0,0,0,1,0,0,0,0,1,0,1,0,0,0,0,0,0,0,1,0,1
1,0,1,1,-0.3453918448631497,2,1,-1.3548822821159523,-0.7511773508395962,1,-0.5487334184466656,-1.109762475828853,0,0,1.0,0,1,0,1,1,0,1,0,1,0,1,0,1,0,1,0,0,0,0,0
0,0,0,0,1.4049547531963917,2,1,-1.2885152197653527,-0.23685134243673958,1,-0.6155460570640438,-1.109762475828853,0,1,3.0,0,1,0,1,1,0,1,0,1,0,1,0,1,0,1,0,0,0,1,0
1,0,1,1,1.0793088744876398,1,0,0.3922306342635843,0.9840120022543737,1,-0.5124390878908365,1.5864004343995892,0,0,3.0,0,0,0,0,0,0,0,1,0,1,0,1,0,1,0,1,1,0,0,0
1,0,1,1,1.5677776925507676,2,0,0.680927355488693,1.6369293767401056,1,-0.5230753164381775,2.1256330164452777,0,0,3.0,0,0,0,0,0,1,0,1,0,1,0,1,0,1,0,1,0,0,0,0
0,1,0,0,1.2828375486806096,0,1,1.4607403381082393,2.1114353234933794,1,-0.4667223752983438,1.5864004343995892,0,0,3.0,0,1,1,0,0,1,0,0,0,1,0,1,0,1,0,1,0,0,0,0
1,1,0,0,-1.0780950719578415,0,1,0.6709722961361032,-0.787947832010231,1,0.741082145912984,-0.031297311737476054,1,0,0.0,0,0,1,0,0,1,0,0,0,0,0,0,0,1,0,0,0,0,0,1
0,0,0,0,0.18378270803857208,1,0,0.5017362871420736,0.3158247859459915,1,-0.41715497951936553,-0.031297311737476054,0,1,2.0,0,0,1,0,0,0,0,1,0,1,0,0,0,0,0,0,0,1,0,0
1,0,0,0,-0.1418631706701798,0,1,0.6626764133422782,0.09515802006637136,1,-0.3338464142673622,-0.5705298937831644,0,1,2.0,0,1,1,0,0,0,0,0,0,0,0,0,0,0,0,1,0,1,0,0
1,0,1,1,1.6084834273893616,2,0,-1.3333129868520075,-0.23244151742761218,1,-0.6207031647699722,-1.109762475828853,0,0,3.0,0,1,0,1,1,0,1,0,1,0,1,0,1,0,1,0,0,0,0,0
1,0,0,0,-0.3453918448631497,0,1,1.0310136093881064,-0.07761497469421802,1,-0.21753565637824304,0.5079352703082123,0,1,1.0,0,0,1,0,0,0,0,0,0,0,0,1,0,1,0,1,0,1,0,1
1,1,1,0,-0.4675090493789317,0,0,0.7174292397815226,-0.1939817003082073,1,-0.20670022573780752,-0.031297311737476054,0,0,1.0,0,0,1,0,0,0,0,0,0,1,0,0,0,1,0,0,0,0,0,0
0,0,0,0,-1.1188008067964355,0,1,-0.6928708351687206,-0.9202206428561476,1,0.18571335735944572,-1.109762475828853,1,0,0.0,0,0,0,0,0,0,0,0,0,0,0,0,0,0,0,0,1,0,0,0
0,0,0,0,1.2421318138420157,2,0,1.079129729592291,1.7348231040571536,1,-0.4843990304892466,0.5079352703082123,0,0,3.0,0,1,1,0,0,0,0,1,0,0,0,0,0,1,0,1,0,0,0,0
1,0,1,0,1.1607203441648277,1,1,1.0476053749757561,1.4806328923370025,1,-0.4805071846749772,-0.031297311737476054,0,0,3.0,0,1,1,0,0,0,0,0,0,0,0,0,0,1,0,1,0,0,0,0
0,0,0,0,0.8350744654560759,2,0,-1.5340733504625714,-0.5676320969771086,1,-0.6198676619404218,-1.109762475828853,0,1,3.0,0,0,0,1,1,0,1,0,1,0,1,0,1,0,1,0,0,0,1,0
0,1,0,0,-1.2816237461508113,0,1,-1.2984702791179428,-0.9976010050809855,0,0.8258063896370242,-1.109762475828853,1,1,0.0,1,0,0,0,0,0,0,0,0,0,0,0,0,0,0,0,0,0,1,1
1,0,0,0,-0.2639803751859618,1,1,0.6726314726948681,-0.05034426580692749,1,-0.2963557079290653,0.5079352703082123,0,1,2.0,0,0,1,0,0,0,0,1,0,1,0,1,0,0,0,0,0,1,0,0
1,0,1,1,-0.9966836022806536,2,0,-1.4859572302583868,-0.9363022435113237,1,-0.40191827697034505,-1.109762475828853,0,1,1.0,0,0,0,1,1,0,1,0,1,0,1,0,1,0,1,0,0,0,1,0
1,1,0,0,1.1200146093262338,1,1,0.22631297838708508,0.9105807370526351,1,-0.5242932452339966,0.5079352703082123,0,1,3.0,0,1,0,0,0,1,0,1,0,0,0,0,0,0,0,1,0,1,0,0
0,0,1,1,-0.5082147842175256,0,1,1.0144218438004564,-0.1681151148069076,1,-0.13604683684819538,0.5079352703082123,0,0,1.0,0,1,1,0,0,0,0,0,0,1,0,1,0,0,0,1,0,0,0,0
0,0,0,0,1.0793088744876398,0,1,1.145496791942891,1.458693464430896,1,-0.46887053666834466,1.0471678523539008,0,0,3.0,0,1,1,0,0,1,0,1,0,1,0,0,0,0,0,1,0,0,0,0
1,0,0,0,-1.1595065416350294,0,1,-1.4842980536996218,-0.9844812271931339,1,-0.19450382313287287,-1.109762475828853,0,1,0.0,0,0,0,1,1,0,1,0,1,0,1,0,1,0,1,0,0,1,0,0
1,0,0,0,-1.2409180113122174,0,0,-1.4992306427285067,-0.9916773595463367,1,0.09838432297075066,-1.109762475828853,0,1,0.0,0,0,0,1,1,0,1,0,1,0,1,0,1,0,1,0,0,0,1,0
0,0,1,1,0.14307697319997809,0,0,-0.46058611694162177,-0.21252051688886736,1,-0.500858329395276,-0.5705298937831644,0,0,2.0,0,0,0,0,0,1,0,0,0,0,0,0,0,0,0,0,1,0,0,0
1,0,0,0,-0.30468611002455576,0,1,-1.4859572302583868,-0.7735775067317312,1,-0.5704985008635405,-1.109762475828853,0,1,2.0,0,0,0,1,1,0,1,0,1,0,1,0,1,0,1,0,0,0,1,0
1,0,1,0,1.5677776925507676,2,0,0.6062644103442684,1.679140836031455,1,-0.5266740403827667,1.5864004343995892,0,1,3.0,0,1,0,0,0,1,0,0,0,1,0,1,0,1,0,1,0,1,0,0
1,0,1,0,1.1607203441648277,0,0,1.1438376153841259,1.5990838636020719,1,-0.4751207075450116,1.0471678523539008,0,0,3.0,0,1,1,0,0,1,0,0,0,1,0,1,0,1,0,0,0,0,0,0
0,0,1,1,0.18378270803857208,1,0,0.3374778078243394,0.1577292684545875,1,-0.43215597617260004,1.0471678523539008,0,0,2.0,0,0,0,0,0,1,0,1,0,0,0,0,0,1,0,1,0,0,0,0
0,1,0,0,0.8757802002946699,1,0,0.5813767619627935,0.8998523568065491,1,-0.487112795500189,1.5864004343995892,0,0,3.0,0,1,0,0,0,1,0,1,0,0,0,1,0,1,0,1,0,0,0,1
0,0,1,1,1.5677776925507676,2,0,1.6167029346321486,2.5745766465912894,1,-0.4779713096659943,2.1256330164452777,0,0,3.0,0,1,1,0,0,1,0,1,0,1,0,1,0,1,0,1,1,0,0,0
1,0,0,0,-1.2816237461508113,0,1,0.47187110908430413,-0.9741916355051697,1,3.8976771487382664,-0.5705298937831644,1,1,0.0,0,1,1,0,0,0,0,1,0,0,0,0,0,0,0,0,0,1,0,1
1,0,0,0,1.6084834273893616,2,0,0.7207475928990529,1.7224492667181095,1,-0.5230545019009029,2.1256330164452777,0,0,3.0,0,1,0,0,0,1,0,1,0,1,0,1,0,1,0,1,0,0,0,0
0,1,1,0,-0.10115743583158582,0,1,0.8335715988950722,0.143863550017928,1,-0.32522805085941725,-0.031297311737476054,0,1,2.0,0,1,1,0,0,0,0,1,0,0,0,0,0,1,0,0,0,1,0,0
1,0,1,0,-0.10115743583158582,0,0,-0.49874717779321653,-0.3762105884963286,1,-0.4743777451822578,-1.109762475828853,0,1,2.0,0,1,0,0,0,0,0,0,0,0,0,0,0,0,0,0,0,1,0,0
1,0,0,0,0.7536629957788878,0,1,0.7439760647217625,0.9537794705997589,1,-0.46630160142174565,0.5079352703082123,0,1,3.0,0,1,1,0,0,0,0,1,0,1,0,1,0,0,0,0,0,1,0,0
0,0,0,1,-0.4268033145403377,0,1,0.6576988836659831,-0.21175263691215362,1,-0.23541036174475852,-0.5705298937831644,0,1,1.0,0,1,1,0,0,0,0,0,0,0,0,0,0,0,0,1,0,1,0,0
1,0,1,0,1.5677776925507676,2,1,1.3379612727596297,2.1906147188065175,1,-0.4914065457257937,1.5864004343995892,0,1,3.0,0,0,1,0,0,0,0,1,0,1,0,1,0,1,0,1,0,1,0,0
0,0,1,1,0.428017117070136,1,1,-0.1503201004525682,0.14972137726885862,0,-0.5016647265052182,1.5864004343995892,0,0,2.0,1,0,0,0,0,1,0,0,0,1,0,1,0,1,0,1,1,0,0,0
0,0,0,0,-1.2816237461508113,0,1,0.1732193285066055,-0.9781407325282689,1,3.3794609007174383,-1.109762475828853,1,1,0.0,0,0,1,0,0,0,0,0,0,0,0,0,0,0,0,0,0,0,1,1
0,1,1,0,1.5677776925507676,2,1,1.1438376153841259,2.1364243318784344,1,-0.5007632279817252,1.5864004343995892,0,1,3.0,0,0,1,0,0,1,0,1,0,1,0,1,0,1,0,0,0,1,0,0
0,0,0,0,0.346605647392948,1,1,0.4950995809070136,0.4481853545035326,1,-0.4408073446128252,1.5864004343995892,0,0,2.0,0,0,0,0,0,1,0,0,0,1,0,1,0,1,0,1,0,0,0,0
1,0,1,0,-0.5896262538947137,0,1,0.27276992203250505,-0.43588583240093853,1,-0.21638406471597452,-1.109762475828853,0,1,1.0,0,1,1,0,0,0,0,0,0,0,0,0,0,0,0,0,0,1,0,0
1,0,1,1,1.3642490183577978,2,1,-1.3150620447055927,-0.27511370470498947,1,-0.6162613784872703,-1.109762475828853,0,0,3.0,0,1,0,1,1,0,1,0,1,0,1,0,1,0,1,0,1,0,0,0
0,0,0,0,-1.2816237461508113,0,0,0.435369224791474,-0.9746743029191041,1,3.834339607313498,-0.5705298937831644,1,1,0.0,0,0,1,0,0,0,0,0,0,0,0,0,0,1,0,0,0,1,0,1
0,0,1,0,0.18378270803857208,0,1,1.1471559685016557,0.6418008057749233,1,-0.35821166943746435,0.5079352703082123,0,1,2.0,0,1,1,0,0,0,0,0,0,1,0,0,0,1,0,1,0,1,0,1
0,0,0,0,-1.0780950719578415,0,0,-0.2880317548300625,-0.8381891219152151,1,0.2656393024907006,-0.031297311737476054,1,1,0.0,0,0,0,0,0,1,0,1,0,0,0,0,0,0,0,0,0,1,0,1
0,0,1,1,-1.2816237461508113,0,0,-1.472683817788267,-0.9999046450111266,1,0.5235135782915412,-1.109762475828853,0,1,0.0,0,0,0,1,1,0,1,0,1,0,1,0,1,0,1,0,0,0,1,1
0,0,1,0,0.020959768684196134,0,1,0.9978300782128064,0.31102005123455423,1,-0.3379785961143257,0.5079352703082123,0,0,2.0,0,1,1,0,0,0,0,0,0,1,0,1,0,0,0,1,1,0,0,0
1,0,1,0,0.5501343215859179,1,1,0.9862158423014517,0.8833539070211568,1,-0.42783589546868117,0.5079352703082123,0,1,2.0,0,1,1,0,0,0,0,1,0,1,0,0,0,1,0,0,0,1,0,0
1,0,0,0,1.1607203441648277,2,1,1.5486766957227835,2.008210315195148,1,-0.45246035548101843,1.5864004343995892,0,0,3.0,0,1,1,0,0,1,0,0,0,1,0,1,0,1,0,1,1,0,0,1
0,0,1,1,0.9164859351332638,1,0,-1.5191407614336867,-0.5709668900188368,1,-0.6203665326671319,-1.109762475828853,0,0,3.0,0,0,0,1,1,0,1,0,1,0,1,0,1,0,1,0,1,0,0,0
0,0,1,0,0.18378270803857208,0,1,0.46523440284924406,0.23708417919097502,1,-0.42048853433119543,-0.5705298937831644,0,0,2.0,0,1,1,0,0,0,0,0,0,1,0,0,0,0,0,0,1,0,0,1
0,0,1,1,-0.019745966154397852,0,1,-0.9882042626288892,-0.54773303586627,0,-0.5370848942992344,-0.031297311737476054,0,1,2.0,1,0,0,0,0,1,0,1,0,0,0,0,0,0,0,0,0,1,0,0
1,0,1,1,-0.9966836022806536,2,0,-1.5008898192872717,-0.9517695401851288,1,-0.4076762352816876,-1.109762475828853,0,1,1.0,0,0,0,1,1,0,1,0,1,0,1,0,1,0,1,0,0,0,1,0
1,0,1,1,1.5270719577121736,2,1,1.2002496183821352,2.060316456472151,1,-0.49576668982266514,1.5864004343995892,0,0,3.0,0,0,1,0,0,1,0,1,0,1,0,1,0,1,0,0,1,0,0,0
1,1,1,0,-0.10115743583158582,0,1,-0.4821554122055666,-0.3386722273489802,1,-0.47252033927537307,-0.5705298937831644,0,0,2.0,0,0,0,0,0,0,0,1,0,0,0,0,0,0,0,0,0,0,0,1
0,0,0,0,1.1200146093262338,1,1,0.473530285643069,1.0819057295714214,1,-0.5102287241128485,-0.5705298937831644,0,0,3.0,0,1,1,0,0,0,0,0,0,1,0,0,0,0,0,0,0,0,0,0
0,0,0,0,-1.2816237461508113,0,0,-1.477661347464562,-0.999970463294845,1,0.5148766408245272,-1.109762475828853,0,1,0.0,0,0,0,1,1,0,1,0,1,0,1,0,1,0,1,0,0,0,1,0
1,1,1,0,0.020959768684196134,0,1,1.4922646927247742,0.6122703358133037,1,-0.28751178503255875,1.5864004343995892,0,0,2.0,0,1,1,0,0,1,0,0,0,1,0,1,0,1,0,1,0,0,0,0
0,0,1,0,1.1607203441648277,0,1,1.3744631570524595,1.953493381997318,1,-0.462211736492163,1.0471678523539008,0,1,3.0,0,1,1,0,0,0,0,0,0,1,0,1,0,1,0,1,0,1,0,0
0,0,0,0,-1.0780950719578415,0,1,1.102358201415001,-0.7599311825741328,1,0.9549491689057068,1.5864004343995892,0,0,0.0,0,0,1,0,0,1,0,1,0,1,0,1,0,0,0,1,0,0,0,1
0,0,1,1,1.6084834273893616,2,0,-1.3183803978231226,-0.22465302052094435,1,-0.6199932794987107,-1.109762475828853,0,0,3.0,0,1,0,1,1,0,1,0,1,0,1,0,1,0,1,0,0,0,0,0
1,0,1,1,-1.1595065416350294,0,0,-1.5290958207862766,-0.9719757532866531,1,-0.22559679801412252,-1.109762475828853,0,1,0.0,0,0,0,1,1,0,1,0,1,0,1,0,1,0,1,0,0,0,1,0
0,0,0,0,1.0386031396490458,1,1,1.4209201006978793,1.7698164915673935,1,-0.4494349875547198,1.5864004343995892,0,1,3.0,0,1,1,0,0,1,0,1,0,1,0,0,0,1,0,1,0,1,0,0
1,0,0,0,-1.2816237461508113,0,0,-1.4710246412295018,-0.9998827055832207,1,0.5263925574472125,-1.109762475828853,0,1,0.0,0,0,0,1,1,0,1,0,1,0,1,0,1,0,1,0,0,0,1,1
1,0,0,0,-0.9966836022806536,0,0,1.1919537355883103,-0.6493125870715435,1,0.6306755801970828,0.5079352703082123,1,1,1.0,0,1,1,0,0,0,0,1,0,0,0,0,0,1,0,1,0,1,0,1
1,0,0,0,-1.1595065416350294,0,0,-1.4992306427285067,-0.9745646057795735,1,-0.20486814809328943,-1.109762475828853,0,1,0.0,0,0,0,1,1,0,1,0,1,0,1,0,1,0,1,0,0,0,1,0
0,1,1,0,1.6084834273893616,2,1,1.522129870782544,2.4497193623776363,1,-0.48495732567654065,1.5864004343995892,0,0,3.0,0,1,1,0,0,0,0,1,0,1,0,1,0,1,0,1,1,0,0,0
0,0,1,1,-0.3453918448631497,2,1,-0.4124699967374369,-0.478799353385283,0,-0.41791260561296323,1.5864004343995892,0,1,1.0,1,0,0,0,0,1,0,1,0,1,0,1,0,0,0,1,0,0,1,0
0,0,1,1,-1.0373893371192475,0,1,0.13505826765501053,-0.7864998297684279,1,0.3335009540172375,-1.109762475828853,1,1,1.0,0,0,1,0,0,0,0,0,0,0,0,0,0,0,0,0,0,1,0,1
1,1,1,0,-0.9152721326034655,0,0,0.3441145140593994,-0.6927965331814466,1,0.12856998320900087,-0.5705298937831644,1,1,1.0,0,0,1,0,0,1,0,0,0,0,0,0,0,0,0,0,0,1,0,0
0,1,0,0,-1.2409180113122174,0,1,0.3490920437356946,-0.9394176422739908,1,2.2365061759159452,-1.109762475828853,1,1,0.0,0,1,1,0,0,0,0,0,0,0,0,0,0,0,0,0,0,0,1,1
0,0,0,1,-0.6303319887333076,0,1,0.9215079565096169,-0.3257937831680957,1,-0.06667714862106859,0.5079352703082123,0,0,1.0,0,1,1,0,0,0,0,1,0,1,0,1,0,0,0,0,1,0,0,0
1,0,1,0,1.0793088744876398,1,1,0.13837662077254032,0.788751093890025,1,-0.52712188158476,0.5079352703082123,0,1,3.0,0,1,0,0,0,1,0,0,0,0,0,1,0,0,0,1,0,0,1,0
0,0,1,0,1.6084834273893616,2,1,1.6167029346321486,2.581575324093337,1,-0.48046138562521845,2.1256330164452777,0,0,3.0,0,1,1,0,0,1,0,1,0,1,0,1,0,1,0,1,0,0,0,0
0,1,1,0,1.4456604880349857,1,1,1.0492645515345211,1.8791406608235222,1,-0.49860747064293764,0.5079352703082123,0,0,3.0,0,1,1,0,0,1,0,1,0,0,0,0,0,0,0,1,1,0,0,1
0,0,1,1,-0.1825689055087738,1,0,-1.4942531130522119,-0.770659562820219,1,-0.5807238406233384,-1.109762475828853,0,1,2.0,0,0,0,1,1,0,1,0,1,0,1,0,1,0,1,0,0,0,1,0
1,0,1,1,0.18378270803857208,1,1,-0.20507292689181286,-0.04222667748166806,1,-0.4817047226938897,0.5079352703082123,0,1,2.0,0,0,0,0,0,1,0,0,0,1,0,1,0,0,0,0,0,0,1,0
1,0,1,1,0.9164859351332638,1,0,-1.5075265255223318,-0.5585711132518866,1,-0.6196467878782141,-1.109762475828853,0,1,3.0,0,0,0,1,1,0,1,0,1,0,1,0,1,0,1,0,0,0,1,0
1,0,0,0,0.5094285867473239,0,1,1.4441485725205894,1.169531804628411,1,-0.3882466030088723,1.5864004343995892,0,0,2.0,0,1,1,0,0,1,0,0,0,1,0,1,0,1,0,1,1,0,0,0
1,1,1,0,1.4049547531963917,0,0,0.6278337056082129,1.4433797437524336,1,-0.5177454416287404,-0.031297311737476054,0,0,3.0,0,1,1,0,0,1,0,1,0,0,0,0,0,0,0,0,0,0,0,0
1,0,0,0,1.3235432835192036,2,0,1.3329837430833347,1.9010581493017231,1,-0.47636460665234953,1.0471678523539008,0,0,3.0,0,1,1,0,0,0,0,1,0,1,0,0,0,1,0,1,1,0,0,0
0,0,1,1,1.5270719577121736,2,0,0.3457736906181643,1.3771007320480855,1,-0.5375321620809947,1.0471678523539008,0,0,3.0,0,0,0,0,0,1,0,0,0,0,0,1,0,1,0,1,1,0,0,0
0,0,1,1,1.4863662228735797,2,1,-1.3051069853530026,-0.27465297671896116,1,-0.6176315024692443,-1.109762475828853,0,0,3.0,0,1,0,1,1,0,1,0,1,0,1,0,1,0,1,0,0,0,0,0
0,0,1,1,1.3235432835192036,2,1,-1.3150620447055927,-0.24167801657608304,1,-0.6156025076357236,-1.109762475828853,0,0,3.0,0,1,0,1,1,0,1,0,1,0,1,0,1,0,1,0,0,0,0,0
1,0,1,1,1.5677776925507676,2,1,0.659358060224748,1.6906809751100669,1,-0.5241149477999477,-0.031297311737476054,0,1,3.0,0,1,1,0,0,0,0,1,0,0,0,1,0,0,0,0,0,1,0,0
1,0,1,1,1.5270719577121736,1,0,-0.15197927701133307,0.8070924556195301,0,-0.5618615633965266,1.5864004343995892,0,1,3.0,1,0,0,0,0,0,0,1,0,1,0,1,0,1,0,1,0,1,0,0
1,0,1,1,0.9571916699718578,2,1,-0.17023021915774814,0.5081677503988279,1,-0.5389307469636361,0.5079352703082123,0,0,3.0,0,0,0,0,0,1,0,1,0,1,0,0,0,0,0,0,0,0,0,0
0,0,1,0,0.46872285190873,0,1,1.0011484313303363,0.7728011298022858,1,-0.41637715006327186,1.0471678523539008,0,0,2.0,0,1,1,0,0,1,0,1,0,1,0,1,0,0,0,0,1,0,0,0
1,0,0,0,-0.8338606629262776,0,1,-0.5269531792922214,-0.7486981954862063,1,-0.22524246211803997,-0.5705298937831644,0,0,1.0,0,0,0,0,0,0,0,1,0,0,0,0,0,0,0,0,0,0,0,0
0,0,1,1,-1.2816237461508113,0,1,-0.6381180087294758,-0.9888691127743552,1,1.9716400935941887,-1.109762475828853,1,1,0.0,0,0,0,0,0,0,0,0,0,0,0,0,0,0,0,0,0,1,0,1
0,0,1,1,0.020959768684196134,0,0,0.704155827311403,0.19585999415540062,1,-0.3679538496763147,-0.5705298937831644,0,0,2.0,0,1,1,0,0,0,0,0,0,0,0,0,0,0,0,1,1,0,0,1
0,0,0,0,-0.6710377235719016,0,1,1.0177401969179862,-0.32632032943784217,1,-0.012145896378354084,0.5079352703082123,0,0,1.0,0,1,1,0,0,0,0,1,0,1,0,0,0,0,0,1,1,0,0,1
1,1,0,0,0.428017117070136,0,1,0.6610172367835129,0.590725817609507,1,-0.4376728716359797,-0.5705298937831644,0,1,2.0,0,1,1,0,0,0,0,0,0,0,0,0,0,1,0,0,0,1,0,0
1,0,1,0,0.020959768684196134,0,1,0.2594965095623849,0.0649913066954748,1,-0.4133401093068971,1.0471678523539008,0,0,2.0,0,1,0,0,0,1,0,1,0,1,0,0,0,1,0,0,0,0,0,0
0,0,0,0,-0.06045170099299184,0,1,0.8285940692187774,0.2227138539124752,1,-0.336221572070791,-0.031297311737476054,0,1,2.0,0,1,1,0,0,0,0,0,0,1,0,0,0,0,0,1,0,1,0,1
1,1,0,0,-1.2002122764736234,0,0,0.866755130070372,-0.8820679777274283,1,1.961563666549339,-0.031297311737476054,1,1,0.0,0,1,1,0,0,0,0,0,0,1,0,0,0,1,0,0,0,1,0,1
1,0,1,0,0.6722515261016999,1,0,0.6444254711958629,0.7722745835325391,1,-0.4654733412646525,1.5864004343995892,0,1,3.0,0,1,0,0,0,1,0,0,0,1,0,1,0,1,0,1,0,1,0,1
1,1,0,0,-1.2409180113122174,0,1,-0.6713015399047756,-0.9678072619844929,1,1.0561247220907257,-1.109762475828853,1,1,0.0,0,0,0,0,0,0,0,0,0,0,0,0,0,0,0,0,0,1,0,1
1,0,0,0,-0.9966836022806536,0,1,0.9646465470375066,-0.6694529818893492,1,0.5430266592355353,0.5079352703082123,1,1,1.0,0,1,1,0,0,0,0,1,0,1,0,0,0,1,0,0,0,1,0,1
1,0,0,0,-0.2639803751859618,0,0,0.8252757161012472,0.015781169902077886,1,-0.2767359981274537,0.5079352703082123,0,1,2.0,0,0,1,0,0,0,0,1,0,1,0,0,0,1,0,0,0,1,0,1
1,0,0,0,-1.2816237461508113,0,0,-1.5058673489635668,-1.0003434335692487,1,0.46593399517811585,-1.109762475828853,0,1,0.0,0,0,0,1,1,0,1,0,1,0,1,0,1,0,1,0,0,0,1,1
0,0,1,1,1.5677776925507676,2,0,-0.2083912800093429,0.8099665206752302,0,-0.5659401172003943,1.5864004343995892,0,1,3.0,1,0,0,0,0,1,0,1,0,0,0,1,0,1,0,1,0,0,1,0
0,0,1,1,1.6084834273893616,2,1,-0.16359351292268806,0.8620726619522334,0,-0.5650954851878286,1.5864004343995892,0,1,3.0,1,0,0,0,0,0,0,1,0,1,0,1,0,1,0,1,0,1,0,0
0,0,1,0,1.4049547531963917,1,0,0.3374778078243394,1.2133009633010936,1,-0.5325637166946955,1.0471678523539008,0,1,3.0,0,1,0,0,0,1,0,1,0,1,0,0,0,0,0,1,0,0,1,0
0,0,1,1,-0.5896262538947137,1,1,-0.34942128750436724,-0.5889572209018442,1,-0.3300279787556298,-0.031297311737476054,0,0,1.0,0,0,0,0,0,0,0,0,0,1,0,1,0,0,0,0,1,0,0,0
1,0,1,0,1.2014260790034217,1,0,1.034331962505636,1.624445842261531,1,-0.48408342811156635,0.5079352703082123,0,1,3.0,0,1,1,0,0,1,0,1,0,0,0,0,0,0,0,1,0,1,0,0
1,1,0,0,-0.06045170099299184,0,1,1.050923728093286,0.25388978096705256,1,-0.31211012164204416,0.5079352703082123,0,0,2.0,0,1,1,0,0,0,0,0,0,1,0,1,0,1,0,0,0,0,0,0
1,0,1,0,-0.9966836022806536,0,0,-1.4826388771408567,-0.939439581701897,1,-0.40063873067893563,-1.109762475828853,0,1,1.0,0,0,0,1,1,0,1,0,1,0,1,0,1,0,1,0,0,0,1,0
0,0,0,0,1.5270719577121736,2,1,-0.6746198930223056,0.3329594791406608,0,-0.5874074347778351,1.0471678523539008,0,0,3.0,1,0,0,0,0,1,0,1,0,1,0,1,0,0,0,0,0,0,0,0
1,0,1,0,1.4863662228735797,1,1,-0.1370466879824483,0.8618093888173599,0,-0.5597228931665994,1.5864004343995892,0,0,3.0,1,0,0,0,0,0,0,1,0,1,0,1,0,1,0,1,1,0,0,0
0,0,0,0,-1.2816237461508113,0,0,0.8518225410414869,-0.9691675065146714,1,4.556963375386986,-0.031297311737476054,1,1,0.0,0,0,1,0,0,0,0,0,0,0,0,0,0,1,0,1,0,1,0,1
0,0,0,0,-0.38609757970174374,1,1,0.4519609903791239,-0.2002124978335416,1,-0.28284050022605295,1.0471678523539008,0,1,1.0,0,1,0,0,0,1,0,0,0,1,0,0,0,1,0,1,0,1,0,0
1,0,1,0,1.6084834273893616,2,0,0.7207475928990529,1.665165420455265,1,-0.5230545019009029,1.5864004343995892,0,0,3.0,0,1,0,0,0,1,0,0,0,1,0,1,0,1,0,1,1,0,0,0
0,0,1,1,0.7129572609402939,0,1,0.1599459160364854,0.5521563033505716,1,-0.5022497597026273,-1.109762475828853,0,0,3.0,0,0,1,0,0,0,0,0,0,0,0,0,0,0,0,0,0,0,0,0
1,0,0,0,0.46872285190873,0,1,0.8451858348064274,0.7738761617696849,1,-0.42840488520252074,-0.031297311737476054,0,1,2.0,0,1,1,0,0,0,0,0,0,1,0,0,0,0,0,1,0,0,1,0
0,0,1,0,1.6084834273893616,2,0,-1.4892755833759168,-0.3842404191099636,1,-0.6281175220475914,-1.109762475828853,0,0,3.0,0,0,0,1,1,0,1,0,1,0,1,0,1,0,1,0,0,0,0,0
0,0,0,0,-0.9966836022806536,0,1,-1.1839870965631583,-0.9093386866147188,0,-0.28547956445208494,-0.5705298937831644,1,1,1.0,1,0,0,0,0,0,0,1,0,0,0,0,0,0,0,0,0,0,1,0
1,0,0,0,0.26519417771576004,1,0,-0.9749308501587693,-0.4344817090149477,0,-0.5573991457052361,-0.031297311737476054,0,1,2.0,1,0,0,0,0,0,0,0,0,1,0,1,0,0,0,0,0,0,1,0
0,0,0,0,-0.5896262538947137,0,1,-0.4954288246756865,-0.6172152040449095,1,-0.3566964172502689,-0.5705298937831644,0,1,1.0,0,0,0,0,0,0,0,0,0,1,0,0,0,0,0,0,0,0,1,0
1,1,1,1,-0.019745966154397852,0,1,0.9629873704787417,0.24664976975803737,1,-0.3318921981132096,0.5079352703082123,0,1,2.0,0,0,1,0,0,0,0,1,0,0,0,0,0,1,0,1,0,0,1,0
1,0,1,0,1.5677776925507676,1,1,1.118949967002651,2.046297162040149,1,-0.5019628026299215,0.5079352703082123,0,0,3.0,0,1,1,0,0,0,0,0,0,1,0,0,0,1,0,1,1,0,0,0
0,0,1,0,-1.2409180113122174,0,1,0.19147027065302033,-0.9468551083341611,1,2.054170829390098,-1.109762475828853,1,1,0.0,0,0,1,0,0,0,0,0,0,0,0,0,0,0,0,0,0,1,0,1
1,0,1,1,1.2421318138420157,2,0,-1.5008898192872717,-0.44909336800041477,1,-0.6242994238351472,-1.109762475828853,0,1,3.0,0,0,0,1,1,0,1,0,1,0,1,0,1,0,1,0,0,0,1,0
1,0,0,0,0.428017117070136,2,1,-0.16359351292268806,0.10935282992162249,1,-0.5027116280163715,-0.031297311737476054,0,1,2.0,0,0,0,0,0,0,0,1,0,0,0,0,0,0,0,1,0,1,0,0
0,0,1,0,0.387311382231542,0,1,0.695859944517578,0.6276498747754845,1,-0.4296963342501293,-0.031297311737476054,0,0,2.0,0,1,1,0,0,0,0,0,0,1,0,1,0,0,0,0,1,0,0,0
0,0,0,0,-0.3453918448631497,2,0,-1.3200395743818876,-0.7662716772389977,1,-0.5438967334651379,-1.109762475828853,0,0,1.0,0,1,0,1,1,0,1,0,1,0,1,0,1,0,1,0,1,0,0,0
1,0,1,1,1.2421318138420157,2,0,-0.1967770440979879,0.6179307082130792,0,-0.5535844983239717,1.5864004343995892,0,1,3.0,1,0,0,0,0,1,0,1,0,1,0,0,0,1,0,1,0,1,0,0
1,0,1,1,-1.0373893371192475,0,0,-1.4826388771408567,-0.9455826215156069,1,-0.36825021517763384,-1.109762475828853,0,1,1.0,0,0,0,1,1,0,1,0,1,0,1,0,1,0,1,0,0,0,1,0
1,0,0,1,-0.5082147842175256,0,1,-1.5108448786398618,-0.8445954348637982,1,-0.5533617201750209,-1.109762475828853,0,1,1.0,0,0,0,1,1,0,1,0,1,0,1,0,1,0,1,0,0,1,0,1
1,0,1,1,0.46872285190873,1,1,-1.4743429943470319,-0.6293477076769864,1,-0.6072854567415621,-1.109762475828853,0,0,2.0,0,0,0,1,1,0,1,0,1,0,1,0,1,0,1,0,0,0,0,0
1,0,1,0,-0.1825689055087738,0,0,-0.13372833486491825,-0.22539896106975188,1,-0.41791260561296323,0.5079352703082123,0,1,2.0,0,0,0,0,0,1,0,1,0,0,0,1,0,0,0,0,0,0,1,0
1,1,1,0,-0.9966836022806536,0,0,-0.13372833486491825,-0.7667324052250258,1,0.11949683677900665,-0.031297311737476054,1,0,1.0,0,0,0,0,0,1,0,0,0,0,0,0,0,1,0,0,0,0,0,0
0,0,1,1,1.5270719577121736,2,1,1.5022197520773641,2.365274504367033,1,-0.48100685302457574,1.5864004343995892,0,1,3.0,0,1,1,0,0,0,0,1,0,1,0,1,0,1,0,1,0,1,0,0
1,1,1,0,1.6084834273893616,2,0,0.31424933600162985,1.3433140130726815,1,-0.5423791565074635,1.5864004343995892,0,0,3.0,0,0,0,0,0,1,0,1,0,1,0,1,0,1,0,0,0,0,0,0
1,0,0,0,-1.2816237461508113,0,0,-0.1254324520710933,-0.9820898295513681,1,2.8612446526966098,-0.031297311737476054,1,1,0.0,0,1,0,0,0,1,0,1,0,0,0,0,0,0,0,0,0,1,0,0
1,0,1,0,1.4049547531963917,2,0,-1.3051069853530026,-0.2257280524883435,1,-0.6163928156392412,-1.109762475828853,0,0,3.0,0,1,0,1,1,0,1,0,1,0,1,0,1,0,1,0,1,0,0,0
1,0,1,1,0.1023712383613841,1,1,0.8219573629837174,0.3801073097108838,1,-0.37280859884078005,0.5079352703082123,0,1,2.0,0,0,1,0,0,0,0,1,0,0,0,1,0,1,0,0,0,1,0,0
1,1,1,0,0.5094285867473239,2,0,0.33913698438310474,0.5182160083798247,1,-0.4716118255165707,1.0471678523539008,0,0,2.0,0,1,0,0,0,1,0,0,0,1,0,1,0,0,0,1,1,0,0,0
0,0,0,1,-0.8745663977648716,0,0,-1.5008898192872717,-0.9140556636145317,1,-0.47069389013360313,-1.109762475828853,0,0,1.0,0,0,0,1,1,0,1,0,1,0,1,0,1,0,1,0,1,0,0,0
1,0,0,0,-1.1595065416350294,0,1,-0.12045492239479837,-0.8994878834848768,1,0.7521045232518397,-0.031297311737476054,0,1,0.0,0,0,0,0,0,0,0,0,0,0,0,1,0,1,0,0,0,1,0,0
0,0,0,0,-0.6710377235719016,1,0,-1.4876164068171518,-0.8789745183926672,1,-0.5235880757976027,-1.109762475828853,0,1,1.0,0,0,0,1,1,0,1,0,1,0,1,0,1,0,1,0,0,0,1,0
0,0,0,0,-0.5896262538947137,0,1,-1.5058673489635668,-0.8381233036314968,1,-0.5412541336506691,-1.109762475828853,0,1,1.0,0,0,0,1,1,0,1,0,1,0,1,0,1,0,1,0,0,0,1,0
0,1,0,0,-1.1595065416350294,0,1,0.9746016063900964,-0.8226779463855977,1,1.5121550203490541,-0.031297311737476054,1,1,0.0,0,1,1,0,0,0,0,0,0,0,0,0,0,1,0,1,0,1,0,1
0,0,1,0,-0.5082147842175256,1,0,-1.4793205240233267,-0.8364120282548204,1,-0.548152138845711,-1.109762475828853,0,1,1.0,0,0,0,1,1,0,1,0,1,0,1,0,1,0,1,0,0,0,1,0
1,0,0,0,1.4049547531963917,1,1,0.7920921849259474,1.5813129269981254,1,-0.5093625317342858,2.1256330164452777,0,0,3.0,0,1,0,0,0,1,0,1,0,1,0,1,0,1,0,1,0,0,0,0
1,1,1,0,0.30589991255435406,1,1,1.102358201415001,0.7974829861966557,1,-0.3840670457828766,1.5864004343995892,0,0,2.0,0,0,1,0,0,1,0,1,0,1,0,1,0,1,0,0,1,0,0,0
0,0,0,0,-1.0780950719578415,0,1,-1.459410405318147,-0.9608744027661631,1,-0.31509192148184656,-1.109762475828853,0,1,0.0,0,0,0,1,1,0,1,0,1,0,1,0,1,0,1,0,0,0,1,0
0,0,1,0,1.0793088744876398,0,0,0.9430772517735615,1.3546128184443262,1,-0.48057838523474117,0.5079352703082123,0,1,3.0,0,1,1,0,0,0,0,0,0,1,0,1,0,1,0,0,0,1,0,0
0,0,0,0,0.7129572609402939,2,0,-0.8372191957812748,-0.16085316416998635,0,-0.5701033468617815,0.5079352703082123,0,0,3.0,1,0,0,0,0,0,0,1,0,1,0,1,0,0,0,0,1,0,0,0
1,0,1,0,-1.2816237461508113,0,1,0.659358060224748,-0.9717124801517797,1,4.223001793329119,-0.031297311737476054,0,1,0.0,0,0,1,0,0,0,0,0,0,0,0,1,0,1,0,0,0,1,0,1
0,0,1,0,-0.7931549280876836,1,0,-0.7011667179625456,-0.7488737109094551,1,-0.2994631774939168,-1.109762475828853,0,1,1.0,0,0,0,0,0,0,0,0,0,0,0,0,0,0,0,0,0,1,0,0
1,0,0,1,-0.4675090493789317,0,0,-1.3349721634107725,-0.8039416749537827,1,-0.5304545180619309,-1.109762475828853,0,1,1.0,0,1,0,1,1,0,1,0,1,0,1,0,1,0,1,0,0,0,1,0
0,0,0,0,0.346605647392948,0,1,1.3728039804936945,0.9408132687072498,1,-0.36828448873901093,1.0471678523539008,0,1,2.0,0,1,1,0,0,0,0,1,0,1,0,0,0,1,0,1,0,1,0,1
0,0,0,1,0.06166550352279012,0,1,1.3412796258771595,0.6095937256087587,1,-0.3131177643465291,1.5864004343995892,0,0,2.0,0,0,1,0,0,1,0,1,0,1,0,0,0,1,0,1,0,0,0,0
1,0,0,0,-0.1418631706701798,0,1,1.1239274966789456,0.22280161162409953,1,-0.28048933391558806,1.0471678523539008,0,0,2.0,0,0,1,0,0,0,0,0,0,1,0,1,0,1,0,1,1,0,0,0
0,0,0,0,0.30589991255435406,0,0,0.0056424960713409395,0.12578546142329625,1,-0.4768965688023258,0.5079352703082123,0,1,2.0,0,0,0,0,0,1,0,1,0,0,0,0,0,1,0,0,0,0,1,0
1,0,0,0,-1.2816237461508113,0,0,0.16658262227154547,-0.9782284902398936,1,3.3679449840947533,-1.109762475828853,1,1,0.0,0,0,1,0,0,0,0,0,0,0,0,0,0,0,0,0,0,1,0,1
0,0,1,1,0.6722515261016999,0,1,1.1089949076500607,1.1364032684901901,1,-0.4332287747211344,0.5079352703082123,0,1,3.0,0,1,1,0,0,0,0,1,0,0,0,0,0,1,0,1,0,1,0,0
1,0,0,0,0.1023712383613841,0,1,-0.17686692539280796,-0.08970359947048263,1,-0.4690944572693413,-0.031297311737476054,0,1,2.0,0,1,0,0,0,1,0,0,0,1,0,0,0,0,0,0,0,1,0,0
1,0,0,0,-0.9966836022806536,0,1,-0.3378070515930122,-0.8167104219951368,1,0.040804739857325315,-0.5705298937831644,1,0,1.0,0,0,0,0,0,0,0,0,0,0,0,0,0,0,0,1,1,0,0,0
1,0,0,0,-0.5896262538947137,0,1,0.11348897239106542,-0.4385843820333897,1,-0.2454769067101263,1.0471678523539008,0,1,1.0,0,0,0,0,0,1,0,0,0,1,0,1,0,1,0,0,0,1,0,0
1,1,1,0,0.7129572609402939,2,1,1.3313245665245697,1.2566752122714666,1,-0.4225415524907092,1.0471678523539008,0,0,3.0,0,1,1,0,0,1,0,0,0,1,0,0,0,1,0,1,1,0,0,0
0,1,1,0,-0.019745966154397852,0,1,0.697519121076343,0.14447785399929902,1,-0.3598095717439613,-0.5705298937831644,0,0,2.0,0,1,1,0,0,0,0,0,0,0,0,0,0,1,0,0,1,0,0,1
0,0,0,0,-0.38609757970174374,0,0,-0.5053838840282764,-0.5344816214109815,1,-0.42127141462791307,-0.5705298937831644,0,0,1.0,0,0,0,0,0,0,0,0,0,1,0,0,0,0,0,0,1,0,0,0
1,0,0,0,-1.2002122764736234,0,1,0.450301813820359,-0.9027129793870745,1,1.600251782512595,-0.5705298937831644,1,1,0.0,0,0,1,0,0,0,0,0,0,0,0,0,0,1,0,0,0,1,0,1
1,0,1,1,0.22448844287716607,1,0,0.46523440284924406,0.24713243717197186,1,-0.4266233630583276,1.0471678523539008,0,0,2.0,0,1,0,0,0,0,0,1,0,1,0,0,0,1,0,1,1,0,0,0
1,0,1,0,0.7536629957788878,1,1,1.0442870218582263,1.1459907984851587,1,-0.4462594772995726,0.5079352703082123,0,0,3.0,0,1,1,0,0,1,0,1,0,0,0,0,0,0,0,1,1,0,0,0
1,0,0,0,-1.1188008067964355,0,0,-0.29135010794759253,-0.8810368246158412,1,0.41795100925026124,-0.031297311737476054,0,1,0.0,0,0,0,0,0,0,0,0,0,1,0,1,0,0,0,0,0,1,0,0
0,0,1,0,1.2421318138420157,1,1,1.0310136093881064,1.6719666431061582,1,-0.48700810534907363,0.5079352703082123,0,1,3.0,0,0,1,0,0,0,0,1,0,0,0,0,0,1,0,1,0,1,0,0
1,1,0,0,-1.2816237461508113,0,1,0.2229946252695553,-0.9774825496910857,1,3.4658302753875763,-1.109762475828853,1,1,0.0,0,0,1,0,0,0,0,0,0,0,0,0,0,0,0,0,0,1,0,1
1,0,1,1,-1.1595065416350294,0,0,-0.8753802566328698,-0.9404268559576718,0,0.22813031691966904,-0.031297311737476054,1,0,0.0,1,0,0,0,0,1,0,0,0,0,0,0,0,1,0,0,1,0,0,0
0,0,0,0,0.387311382231542,1,1,-0.15861598324639314,0.05364862246801774,1,-0.49865792797899916,-0.031297311737476054,0,0,2.0,0,1,0,0,0,1,0,1,0,0,0,0,0,0,0,0,0,0,0,0
0,0,1,1,1.5677776925507676,2,0,1.1803394996769556,2.076047026280829,1,-0.4990038518310373,1.0471678523539008,0,0,3.0,0,1,1,0,0,1,0,1,0,1,0,0,0,1,0,0,0,0,0,0
1,0,0,0,-1.2816237461508113,0,1,-0.6381180087294758,-0.9888691127743552,1,1.9716400935941887,-1.109762475828853,1,1,0.0,0,0,0,0,0,0,0,0,0,0,0,0,0,0,0,0,0,0,1,1
1,1,1,0,-0.1418631706701798,1,0,0.8352307754538371,0.1568078124825309,1,-0.3138854921213748,0.5079352703082123,0,0,2.0,0,0,1,0,0,1,0,0,0,1,0,0,0,0,0,1,0,0,0,0
1,0,0,0,-0.06045170099299184,0,1,0.9812383126251565,0.2983171224769184,1,-0.31966744192568125,0.5079352703082123,0,1,2.0,0,0,1,0,0,0,0,1,0,0,0,0,0,1,0,1,0,1,0,0
1,0,0,0,-0.9559778674420595,0,0,0.0006649663950462456,-0.7685533777412328,1,0.08821192995404556,0.5079352703082123,0,1,1.0,0,0,0,0,0,1,0,0,0,0,0,1,0,0,0,1,0,0,1,0
0,1,0,0,-0.6710377235719016,0,0,-0.18350363162786804,-0.5596461452192858,1,-0.2573671797555302,-0.031297311737476054,0,1,1.0,0,0,0,0,0,0,0,0,0,0,0,1,0,1,0,0,0,1,0,1
1,0,0,0,-1.2816237461508113,0,0,-1.477661347464562,-0.999970463294845,1,0.5148766408245272,-1.109762475828853,0,1,0.0,0,0,0,1,1,0,1,0,1,0,1,0,1,0,1,0,0,0,1,0
0,0,1,0,-0.10115743583158582,0,1,0.9679649001550363,0.22163882194507586,1,-0.31018306301365134,0.5079352703082123,0,0,2.0,0,1,1,0,0,0,0,1,0,0,0,1,0,1,0,0,1,0,0,1
0,0,1,0,0.6722515261016999,1,0,-1.5241182911099815,-0.6058067015337341,1,-0.6159863715231464,-1.109762475828853,0,0,3.0,0,0,0,1,1,0,1,0,1,0,1,0,1,0,1,0,1,0,0,0
0,0,1,1,-0.38609757970174374,0,1,0.15165003324266044,-0.28399917300696265,1,-0.3262651024907612,0.5079352703082123,0,0,1.0,0,1,0,0,0,0,0,1,0,0,0,1,0,1,0,0,1,0,0,0
0,0,0,0,-1.2816237461508113,0,1,0.33084110158927976,-0.9760564868771888,1,3.6529639205062088,-0.5705298937831644,1,1,0.0,0,0,1,0,0,0,0,0,0,1,0,0,0,0,0,0,0,1,0,1
1,0,1,1,-0.9152721326034655,1,0,-0.5103614137045716,-0.8001900327818384,1,-0.14100715591294505,-0.5705298937831644,0,1,1.0,0,0,0,0,0,0,0,1,0,0,0,0,0,0,0,0,0,0,1,0
1,0,1,1,0.7129572609402939,2,0,-1.3266762806169474,-0.4554119232373734,1,-0.6034091841528806,-1.109762475828853,0,1,3.0,0,1,0,1,1,0,1,0,1,0,1,0,1,0,1,0,0,0,1,0
0,0,1,0,1.1200146093262338,0,1,0.9679649001550363,1.3938405155404447,1,-0.4820996818705521,0.5079352703082123,0,0,3.0,0,1,1,0,0,1,0,1,0,0,0,0,0,0,0,1,1,0,0,0
0,0,0,0,-1.2816237461508113,0,1,-1.480979700582092,-1.000014342150657,1,0.5091186825131848,-1.109762475828853,0,1,0.0,0,0,0,1,1,0,1,0,1,0,1,0,1,0,1,0,0,0,1,1
1,0,0,0,-1.2409180113122174,0,0,-0.09556727401332349,-0.9570130634546883,1,1.7221285667693453,-0.5705298937831644,1,0,0.0,0,1,0,0,0,0,0,0,0,0,0,0,0,0,0,1,0,0,0,1
1,1,1,0,-0.019745966154397852,0,1,0.33084110158927976,0.0017618754700756574,1,-0.398370444071437,-1.109762475828853,0,1,2.0,0,1,1,0,0,0,0,0,0,0,0,0,0,0,0,0,0,1,0,1
0,0,1,0,0.020959768684196134,0,0,-1.4892755833759168,-0.7151747496456754,1,-0.5918368169585156,-1.109762475828853,0,1,2.0,0,0,0,1,1,0,1,0,1,0,1,0,1,0,1,0,0,0,1,0
0,1,1,1,-0.3453918448631497,2,1,1.0492645515345211,-0.01574578799899744,1,-0.2150021547212523,0.5079352703082123,0,1,1.0,0,0,1,0,0,0,0,0,0,1,0,0,0,1,0,1,0,1,0,0
1,1,1,1,0.346605647392948,1,1,1.560290931634139,0.9809404823475187,1,-0.35279283899658936,1.5864004343995892,0,1,2.0,0,1,1,0,0,0,0,1,0,1,0,1,0,1,0,1,0,1,0,1
0,1,1,0,0.30589991255435406,0,1,-0.8504926082513949,-0.2904493648113579,0,-0.5493625807206856,-0.031297311737476054,0,1,2.0,1,0,0,0,0,0,0,1,0,0,0,0,0,1,0,0,0,1,0,1
1,0,1,1,0.22448844287716607,2,0,-1.3233579274994176,-0.5859515192787076,1,-0.5857792363821033,-1.109762475828853,0,0,2.0,0,1,0,1,1,0,1,0,1,0,1,0,1,0,1,0,1,0,0,0
1,1,1,1,1.2828375486806096,2,1,1.5486766957227835,2.106038224228477,1,-0.46202742467524915,1.5864004343995892,0,0,3.0,0,1,1,0,0,1,0,0,0,1,0,1,0,1,0,1,0,0,0,0
0,1,1,0,1.4456604880349857,1,1,-0.1420242176587432,0.7356576783572473,1,-0.5585236165493715,0.5079352703082123,0,0,3.0,0,0,0,0,0,0,0,1,0,1,0,1,0,0,0,0,0,0,0,0
1,0,1,0,1.5677776925507676,2,0,-0.5169981199396313,0.5335297290582872,0,-0.5808148428380291,0.5079352703082123,0,1,3.0,1,0,0,0,0,0,0,1,0,0,0,0,0,1,0,1,0,1,0,1
1,0,0,1,0.06166550352279012,1,1,1.2898451525554449,0.5140255776497585,1,-0.3182176702794325,1.0471678523539008,0,1,2.0,0,1,1,0,0,1,0,1,0,0,0,0,0,1,0,1,0,1,0,0
1,1,0,0,-0.5489205190561197,0,1,0.8518225410414869,-0.28053274339779777,1,-0.13807583168171614,-0.031297311737476054,0,1,1.0,0,1,1,0,0,1,0,0,0,0,0,0,0,1,0,0,0,1,0,1
1,0,0,0,-1.2816237461508113,0,0,-1.4842980536996218,-1.0000582210064695,1,0.5033607242018422,-1.109762475828853,0,1,0.0,0,0,0,1,1,0,1,0,1,0,1,0,1,0,1,0,0,0,1,0
1,0,1,0,-0.6303319887333076,0,1,1.24836573858632,-0.2443326873527219,1,-0.003659493769153139,1.0471678523539008,0,1,1.0,0,1,1,0,0,0,0,1,0,1,0,0,0,1,0,1,0,1,0,0
0,0,1,1,0.8757802002946699,0,1,1.2998002119080347,1.4683906915653953,1,-0.44178196006725595,1.0471678523539008,0,0,3.0,0,1,1,0,0,1,0,1,0,0,0,0,0,1,0,1,0,0,0,0
1,0,0,0,0.30589991255435406,1,0,-0.09556727401332349,0.09311765327110362,0,-0.48546328726554266,1.5864004343995892,0,0,2.0,1,0,0,0,0,1,0,1,0,1,0,0,0,1,0,1,1,0,0,0
0,0,0,0,0.428017117070136,2,0,1.6631598782775683,1.1389921209831109,1,-0.35863180754391394,2.1256330164452777,0,0,2.0,0,1,1,0,0,1,0,1,0,1,0,1,0,1,0,1,1,0,0,0
0,0,0,0,-0.7931549280876836,0,1,0.3341594547068096,-0.5703745254653719,1,-0.0428227499026496,-1.109762475828853,0,1,1.0,0,1,1,0,0,0,0,0,0,0,0,0,0,0,0,0,0,0,1,1
1,0,0,0,1.3642490183577978,1,0,-1.3100845150292975,-0.26335417134731626,1,-0.6160035594584041,-1.109762475828853,0,0,3.0,0,1,0,1,1,0,1,0,1,0,1,0,1,0,1,0,0,0,0,0
1,0,0,0,-1.2816237461508113,0,0,-0.6215262431418258,-0.9886497184952941,1,2.0004298851509015,-1.109762475828853,1,0,0.0,0,0,0,0,0,0,0,0,0,0,0,0,0,0,0,0,1,0,0,1
0,0,0,0,-1.2409180113122174,0,1,-0.6480730680820658,-0.9734018161005501,1,1.082995194210324,-1.109762475828853,1,1,0.0,0,0,0,0,0,0,0,0,0,0,0,0,0,0,0,0,0,1,0,0
1,0,0,0,-0.1418631706701798,1,1,-1.3299946337344775,-0.6631344266523906,0,-0.564356678664775,-1.109762475828853,0,1,2.0,1,0,0,0,0,0,0,0,0,0,0,0,0,0,0,0,0,0,1,0
0,0,0,0,-0.30468611002455576,0,1,1.1720436168831305,0.038795629775583616,1,-0.2157196849108196,0.5079352703082123,0,1,2.0,0,1,1,0,0,0,0,1,0,0,0,0,0,1,0,1,0,1,0,1
0,1,0,0,-0.4675090493789317,0,1,-0.7642154271956153,-0.6402954822021336,0,-0.4404209881027568,-0.031297311737476054,0,1,1.0,1,0,0,0,0,1,0,0,0,0,0,0,0,1,0,0,0,1,0,1
0,1,1,0,0.22448844287716607,0,1,0.6145602931380933,0.37201166081353054,1,-0.41333576695522944,-0.031297311737476054,0,1,2.0,0,0,1,0,0,1,0,0,0,0,0,0,0,0,0,1,0,1,0,0
0,0,1,1,-1.0780950719578415,1,0,-1.5241182911099815,-0.9626295569986516,1,-0.3471719749307549,-1.109762475828853,0,0,0.0,0,0,0,1,1,0,1,0,1,0,1,0,1,0,1,0,1,0,0,0
1,0,1,0,0.9164859351332638,1,1,1.3014593884668002,1.5110628788427725,1,-0.4455713696442336,1.0471678523539008,0,1,3.0,0,1,1,0,0,0,0,0,0,1,0,1,0,1,0,1,0,1,0,1
1,0,1,1,1.0793088744876398,2,1,1.1471559685016557,1.5631470806918695,1,-0.468774570696489,0.5079352703082123,0,0,3.0,0,1,1,0,0,0,0,0,0,1,0,0,0,1,0,1,1,0,0,0
0,0,0,1,0.6722515261016999,1,0,-1.5091857020810966,-0.6046658512826165,1,-0.6149499390271047,-1.109762475828853,0,0,3.0,0,0,0,1,1,0,1,0,1,0,1,0,1,0,1,0,1,0,0,0
1,0,1,0,-0.9152721326034655,1,0,-1.5042081724048018,-0.9257932575442988,1,-0.45455415850332476,-1.109762475828853,0,0,1.0,0,0,0,1,1,0,1,0,1,0,1,0,1,0,1,0,0,0,0,0
1,0,0,0,-0.38609757970174374,0,1,0.5332606417586087,-0.16772020510459773,1,-0.2710846686737286,-0.5705298937831644,0,1,1.0,0,1,1,0,0,0,0,0,0,1,0,0,0,0,0,0,0,1,0,1
0,0,0,0,-1.2816237461508113,0,1,-1.4826388771408567,-1.0000362815785633,1,0.5062397033575136,-1.109762475828853,0,1,0.0,0,0,0,1,1,0,1,0,1,0,1,0,1,0,1,0,0,0,1,0
1,0,1,1,-0.06045170099299184,1,0,1.0990398482974708,0.3434684651076858,1,-0.30689197192239,0.5079352703082123,0,0,2.0,0,1,1,0,0,1,0,0,0,1,0,0,0,1,0,0,0,0,0,0
0,1,1,1,0.9571916699718578,2,1,0.25451897988608974,0.7832442974855923,1,-0.5130704429688346,1.0471678523539008,0,0,3.0,0,0,0,0,0,1,0,0,0,0,0,1,0,1,0,1,1,0,0,0
0,0,1,0,1.5677776925507676,2,1,0.5233055824060188,1.4943889136341315,1,-0.5306726225434212,1.5864004343995892,0,0,3.0,0,0,0,0,0,0,0,1,0,1,0,1,0,1,0,1,1,0,0,0
0,0,0,0,0.5501343215859179,2,0,0.473530285643069,0.5679965702987807,1,-0.4656914086219757,1.0471678523539008,0,1,2.0,0,1,0,0,0,1,0,0,0,1,0,0,0,1,0,1,0,0,1,0
1,1,0,0,-0.7117434584104956,0,1,0.31424933600162985,-0.5375312018899304,1,-0.12425673173449393,-0.5705298937831644,0,1,1.0,0,0,1,0,0,0,0,1,0,0,0,0,0,0,0,0,0,1,0,1
0,0,1,0,-1.2409180113122174,0,0,-1.4959122896109767,-0.9861047448581857,1,0.1022229618449791,-1.109762475828853,0,0,0.0,0,0,0,1,1,0,1,0,1,0,1,0,1,0,1,0,0,0,0,0
0,0,1,0,1.5677776925507676,2,0,-1.3631781649097774,-0.27522340184452004,1,-0.6216003808767054,-1.109762475828853,0,1,3.0,0,1,0,1,1,0,1,0,1,0,1,0,1,0,1,0,0,0,1,0
1,0,1,1,0.30589991255435406,2,0,-1.5042081724048018,-0.653963745787638,1,-0.6046951557126112,-1.109762475828853,0,1,2.0,0,0,0,1,1,0,1,0,1,0,1,0,1,0,1,0,0,0,1,0
0,0,1,0,-0.9966836022806536,0,0,-1.4859572302583868,-0.9403610376739534,1,-0.40191827697034505,-1.109762475828853,0,0,1.0,0,0,0,1,1,0,1,0,1,0,1,0,1,0,1,0,0,0,0,1
0,0,0,0,-0.8338606629262776,0,1,-0.6596873039934208,-0.7793914551268495,1,-0.26067605172630176,-1.109762475828853,0,1,1.0,0,0,0,0,0,0,0,0,0,0,0,0,0,0,0,0,0,1,0,0
1,1,0,0,-1.2002122764736234,0,1,0.9928525485365113,-0.8615984914910307,1,2.0709648744648472,-0.031297311737476054,1,1,0.0,0,1,1,0,0,0,0,0,0,0,0,0,0,1,0,1,0,1,0,0
1,1,0,0,-0.5896262538947137,0,1,1.0127626672416914,-0.2399228623435945,1,-0.0812235696181445,-0.031297311737476054,0,1,1.0,0,1,1,0,0,0,0,0,0,0,0,0,0,1,0,1,0,1,0,1
1,0,1,0,1.6084834273893616,2,1,1.4358526897267645,2.4314438189318497,1,-0.4890588850216066,1.5864004343995892,0,1,3.0,0,1,1,0,0,0,0,1,0,1,0,1,0,1,0,1,0,1,0,0
0,0,1,0,1.5270719577121736,2,1,0.9911933719777464,2.000750909707072,1,-0.5059850383751885,2.1256330164452777,0,0,3.0,0,1,0,0,0,1,0,1,0,1,0,1,0,1,0,1,1,0,0,0
0,0,0,0,0.590840056424512,2,0,0.31590851256039476,0.5313577256955827,1,-0.4811301895729115,1.0471678523539008,0,1,2.0,0,0,0,0,0,0,0,0,0,1,0,1,0,1,0,1,0,0,1,0
0,1,0,0,-0.1418631706701798,0,1,-0.21170963312687294,-0.2546661578964981,1,-0.4349945486032794,-0.031297311737476054,0,0,2.0,0,1,0,0,0,1,0,1,0,0,0,0,0,0,0,0,0,0,0,0
1,0,1,1,1.6084834273893616,2,0,-1.472683817788267,-0.3803352009426767,1,-0.6273287606350787,-1.109762475828853,0,1,3.0,0,0,0,1,1,0,1,0,1,0,1,0,1,0,1,0,0,1,0,0
0,0,0,0,0.26519417771576004,0,0,-0.790762252135855,-0.308154483131586,0,-0.5414208113912606,0.5079352703082123,0,0,2.0,1,0,0,0,0,0,0,1,0,1,0,1,0,0,0,0,0,0,0,0
0,0,1,1,-1.0373893371192475,0,0,-1.4760021709057967,-0.9427743747436251,1,-0.3653712360219626,-1.109762475828853,0,1,1.0,0,0,0,1,1,0,1,0,1,0,1,0,1,0,1,0,0,0,1,0
0,0,1,0,1.5677776925507676,1,0,1.0193993734767515,1.9998294537350152,1,-0.506761101222707,0.5079352703082123,0,1,3.0,0,1,1,0,0,1,0,1,0,0,0,0,0,1,0,0,0,0,1,0
0,0,0,0,0.7536629957788878,1,0,0.7506127709568226,0.955051957418313,1,-0.4658586815516424,-0.031297311737476054,0,0,3.0,0,0,1,0,0,0,0,0,0,0,0,0,0,1,0,1,1,0,0,0
0,0,1,1,0.7943687306174818,1,0,1.1737027934418955,1.2922829037630774,1,-0.44181356464117755,1.0471678523539008,0,1,3.0,0,0,1,0,0,1,0,0,0,1,0,0,0,1,0,1,0,1,0,0
0,1,0,0,0.5501343215859179,1,0,1.0061259610066313,0.9323665889633989,1,-0.42636577845301926,0.5079352703082123,0,0,2.0,0,0,1,0,0,0,0,1,0,0,0,0,0,1,0,1,1,0,0,1
1,0,1,1,0.22448844287716607,0,1,0.9862158423014517,0.5813796213215058,1,-0.3802644166541851,0.5079352703082123,0,1,2.0,0,1,1,0,0,0,0,1,0,1,0,0,0,1,0,0,0,1,0,1
1,1,1,1,-0.9152721326034655,0,1,-1.0081143813340692,-0.8498170187054516,0,-0.2980423825859232,-0.5705298937831644,1,0,1.0,1,0,0,0,0,0,0,0,0,0,0,0,0,0,0,1,0,0,0,0
0,1,1,0,1.6084834273893616,2,1,1.6498864658074486,2.6479201540814037,1,-0.47888386280019307,2.1256330164452777,0,0,3.0,0,1,1,0,0,1,0,1,0,1,0,1,0,1,0,1,0,0,0,0
1,0,0,0,-0.5489205190561197,0,1,0.4569385200554191,-0.35288897663213736,1,-0.20659553558669222,-0.5705298937831644,0,0,1.0,0,0,1,0,0,0,0,0,0,0,0,0,0,1,0,0,0,0,0,0
0,1,1,0,-1.2002122764736234,0,1,0.6294928821669784,-0.8915896894386784,1,1.7557166569188436,-0.031297311737476054,0,1,0.0,0,0,1,0,0,0,0,0,0,0,0,1,0,1,0,0,0,0,1,1
0,0,0,0,1.4863662228735797,2,1,0.5813767619627935,1.4286803270553423,1,-0.5241058081835804,1.5864004343995892,0,0,3.0,0,0,0,0,0,1,0,0,0,1,0,1,0,1,0,1,1,0,0,0
0,0,0,0,0.8757802002946699,2,0,-1.4876164068171518,-0.5352714408156014,1,-0.6176614139409915,-1.109762475828853,0,1,3.0,0,0,0,1,1,0,1,0,1,0,1,0,1,0,1,0,0,0,1,0
1,1,0,0,-0.8338606629262776,0,1,-0.7061442476388405,-0.7777021191780792,0,-0.2730778080891933,0.5079352703082123,0,1,1.0,1,0,0,0,0,0,0,0,0,1,0,1,0,0,0,1,0,1,0,1
0,0,1,1,-0.9966836022806536,0,0,-1.456092052200617,-0.9476010488829686,1,-0.39040236034766,-1.109762475828853,0,0,1.0,0,0,0,1,1,0,1,0,1,0,1,0,1,0,1,0,1,0,0,0
1,1,1,0,-0.38609757970174374,0,1,0.8319124223363072,-0.12076982938552965,1,-0.2278999813386596,0.5079352703082123,0,1,1.0,0,0,1,0,0,1,0,1,0,0,0,0,0,0,0,1,0,1,0,0
1,0,0,0,-1.0373893371192475,0,0,0.3125901594428645,-0.7747841752665671,1,0.41051364643144383,-0.5705298937831644,1,1,1.0,0,0,1,0,0,1,0,0,0,0,0,0,0,0,0,0,0,0,1,0
0,0,0,0,-1.0780950719578415,0,1,0.14335415044883548,-0.8253326171622366,1,0.47950632548342315,-1.109762475828853,1,1,0.0,0,0,1,0,0,0,0,0,0,0,0,0,0,0,0,0,0,0,1,1
1,0,0,0,0.5094285867473239,1,0,-1.5290958207862766,-0.6283604334212116,1,-0.6125566311376945,-1.109762475828853,0,0,2.0,0,0,0,1,1,0,1,0,1,0,1,0,1,0,1,0,0,0,0,0
0,0,1,1,1.6084834273893616,2,0,0.5282831120823135,1.5469119040413506,1,-0.53220413428605,1.5864004343995892,0,0,3.0,0,1,0,0,0,1,0,1,0,1,0,1,0,0,0,1,0,0,0,0
0,0,0,0,-1.2816237461508113,0,1,-1.4793205240233267,-0.9999924027227513,1,0.5119976616688562,-1.109762475828853,0,1,0.0,0,0,0,1,1,0,1,0,1,0,1,0,1,0,1,0,0,0,1,0
0,0,1,1,-0.38609757970174374,2,0,-1.3631781649097774,-0.7343936884914247,1,-0.5453074332514167,-1.109762475828853,0,1,1.0,0,1,0,1,1,0,1,0,1,0,1,0,1,0,1,0,0,0,1,0
1,0,1,0,1.6084834273893616,0,1,0.9862158423014517,1.9517382277648292,1,-0.5104343193007002,0.5079352703082123,0,1,3.0,0,0,1,0,0,0,0,0,0,1,0,0,0,1,0,1,0,1,0,0
0,0,1,1,1.4049547531963917,2,1,0.3507512202944595,1.2857010753912455,1,-0.5318863098345376,0.5079352703082123,0,1,3.0,0,1,0,0,0,1,0,0,0,0,0,0,0,1,0,1,0,1,0,0
0,0,1,1,0.428017117070136,1,1,-0.4539494107065617,-0.06482428822495784,0,-0.5256125985728474,1.0471678523539008,0,0,2.0,1,0,0,0,0,1,0,1,0,0,0,1,0,1,0,0,0,0,0,0
1,0,0,0,-1.2816237461508113,0,1,-0.6397771852882409,-0.9888910522022611,1,1.968761114438517,-1.109762475828853,1,1,0.0,0,0,0,0,0,0,0,0,0,0,0,0,0,0,0,0,0,1,0,1
1,1,1,0,1.1200146093262338,1,1,1.3080960947018598,1.7727563749068116,1,-0.4627491662340732,1.0471678523539008,0,1,3.0,0,1,1,0,0,0,0,1,0,1,0,0,0,1,0,1,0,1,0,0
1,0,0,0,-1.2409180113122174,0,1,0.4950995809070136,-0.9420284341948176,1,2.4054062863819925,-0.031297311737476054,0,1,0.0,0,0,1,0,0,0,0,0,0,1,0,1,0,0,0,0,0,1,0,1
0,0,0,0,-1.2816237461508113,0,0,0.3524103968532244,-0.9757712743144094,1,3.690390649529935,-0.5705298937831644,1,1,0.0,0,0,1,0,0,0,0,0,0,1,0,0,0,0,0,0,0,1,0,0
1,0,1,0,1.6084834273893616,2,0,0.4619160497317138,1.5198825288610271,1,-0.5353591799361007,1.5864004343995892,0,0,3.0,0,1,0,0,0,1,0,1,0,1,0,1,0,0,0,1,0,0,0,0
0,0,1,1,-0.019745966154397852,0,0,0.8186390098661871,0.2643548880782655,1,-0.34707227002493085,-0.031297311737476054,0,1,2.0,0,1,1,0,0,1,0,0,0,0,0,0,0,1,0,0,0,1,0,0
0,0,0,0,1.1607203441648277,2,0,0.8202981864249524,1.3204750686224243,1,-0.49323041513713733,2.1256330164452777,0,1,3.0,0,1,0,0,0,1,0,1,0,1,0,1,0,1,0,1,0,1,0,0
0,0,1,1,1.2828375486806096,2,0,1.505538105194894,2.0614134278674565,1,-0.46433060799978615,1.5864004343995892,0,0,3.0,0,1,1,0,0,1,0,1,0,0,0,1,0,1,0,1,0,0,0,0
0,0,1,1,-0.7524491932490895,1,0,-1.5058673489635668,-0.8796985195135687,1,-0.5096560747070209,-1.109762475828853,0,1,1.0,0,0,0,1,1,0,1,0,1,0,1,0,1,0,1,0,0,0,1,0
0,0,0,0,-0.7931549280876836,0,1,0.5166688761709587,-0.5649554867725636,1,0.002418351115041788,-0.5705298937831644,0,1,1.0,0,0,1,0,0,0,0,0,0,0,0,0,0,0,0,1,0,1,0,0
1,0,1,0,-0.30468611002455576,1,1,-1.459410405318147,-0.791655595326363,1,-0.5669551419027142,-1.109762475828853,0,0,2.0,0,0,0,1,1,0,1,0,1,0,1,0,1,0,1,0,0,0,0,0
0,0,0,0,0.5501343215859179,2,0,-0.35108046406313215,0.070563921383626,1,-0.5265787550206404,-0.031297311737476054,0,0,2.0,0,0,0,0,0,0,0,0,0,1,0,1,0,0,0,0,1,0,0,1
1,0,0,0,-1.1595065416350294,0,1,-0.6314813024944159,-0.9212737353956407,1,0.3974142912731396,-1.109762475828853,1,1,0.0,0,0,0,0,0,0,0,0,0,0,0,0,0,0,0,0,0,1,0,0
1,0,0,0,0.590840056424512,2,0,-1.4760021709057967,-0.5951441395713662,1,-0.6106842515781186,-1.109762475828853,0,0,2.0,0,0,0,1,1,0,1,0,1,0,1,0,1,0,1,0,0,0,0,0
1,0,1,1,0.8350744654560759,2,1,0.1582867394777205,0.6275840564917661,1,-0.5111062271706184,1.0471678523539008,0,1,3.0,0,0,0,0,0,1,0,1,0,0,0,1,0,1,0,0,0,0,1,0
1,0,1,0,-0.9559778674420595,0,1,0.16990097538907525,-0.7612694876764053,1,0.1469431047297394,0.5079352703082123,1,1,1.0,0,0,0,0,0,0,0,0,0,1,0,0,0,1,0,1,0,0,1,0
0,0,1,1,1.5270719577121736,1,1,1.4341935131679995,2.470912849734936,1,-0.4843318712043651,1.5864004343995892,0,0,3.0,0,1,1,0,0,1,0,1,0,1,0,0,0,1,0,1,1,0,0,0
1,0,0,0,0.7129572609402939,1,1,0.8352307754538371,0.9873248558681958,1,-0.4562989943552468,1.0471678523539008,0,0,3.0,0,0,1,0,0,1,0,1,0,1,0,1,0,0,0,0,1,0,0,0
1,0,0,0,-0.9559778674420595,0,1,0.2943392172964497,-0.6998829683951191,1,0.1901277920648084,-0.5705298937831644,1,1,1.0,0,0,1,0,0,0,0,0,0,1,0,0,0,0,0,0,0,1,0,0
0,0,1,0,1.5270719577121736,2,0,-1.497571466169742,-0.395648921621139,1,-0.6276320449528476,-1.109762475828853,0,0,3.0,0,0,0,1,1,0,1,0,1,0,1,0,1,0,1,0,0,0,0,0
1,0,0,0,1.4049547531963917,1,1,1.7726655311560575,2.415449975988298,1,-0.45931909994011766,2.1256330164452777,0,0,3.0,0,1,1,0,0,1,0,1,0,1,0,1,0,1,0,1,0,0,0,1
1,0,0,0,-1.2816237461508113,0,1,-1.5025489958460367,-1.0002995547134366,1,0.47169195348945825,-1.109762475828853,0,0,0.0,0,0,0,1,1,0,1,0,1,0,1,0,1,0,1,0,0,0,0,0
0,0,1,1,1.3642490183577978,1,1,0.3092718063253347,1.1232615511744324,1,-0.5321264354006383,-1.109762475828853,0,0,3.0,0,1,1,0,0,0,0,0,0,0,0,0,0,0,0,0,0,0,0,0
0,0,1,1,1.0386031396490458,2,0,-1.480979700582092,-0.49959793104027206,1,-0.6201242941062128,-1.109762475828853,0,0,3.0,0,0,0,1,1,0,1,0,1,0,1,0,1,0,1,0,1,0,0,0
0,0,1,1,-1.3223294809894055,2,1,-0.410810820178672,-1.0089217498805365,0,5.391867330531654,1.0471678523539008,0,0,0.0,1,0,0,0,0,1,0,0,0,1,0,1,0,1,0,0,0,0,0,0
0,0,0,0,-1.2409180113122174,0,0,0.1566275629189556,-0.9452315906691091,1,2.0138651212107006,-1.109762475828853,1,1,0.0,0,0,1,0,0,0,0,0,0,0,0,0,0,0,0,0,0,1,0,1
0,0,0,0,0.346605647392948,2,1,-1.4959122896109767,-0.6533055629504548,1,-0.6053204392226119,-1.109762475828853,0,1,2.0,0,0,0,1,1,0,1,0,1,0,1,0,1,0,1,0,0,0,1,0
0,1,0,0,-1.1595065416350294,0,1,0.4619160497317138,-0.8804444600623764,1,1.1563131967080855,-0.5705298937831644,1,1,0.0,0,0,1,0,0,0,0,0,0,0,0,0,0,1,0,0,0,1,0,1
1,0,0,0,-0.38609757970174374,1,0,-1.4859572302583868,-0.8309491107061999,1,-0.5630611380447229,-1.109762475828853,0,0,1.0,0,0,0,1,1,0,1,0,1,0,1,0,1,0,1,0,0,0,0,0
1,1,1,0,1.1607203441648277,1,0,-0.029200211662723803,0.7034944770468949,1,-0.5407800063533854,-0.031297311737476054,0,0,3.0,0,1,0,0,0,0,0,1,0,0,0,0,0,0,0,1,0,0,0,0
0,0,0,1,-0.9966836022806536,0,0,-1.4892755833759168,-0.9371359417717559,1,-0.4031978232617545,-1.109762475828853,0,1,1.0,0,0,0,1,1,0,1,0,1,0,1,0,1,0,1,0,0,0,1,0
1,0,0,1,-1.2816237461508113,0,1,0.3457736906181643,-0.975859032026034,1,3.6788747329072495,-0.5705298937831644,1,1,0.0,0,0,1,0,0,0,0,1,0,0,0,0,0,0,0,0,0,1,0,1
0,0,0,0,-0.4268033145403377,2,0,-1.2835376900890578,-0.7430597625143368,1,-0.5283151975826179,-1.109762475828853,0,1,1.0,0,1,0,1,1,0,1,0,1,0,1,0,1,0,1,0,0,0,1,0
1,0,0,0,-1.2409180113122174,0,1,-0.5684325932613462,-0.9683557476821455,1,1.1751225271918047,-0.5705298937831644,1,1,0.0,0,0,0,0,0,1,0,0,0,0,0,0,0,0,0,0,0,1,0,1
0,0,1,0,0.9164859351332638,0,1,0.42541416543888416,0.9472634605116451,1,-0.49986069086546325,-0.5705298937831644,0,1,3.0,0,1,1,0,0,0,0,0,0,1,0,0,0,0,0,0,0,1,0,1
1,0,1,1,1.1200146093262338,0,0,0.3125901594428645,0.945135336004753,1,-0.5193848217554751,-1.109762475828853,0,0,3.0,0,1,1,0,0,0,0,0,0,0,0,0,0,0,0,0,0,0,0,0
0,0,1,1,0.7536629957788878,1,1,1.0028076078891015,1.1850429801580284,1,-0.44902772648771805,0.5079352703082123,0,1,3.0,0,1,1,0,0,1,0,0,0,0,0,1,0,1,0,0,0,0,1,0
0,0,0,0,-1.0373893371192475,0,1,0.5100321699358986,-0.7778118163176098,1,0.49616327631266405,-0.5705298937831644,1,1,1.0,0,0,1,0,0,0,0,0,0,0,0,0,0,1,0,0,0,0,1,1
0,1,0,0,-1.2409180113122174,0,1,0.15496838636019022,-0.9511552362037579,1,2.011945801773586,-1.109762475828853,1,1,0.0,0,0,1,0,0,0,0,0,0,0,0,0,0,0,0,0,0,1,0,1
0,0,0,0,0.1023712383613841,0,0,0.6759498258123978,0.2712438684407829,1,-0.386883608046284,-0.031297311737476054,0,0,2.0,0,1,1,0,0,0,0,1,0,0,0,1,0,0,0,0,1,0,0,1
0,0,0,0,1.5270719577121736,2,0,0.8236165395424823,1.784932757394701,1,-0.5141759368180843,2.1256330164452777,0,0,3.0,0,1,0,0,0,1,0,1,0,1,0,1,0,1,0,1,1,0,0,0
1,0,0,0,-1.2816237461508113,0,1,0.8070247739548323,-0.9697598710681363,1,4.479230938183862,-0.031297311737476054,1,1,0.0,0,0,1,0,0,0,0,0,0,0,0,0,0,1,0,1,0,1,0,0
0,0,1,1,-0.10115743583158582,2,1,-1.3216987509406526,-0.6624762438152074,1,-0.5665050781637383,-1.109762475828853,0,1,2.0,0,1,0,1,1,0,1,0,1,0,1,0,1,0,1,0,0,0,1,0
0,0,0,0,-0.9966836022806536,0,1,-0.5004063543519814,-0.8485225924589913,1,-0.021893028421737817,-0.5705298937831644,1,1,1.0,0,0,0,0,0,1,0,0,0,0,0,0,0,0,0,0,0,1,0,1
1,1,0,0,-1.1188008067964355,0,1,0.17653768162413533,-0.8632878274398009,1,0.6885750498833605,-1.109762475828853,1,1,0.0,0,0,1,0,0,0,0,0,0,0,0,0,0,0,0,0,0,0,1,1
0,0,0,0,-0.9559778674420595,0,0,0.04380355692293595,-0.7366315101378477,1,0.10318262156353614,0.5079352703082123,0,1,1.0,0,0,0,0,0,0,0,1,0,0,0,1,0,1,0,0,0,0,1,1
1,0,0,0,-0.8745663977648716,0,1,0.3192268656779245,-0.6470308865693084,1,0.05567946549496017,-0.5705298937831644,1,1,1.0,0,0,1,0,0,0,0,1,0,0,0,0,0,0,0,0,0,1,0,1
1,0,1,1,1.2421318138420157,2,0,-0.8488334316926298,0.04199878624987526,0,-0.5889419610795594,0.5079352703082123,0,0,3.0,1,0,0,0,0,0,0,1,0,1,0,1,0,0,0,0,0,0,0,0
1,0,1,1,0.26519417771576004,2,1,-1.3648373414685424,-0.6123446510497539,1,-0.5912271507843735,-1.109762475828853,0,1,2.0,0,1,0,1,1,0,1,0,1,0,1,0,1,0,1,0,0,0,1,0
0,0,1,1,-0.6303319887333076,0,0,0.9779199595076267,-0.30370077926664635,1,-0.05580100514408828,0.5079352703082123,0,1,1.0,0,1,1,0,0,1,0,0,0,1,0,0,0,1,0,0,0,1,0,1
0,0,0,0,-0.7524491932490895,1,1,-0.3543988171806622,-0.6696504367405042,1,-0.24325453683557302,-0.5705298937831644,0,1,1.0,0,1,0,0,0,0,0,1,0,0,0,0,0,0,0,0,0,0,1,0
0,0,1,0,1.1607203441648277,1,0,0.9546914876849167,1.562686352705841,1,-0.48570792121425443,1.0471678523539008,0,0,3.0,0,0,1,0,0,1,0,1,0,0,0,1,0,0,0,1,0,0,0,0
0,0,1,1,1.6084834273893616,2,1,1.681410820423983,2.5980957133066354,1,-0.477385216116419,2.1256330164452777,0,0,3.0,0,1,1,0,0,1,0,1,0,1,0,1,0,1,0,1,0,0,0,0
1,1,1,0,0.30589991255435406,1,0,-0.3029643438589475,-0.007035835120272965,1,-0.5030180382147579,-0.5705298937831644,0,1,2.0,0,0,0,0,0,0,0,0,0,0,0,0,0,0,0,1,0,1,0,0
0,0,1,1,-1.2816237461508113,0,1,-1.4859572302583868,-1.0000801604343756,1,0.5004817450461709,-1.109762475828853,0,0,0.0,0,0,0,1,1,0,1,0,1,0,1,0,1,0,1,0,1,0,0,1
0,0,0,0,0.590840056424512,1,0,-0.8388783723400399,-0.21969470981416417,0,-0.5646205850873782,0.5079352703082123,0,0,2.0,1,0,0,0,0,1,0,1,0,0,0,1,0,0,0,0,1,0,0,0
1,0,1,1,0.06166550352279012,0,0,0.443665107585299,0.11626374971204606,1,-0.4021193485304237,-0.5705298937831644,0,1,2.0,0,0,1,0,0,0,0,0,0,0,0,0,0,1,0,0,0,1,0,1
0,0,0,0,-0.5896262538947137,1,1,-0.8206274301936248,-0.6965262359254848,0,-0.4160943029883287,0.5079352703082123,0,1,1.0,1,0,0,0,0,1,0,1,0,0,0,1,0,0,0,0,0,0,1,0
0,0,0,0,-0.22327464034736777,2,1,-1.4826388771408567,-0.7727657478992052,1,-0.5764621005431452,-1.109762475828853,0,0,2.0,0,0,0,1,1,0,1,0,1,0,1,0,1,0,1,0,0,0,0,0
0,0,1,1,0.5501343215859179,2,0,-1.4826388771408567,-0.6182463571564966,1,-0.6101304054107597,-1.109762475828853,0,0,2.0,0,0,0,1,1,0,1,0,1,0,1,0,1,0,1,0,0,0,0,0
1,0,1,1,1.4456604880349857,2,0,1.0011484313303363,1.9236776994729186,1,-0.501027482107125,1.0471678523539008,0,0,3.0,0,0,1,0,0,1,0,1,0,0,0,1,0,0,0,1,0,0,0,0
0,0,0,0,-1.2002122764736234,0,0,-1.4959122896109767,-0.9809489793002506,1,-0.08826949228860309,-1.109762475828853,0,1,0.0,0,0,0,1,1,0,1,0,1,0,1,0,1,0,1,0,0,0,1,1
1,0,0,0,-0.4268033145403377,0,1,0.9862158423014517,-0.08546928988460402,1,-0.18584185106450535,-0.031297311737476054,0,0,1.0,0,1,1,0,0,0,0,0,0,0,0,0,0,1,0,1,1,0,0,1
1,1,1,0,0.14307697319997809,0,1,1.0476053749757561,0.49879961468292044,1,-0.359399299530131,0.5079352703082123,0,1,2.0,0,1,1,0,0,0,0,1,0,0,0,0,0,1,0,1,0,1,0,1
1,0,1,1,-0.1825689055087738,1,1,-0.16359351292268806,-0.2708574556912048,0,-0.42148651077172755,1.5864004343995892,0,0,2.0,1,0,0,0,0,0,0,1,0,1,0,1,0,1,0,1,1,0,0,0
0,0,0,0,0.7536629957788878,1,1,-1.4959122896109767,-0.5714714968606772,1,-0.6157870575816,-1.109762475828853,0,0,3.0,0,0,0,1,1,0,1,0,1,0,1,0,1,0,1,0,0,0,0,0
0,0,0,0,-1.1595065416350294,0,1,1.1919537355883103,-0.8337354180502754,1,1.6630135281062284,0.5079352703082123,0,1,0.0,0,1,1,0,0,0,0,0,0,0,0,1,0,1,0,1,0,0,1,0
1,0,0,0,-0.2639803751859618,0,1,1.118949967002651,0.10428482207531178,1,-0.23898938253087482,1.0471678523539008,0,1,2.0,0,0,1,0,0,0,0,0,0,1,0,1,0,1,0,1,0,1,0,0
1,0,1,1,0.18378270803857208,0,1,0.9298038393034418,0.48965087324607404,1,-0.3780614730897241,0.5079352703082123,0,1,2.0,0,1,1,0,0,0,0,1,0,1,0,0,0,1,0,0,0,1,0,0
0,0,0,0,-1.2816237461508113,0,1,-0.6762790695810708,-0.9893737196161955,1,1.9054235730137492,-1.109762475828853,1,0,0.0,0,0,0,0,0,0,0,0,0,0,0,0,0,0,0,0,1,0,0,0
0,0,0,0,-1.1188008067964355,0,0,-1.4959122896109767,-0.9615106461754401,1,-0.27876194642218527,-1.109762475828853,0,0,0.0,0,0,0,1,1,0,1,0,1,0,1,0,1,0,1,0,1,0,0,1
1,0,0,0,-0.4268033145403377,0,1,1.2085455011759603,0.0077952181442549695,1,-0.15229548525059675,0.5079352703082123,0,0,1.0,0,1,1,0,0,1,0,0,0,0,0,0,0,1,0,1,0,0,0,1
1,0,1,1,0.9571916699718578,1,1,-1.3432680462045974,-0.3807301106449865,1,-0.6103496333867795,-1.109762475828853,0,1,3.0,0,1,0,1,1,0,1,0,1,0,1,0,1,0,1,0,0,0,1,0
1,0,0,0,0.1023712383613841,1,0,-1.4710246412295018,-0.6780751770564492,1,-0.593850220681763,-1.109762475828853,0,0,2.0,0,0,0,1,1,0,1,0,1,0,1,0,1,0,1,0,0,0,0,0
1,0,0,0,-0.8745663977648716,0,1,0.2843841579438598,-0.6615109089873387,1,0.045603038450110794,-0.5705298937831644,1,1,1.0,0,0,1,0,0,1,0,0,0,0,0,0,0,0,0,0,0,1,0,1
0,1,0,0,1.4049547531963917,0,0,-0.33282952191671733,0.6257850234034654,1,-0.5667727631326717,-0.5705298937831644,0,1,3.0,0,1,0,0,0,0,0,1,0,0,0,0,0,0,0,0,0,1,0,0
1,0,1,1,-0.7931549280876836,0,0,-0.10386315680714844,-0.6797864524331255,1,-0.15140139234510885,0.5079352703082123,0,0,1.0,0,0,0,0,0,0,0,1,0,1,0,1,0,0,0,0,0,0,0,0
1,0,0,0,0.30589991255435406,1,0,-0.9599982611298843,-0.40212105285344046,0,-0.558631489221871,-0.031297311737476054,0,0,2.0,1,0,0,0,0,0,0,1,0,0,0,1,0,0,0,0,1,0,0,0
1,1,0,0,-1.2816237461508113,0,0,-0.618207890024296,-0.9886058396394818,1,2.0061878434622433,-1.109762475828853,1,1,0.0,0,0,0,0,0,0,0,0,0,0,0,0,0,0,0,0,0,1,0,0
0,0,1,1,1.4863662228735797,2,0,-0.6198670665830609,0.36071285544188564,0,-0.5836595484323234,1.0471678523539008,0,0,3.0,1,0,0,0,0,1,0,1,0,1,0,1,0,0,0,0,0,0,0,0
1,0,0,0,-0.7117434584104956,0,1,-1.1690545075342733,-0.8166226642835123,0,-0.44598265238075807,-0.5705298937831644,0,1,1.0,1,0,0,0,0,0,0,0,0,0,0,1,0,0,0,0,0,1,0,1
1,0,0,0,-0.8745663977648716,0,0,-1.4793205240233267,-0.9144725127447477,1,-0.464456101962982,-1.109762475828853,0,1,1.0,0,0,0,1,1,0,1,0,1,0,1,0,1,0,1,0,0,0,1,0
0,0,0,0,-1.2409180113122174,0,0,-1.4876164068171518,-0.9914579652672756,1,0.11181955903054996,-1.109762475828853,0,1,0.0,0,0,0,1,1,0,1,0,1,0,1,0,1,0,1,0,0,0,1,0
1,0,1,1,-1.2409180113122174,0,0,-1.480979700582092,-0.9912605104161207,1,0.11949683677900665,-1.109762475828853,0,1,0.0,0,0,0,1,1,0,1,0,1,0,1,0,1,0,1,0,0,0,1,0
0,1,1,0,0.1023712383613841,0,0,1.2317739729986703,0.5060176864640297,1,-0.3333026070935132,0.5079352703082123,0,0,2.0,0,1,1,0,0,0,0,0,0,1,0,0,0,1,0,1,0,0,0,0
0,0,1,1,1.4456604880349857,2,1,0.665994766459808,1.451694786928848,1,-0.5178841136852582,2.1256330164452777,0,0,3.0,0,0,0,0,0,1,0,1,0,1,0,1,0,1,0,1,1,0,0,0
1,0,1,0,1.5270719577121736,2,0,0.4104815764099991,1.4036255003865683,1,-0.5343693399099757,1.0471678523539008,0,0,3.0,0,1,0,0,0,1,0,0,0,1,0,1,0,0,0,1,1,0,0,0
1,0,0,0,0.7943687306174818,1,0,-1.1557810950641534,-0.29659240462506775,0,-0.594345139530327,-0.5705298937831644,0,1,3.0,1,0,0,0,0,0,0,1,0,0,0,0,0,0,0,0,0,0,1,0
1,1,1,0,-0.6710377235719016,0,1,0.667653943018573,-0.39850104724893287,1,-0.08361232012501725,-0.5705298937831644,0,0,1.0,0,1,1,0,0,0,0,0,0,0,0,0,0,1,0,0,1,0,0,0
1,0,0,0,-1.0780950719578415,1,0,-1.5191407614336867,-0.9543364532501433,1,-0.3447042785116082,-1.109762475828853,0,1,0.0,0,0,0,1,1,0,1,0,1,0,1,0,1,0,1,0,0,0,1,0
0,1,0,0,-0.6710377235719016,0,1,0.6576988836659831,-0.41649137813194026,1,-0.08564454070549109,-0.5705298937831644,0,1,1.0,0,1,1,0,0,0,0,0,0,0,0,0,0,1,0,0,0,1,0,1
0,0,1,1,1.4456604880349857,2,0,1.5536542253990788,2.286950746742232,1,-0.47323907460455883,1.5864004343995892,0,0,3.0,0,1,1,0,0,1,0,0,0,1,0,1,0,1,0,1,1,0,0,0
1,0,0,0,-0.8338606629262776,0,1,1.1620885575305409,-0.5118840106676917,1,0.22564996564709083,0.5079352703082123,0,1,1.0,0,1,1,0,0,0,0,0,0,0,0,1,0,1,0,1,0,0,1,1
1,0,1,0,0.7129572609402939,0,1,0.9779199595076267,1.1476801344339287,1,-0.44658949602631626,0.5079352703082123,0,0,3.0,0,1,1,0,0,1,0,1,0,0,0,0,0,0,0,1,1,0,0,0
1,0,1,1,1.1607203441648277,2,0,-1.472683817788267,-0.43588583240093853,1,-0.6215771633028694,-1.109762475828853,0,0,3.0,0,0,0,1,1,0,1,0,1,0,1,0,1,0,1,0,1,0,0,0
1,0,0,0,-1.1595065416350294,0,0,-0.5203164730571613,-0.9174562749399783,1,0.47457093264512956,-0.5705298937831644,1,1,0.0,0,0,0,0,0,0,0,1,0,0,0,0,0,0,0,0,0,0,1,0
1,1,1,0,-0.7931549280876836,0,1,1.0061259610066313,-0.4676102451531686,1,0.1237467583897595,-0.031297311737476054,0,1,1.0,0,1,1,0,0,0,0,0,0,0,0,0,0,1,0,1,0,1,0,1
0,0,0,0,-0.5489205190561197,0,1,1.0028076078891015,-0.22381932226051224,1,-0.11187712136510748,0.5079352703082123,0,1,1.0,0,1,1,0,0,1,0,1,0,0,0,0,0,0,0,1,0,1,0,1
0,0,1,0,0.5501343215859179,0,1,0.13837662077254032,0.38116040225037695,1,-0.4904383783856181,0.5079352703082123,0,0,2.0,0,0,0,0,0,0,0,1,0,0,0,0,0,1,0,1,1,0,0,0
0,0,1,1,-0.019745966154397852,0,0,0.3772980452346993,0.04599176212878662,1,-0.39348490368605554,1.5864004343995892,0,0,2.0,0,0,0,0,0,1,0,1,0,1,0,1,0,0,0,1,0,0,0,0
1,0,1,0,0.387311382231542,0,1,-0.82228660675239,-0.2954296149460442,0,-0.5522203308752089,-0.031297311737476054,0,0,2.0,1,0,0,0,0,1,0,0,0,0,0,0,0,1,0,0,0,0,0,0
1,0,0,0,-1.1595065416350294,0,1,-0.82560495986992,-0.9376405486135964,0,0.2626780667877243,-0.031297311737476054,0,1,0.0,1,0,0,0,0,0,0,0,0,0,0,1,0,0,0,1,0,1,0,0
0,0,1,1,1.5270719577121736,2,1,0.7987288911610074,1.7524624040936632,1,-0.5153924068838608,2.1256330164452777,0,0,3.0,0,1,0,0,0,1,0,1,0,1,0,1,0,1,0,1,0,0,0,0
1,1,0,0,0.590840056424512,2,0,-0.17686692539280796,0.1995019391878144,1,-0.5167575566243434,-0.031297311737476054,0,0,2.0,0,1,0,0,0,0,0,1,0,0,0,1,0,0,0,0,0,0,0,0
1,0,1,0,1.2828375486806096,1,0,0.8136614801898924,1.4889479355134168,1,-0.501270125166399,0.5079352703082123,0,0,3.0,0,1,1,0,0,1,0,1,0,1,0,0,0,0,0,0,0,0,0,0
0,0,0,0,-1.2816237461508113,0,1,-1.5158224083161567,-1.0004750701366856,1,0.4486601202440882,-1.109762475828853,0,0,0.0,0,0,0,1,1,0,1,0,1,0,1,0,1,0,1,0,0,0,0,0
1,0,1,1,1.3235432835192036,2,0,1.4507852787556494,2.035371326942908,1,-0.4701704393780265,1.5864004343995892,0,0,3.0,0,1,1,0,0,1,0,0,0,1,0,1,0,1,0,1,0,0,0,1
0,0,1,1,1.1607203441648277,2,0,-0.45063105758903166,0.41468384809090786,0,-0.5643690613708209,1.0471678523539008,0,0,3.0,1,0,0,0,0,0,0,1,0,1,0,1,0,1,0,0,1,0,0,0
0,0,0,1,-1.2409180113122174,0,1,-0.12377327551232817,-0.9536563309850541,1,1.6895001363384046,-0.031297311737476054,1,0,0.0,0,0,0,0,0,1,0,0,0,0,0,0,0,0,0,1,1,0,0,0
1,1,1,0,-0.4675090493789317,0,1,0.13837662077254032,-0.3618183237899227,1,-0.2980423825859232,-1.109762475828853,0,1,1.0,0,0,1,0,0,0,0,0,0,0,0,0,0,0,0,0,0,1,0,1
0,0,0,0,-1.2409180113122174,0,1,0.7058150038701679,-0.9305102345441116,1,2.6491598548954935,-0.031297311737476054,1,1,0.0,0,0,1,0,0,0,0,0,0,1,0,0,0,0,0,1,0,0,1,1
1,0,1,1,0.26519417771576004,0,1,0.7091333569876977,0.4241616809463459,1,-0.41129095355491935,-0.031297311737476054,0,1,2.0,0,0,1,0,0,0,0,1,0,0,0,0,0,1,0,0,0,0,1,1
0,0,1,0,0.18378270803857208,1,1,1.1372009091490658,0.6385537704448194,1,-0.3591208207497815,1.0471678523539008,0,1,2.0,0,1,1,0,0,1,0,0,0,1,0,1,0,0,0,1,0,1,0,1
0,0,1,1,-0.9966836022806536,0,1,0.9712832532725666,-0.6678514036522035,1,0.5455857518183542,0.5079352703082123,1,1,1.0,0,0,1,0,0,0,0,0,0,1,0,0,0,1,0,1,0,1,0,1
1,1,1,0,0.8757802002946699,2,1,1.510515634871189,1.6579254092462499,1,-0.4284863108756104,1.5864004343995892,0,1,3.0,0,1,1,0,0,0,0,1,0,1,0,1,0,1,0,1,0,1,0,0
0,1,1,0,0.9571916699718578,1,0,1.0193993734767515,1.3920195430242381,1,-0.4665016924156959,1.0471678523539008,0,1,3.0,0,1,1,0,0,1,0,1,0,1,0,1,0,0,0,0,0,1,0,0
1,0,1,1,1.1200146093262338,1,0,0.8634367769528422,1.3839677729826967,1,-0.48804642570029927,0.5079352703082123,0,1,3.0,0,0,1,0,0,0,0,1,0,1,0,0,0,1,0,0,0,1,0,1
1,0,1,1,1.4456604880349857,1,1,0.3607062796470494,1.314002937390123,1,-0.5332386691821717,1.0471678523539008,0,0,3.0,0,1,0,0,0,0,0,1,0,1,0,1,0,0,0,1,0,0,0,1
0,0,0,0,-1.2816237461508113,0,1,-0.3378070515930122,-0.9848980763233498,1,2.492735320770688,-0.5705298937831644,1,1,0.0,0,0,0,0,0,0,0,0,0,0,0,0,0,0,0,1,0,0,1,1
1,0,1,0,-0.019745966154397852,1,0,0.18483356441796028,-0.04281904203513289,1,-0.41372499956835046,1.0471678523539008,0,1,2.0,0,0,0,0,0,1,0,1,0,0,0,1,0,0,0,1,0,0,1,0
1,0,1,1,1.5677776925507676,2,0,1.472354574019594,2.4061037797002967,1,-0.48492884262553326,2.1256330164452777,0,0,3.0,0,0,1,0,0,1,0,1,0,1,0,1,0,1,0,1,1,0,0,0
0,0,1,1,-1.2002122764736234,0,1,0.6576988836659831,-0.89270860026189,1,1.7801879797420492,-0.5705298937831644,1,0,0.0,0,1,1,0,0,0,0,0,0,0,0,0,0,0,0,1,0,0,0,1
1,0,1,0,1.5677776925507676,2,1,1.698002586011633,2.637652501821345,1,-0.47405269914855297,2.1256330164452777,0,0,3.0,0,1,1,0,0,1,0,1,0,1,0,1,0,1,0,1,0,0,0,0
1,0,1,1,-1.2816237461508113,0,0,-1.4992306427285067,-1.0002556758576244,1,0.4774499118008009,-1.109762475828853,0,1,0.0,0,0,0,1,1,0,1,0,1,0,1,0,1,0,1,0,0,1,0,0
1,0,1,0,-0.5082147842175256,0,1,0.7987288911610074,-0.21012911924710173,1,-0.1716913406803158,-0.031297311737476054,0,1,1.0,0,0,1,0,0,0,0,0,0,0,0,0,0,1,0,1,0,0,1,1
0,0,0,1,-0.5896262538947137,0,1,-0.9931817923051841,-0.7662716772389977,0,-0.44761154848199314,-0.5705298937831644,0,1,1.0,1,0,0,0,0,0,0,0,0,0,0,0,0,0,0,1,0,1,0,1
1,0,0,0,-0.5082147842175256,0,0,-0.017585975751368575,-0.39523207249092307,1,-0.30659207826034085,0.5079352703082123,0,0,1.0,0,0,0,0,0,1,0,0,0,1,0,0,0,0,0,1,1,0,0,0
0,0,0,0,-1.2409180113122174,0,1,0.19147027065302033,-0.9423794650413152,1,2.054170829390098,-1.109762475828853,1,1,0.0,0,0,1,0,0,0,0,0,0,0,0,0,0,0,0,0,0,1,0,1
0,0,1,1,0.30589991255435406,0,1,1.042627845299461,0.7091109705908583,1,-0.3891228140562506,0.5079352703082123,0,0,2.0,0,1,1,0,0,0,0,1,0,1,0,0,0,1,0,0,1,0,0,0
0,0,0,0,0.1023712383613841,1,0,-1.466047111553207,-0.7015723043438893,1,-0.5933703908224844,-1.109762475828853,0,1,2.0,0,0,0,1,1,0,1,0,1,0,1,0,1,0,1,0,0,0,1,0
0,0,1,1,0.9571916699718578,1,0,0.12676238486118555,0.6652321147786451,1,-0.520848737529771,0.5079352703082123,0,0,3.0,0,1,0,0,0,1,0,1,0,0,0,0,0,0,0,1,0,0,0,0
1,0,0,0,-0.10115743583158582,0,1,1.1770211465594258,0.2794711539055729,1,-0.2867797485869042,0.5079352703082123,0,0,2.0,0,1,1,0,0,1,0,0,0,0,0,0,0,1,0,1,0,0,0,0
1,0,1,1,1.6084834273893616,2,1,0.6178786462556232,1.6647485713250492,1,-0.5279448226584815,1.5864004343995892,0,0,3.0,0,1,0,0,0,1,0,0,0,1,0,1,0,1,0,1,1,0,0,0
0,0,0,0,0.387311382231542,0,1,1.2898451525554449,0.8899357353929888,1,-0.38175798365802177,1.5864004343995892,0,0,2.0,0,0,1,0,0,0,0,1,0,1,0,1,0,1,0,1,0,0,0,0
0,0,0,0,-0.4675090493789317,2,0,0.2030845065643751,-0.33983501702800395,1,-0.2878350928521796,1.0471678523539008,0,0,1.0,0,0,0,0,0,1,0,1,0,0,0,1,0,1,0,0,1,0,0,0
1,0,1,1,-1.1188008067964355,1,0,-1.4876164068171518,-0.9715808435843432,1,-0.27396364782939986,-1.109762475828853,0,1,0.0,0,0,0,1,1,0,1,0,1,0,1,0,1,0,1,0,0,0,1,0
1,0,0,0,0.7536629957788878,1,1,0.9911933719777464,1.1137617788910883,1,-0.44980283626039885,0.5079352703082123,0,1,3.0,0,1,1,0,0,1,0,1,0,0,0,0,0,1,0,0,0,1,0,1
1,0,1,0,0.590840056424512,1,0,-1.4942531130522119,-0.5951660789992723,1,-0.6120037836911344,-1.109762475828853,0,0,2.0,0,0,0,1,1,0,1,0,1,0,1,0,1,0,1,0,0,0,0,0
1,0,1,1,0.5501343215859179,2,1,-1.4842980536996218,-0.6063551872313867,1,-0.6102529151620649,-1.109762475828853,0,1,2.0,0,0,0,1,1,0,1,0,1,0,1,0,1,0,1,0,0,0,1,0
0,0,1,0,1.2014260790034217,2,1,0.23460886118091004,0.8709361908263004,1,-0.5281363790015202,1.0471678523539008,0,0,3.0,0,0,0,0,0,1,0,1,0,1,0,0,0,1,0,0,1,0,0,0
1,0,0,0,-0.5489205190561197,1,1,0.7555903006331177,-0.25159463798964316,1,-0.15477391078460942,-0.031297311737476054,0,0,1.0,0,0,1,0,0,0,0,0,0,0,0,1,0,0,0,1,1,0,0,0
0,0,0,0,-0.019745966154397852,1,0,0.634470411843273,0.21172220053151572,1,-0.36643994798126484,-0.5705298937831644,0,1,2.0,0,1,1,0,0,0,0,0,0,0,0,0,0,1,0,0,0,1,0,1
1,0,0,0,0.7943687306174818,2,1,1.472354574019594,1.5059509921406493,1,-0.422258234527184,1.5864004343995892,0,1,3.0,0,1,1,0,0,1,0,0,0,1,0,1,0,1,0,1,0,1,0,0
1,0,1,1,-1.1595065416350294,2,0,-1.5075265255223318,-0.9664250780264081,1,-0.210626106404632,-1.109762475828853,0,0,0.0,0,0,0,1,1,0,1,0,1,0,1,0,1,0,1,0,1,0,0,0
0,0,1,1,1.2421318138420157,2,1,-0.47385952941174164,0.40452589297038044,1,-0.5686091707926312,-0.5705298937831644,0,0,3.0,0,0,0,0,0,1,0,0,0,0,0,0,0,0,0,0,0,0,0,0
1,0,0,0,-0.9152721326034655,0,1,-0.3461029343868372,-0.7596020911555412,1,-0.08918553111086222,-0.5705298937831644,1,0,1.0,0,1,0,0,0,1,0,0,0,0,0,0,0,0,0,0,1,0,0,0
1,0,0,1,-1.0780950719578415,0,0,-1.5058673489635668,-0.9524935413060305,1,-0.3381237547272166,-1.109762475828853,0,1,0.0,0,0,0,1,1,0,1,0,1,0,1,0,1,0,1,0,0,0,1,0
0,1,1,0,0.9571916699718578,0,1,1.1853170293532507,1.4869295081460552,1,-0.45640001116772644,0.5079352703082123,0,0,3.0,0,1,1,0,0,0,0,0,0,1,0,0,0,1,0,1,0,0,0,1
1,0,0,0,0.8757802002946699,0,1,0.16492344571278056,0.6950258578751379,1,-0.5133900234301341,1.0471678523539008,0,1,3.0,0,0,0,0,0,1,0,1,0,0,0,1,0,1,0,0,0,0,1,0
1,0,0,0,-0.7117434584104956,0,1,0.3673429858821094,-0.5127177089281238,1,-0.1127408151118089,-1.109762475828853,0,1,1.0,0,1,1,0,0,0,0,0,0,0,0,0,0,0,0,0,0,0,1,1
0,0,1,0,-0.5082147842175256,0,1,0.5332606417586087,-0.27013345457030324,1,-0.21556149924292559,-0.031297311737476054,0,1,1.0,0,0,1,0,0,0,0,0,0,1,0,1,0,0,0,0,0,0,1,0
1,1,0,0,-0.4675090493789317,0,1,1.057560434328346,-0.1180493403251724,1,-0.15304652329120672,0.5079352703082123,0,0,1.0,0,0,1,0,0,0,0,0,0,1,0,0,0,1,0,1,0,0,0,1
1,0,1,1,-0.30468611002455576,0,0,-0.3527396406218973,-0.43990074770775606,1,-0.4192413652232731,-0.031297311737476054,0,1,2.0,0,0,0,0,0,1,0,0,0,0,0,1,0,0,0,0,0,1,0,0
1,1,1,0,1.2014260790034217,0,1,0.8252757161012472,1.4612603774959105,1,-0.4955993447342514,-0.031297311737476054,0,0,3.0,0,1,1,0,0,0,0,1,0,0,0,0,0,0,0,1,0,0,0,0
0,0,1,0,1.3642490183577978,0,1,1.336302096200865,2.0348886595289732,1,-0.47892977577793633,1.0471678523539008,0,1,3.0,0,1,1,0,0,0,0,1,0,1,0,0,0,1,0,1,0,1,0,0
1,0,1,0,1.0793088744876398,0,1,1.3877365695225796,1.7347792252013412,1,-0.45485950477741116,1.5864004343995892,0,1,3.0,0,1,1,0,0,1,0,1,0,1,0,1,0,1,0,0,0,1,0,1
1,0,1,1,1.5677776925507676,2,0,1.3479163321122196,2.24052691729291,1,-0.49092671586651504,1.0471678523539008,0,1,3.0,0,1,1,0,0,1,0,0,0,1,0,0,0,1,0,1,0,1,0,0
0,0,1,1,-0.6710377235719016,0,1,1.5934744628094386,-0.1828803497877174,1,0.1053841938590495,1.5864004343995892,0,1,1.0,0,1,1,0,0,1,0,0,0,1,0,1,0,1,0,1,0,1,0,0
0,0,1,0,-0.06045170099299184,1,1,-0.0308593882214887,-0.17050651244867324,1,-0.4294285222356483,0.5079352703082123,0,1,2.0,0,0,0,0,0,1,0,0,0,0,0,1,0,0,0,1,0,1,0,0
1,0,0,1,-0.7524491932490895,2,0,0.3706613389996392,-0.5460875787733119,1,-0.07550601803179385,1.5864004343995892,0,0,1.0,0,0,0,0,0,1,0,1,0,1,0,1,0,0,0,1,0,0,0,0
0,0,1,1,-0.8745663977648716,1,1,-1.4909347599346818,-0.9227656164932561,1,-0.4678149109779318,-1.109762475828853,0,1,1.0,0,0,0,1,1,0,1,0,1,0,1,0,1,0,1,0,0,0,1,0
1,1,1,0,-1.1595065416350294,0,1,-1.1624178012992135,-0.9570350028825945,0,0.028904959347217395,-0.5705298937831644,1,1,0.0,1,0,0,0,0,0,0,0,0,1,0,0,0,0,0,0,0,1,0,0
1,0,0,0,-0.10115743583158582,0,1,0.8285940692187774,0.18596531216974665,1,-0.32578527263148266,-0.031297311737476054,0,0,2.0,0,1,1,0,0,0,0,0,0,0,0,1,0,0,0,1,1,0,0,0
1,0,0,0,-1.0373893371192475,0,1,-0.6729607164635407,-0.867412439886149,1,-0.017014758185739286,-1.109762475828853,1,0,1.0,0,0,0,0,0,0,0,0,0,0,0,0,0,0,0,0,0,0,0,0
1,0,1,0,0.46872285190873,1,1,-0.168571042598983,0.13366171604158844,1,-0.5065851636076383,0.5079352703082123,0,0,2.0,0,0,0,0,0,1,0,1,0,0,0,1,0,0,0,0,0,0,0,0
1,0,1,1,0.387311382231542,2,0,-1.4677062881119718,-0.6452318534810076,1,-0.6043097676917728,-1.109762475828853,0,1,2.0,0,0,0,1,1,0,1,0,1,0,1,0,1,0,1,0,0,0,1,0
1,0,0,0,-1.2816237461508113,0,1,-0.3295111687991873,-0.9847883791838193,1,2.507130216549044,-0.5705298937831644,1,1,0.0,0,0,0,0,0,0,0,0,0,0,0,0,0,0,0,1,0,1,0,1
1,0,1,0,1.4863662228735797,2,1,0.6560397071072182,1.570672304463664,1,-0.5204042635548604,2.1256330164452777,0,1,3.0,0,0,0,0,0,1,0,1,0,1,0,1,0,1,0,1,0,0,1,0
1,1,1,0,0.46872285190873,0,1,0.8053655973960674,0.7638717826445002,1,-0.4314757963019034,-0.031297311737476054,0,1,2.0,0,1,1,0,0,0,0,0,0,1,0,0,0,1,0,0,0,1,0,0
1,0,0,0,-0.7117434584104956,0,1,-0.2100504565681078,-0.5965921418131693,1,-0.237976408383509,-0.031297311737476054,0,0,1.0,0,1,0,0,0,0,0,1,0,0,0,1,0,0,0,0,1,0,0,1
1,0,0,0,0.8757802002946699,2,0,-1.4909347599346818,-0.5044684840354277,1,-0.6178707942432222,-1.109762475828853,0,1,3.0,0,0,0,1,1,0,1,0,1,0,1,0,1,0,1,0,0,0,1,0
1,0,0,1,-0.4675090493789317,2,0,-1.5042081724048018,-0.8347226923060502,1,-0.5571505065963372,-1.109762475828853,0,1,1.0,0,0,0,1,1,0,1,0,1,0,1,0,1,0,1,0,0,0,1,0
0,0,1,1,-0.38609757970174374,0,1,0.6245153524906832,-0.19718485678249884,1,-0.2578893475435686,-0.5705298937831644,0,1,1.0,0,1,1,0,0,0,0,0,0,0,0,0,0,1,0,0,0,1,0,0
0,0,0,0,-1.2409180113122174,0,0,-0.44897188103026675,-0.966447017454314,0,1.3133135266640252,0.5079352703082123,1,1,0.0,1,0,0,0,0,0,0,1,0,0,0,0,0,1,0,1,0,1,0,0
1,0,0,0,-1.0373893371192475,0,1,0.15330920980142534,-0.7801593351035632,1,0.34141814669533344,-1.109762475828853,1,1,1.0,0,0,1,0,0,0,0,0,0,0,0,0,0,0,0,0,0,1,0,0
0,0,1,1,0.5501343215859179,2,1,-1.5158224083161567,-0.6297206779513902,1,-0.6125806004368629,-1.109762475828853,0,1,2.0,0,0,0,1,1,0,1,0,1,0,1,0,1,0,1,0,0,0,1,0
1,1,1,0,-1.0373893371192475,0,0,-0.024222681986428636,-0.800497184772524,1,0.26440545428112716,0.5079352703082123,0,1,1.0,0,1,0,0,0,1,0,1,0,0,0,1,0,0,0,0,0,1,0,0
0,0,0,0,0.631545791263106,2,0,-0.3129194032115374,0.14392936830164635,1,-0.5293114725344473,-0.031297311737476054,0,0,2.0,0,0,0,0,0,1,0,1,0,0,0,0,0,0,0,0,1,0,0,0
0,0,1,0,0.9571916699718578,1,1,1.1056765545325309,1.4080792042515082,1,-0.4612488181667518,0.5079352703082123,0,1,3.0,0,1,1,0,0,0,0,1,0,0,0,0,0,1,0,1,0,1,0,1
1,0,0,0,1.0386031396490458,2,0,-1.464387934994442,-0.4770003202969823,1,-0.6191483689686973,-1.109762475828853,0,1,3.0,0,0,0,1,1,0,1,0,1,0,1,0,1,0,1,0,0,0,1,0
1,1,1,0,-0.6710377235719016,0,1,1.1222683201201809,-0.31232297443374624,1,0.009192419716621216,0.5079352703082123,0,1,1.0,0,1,1,0,0,0,0,0,0,1,0,0,0,1,0,1,0,1,0,1
1,0,0,1,-1.2816237461508113,0,1,-1.456092052200617,-0.9996852507320656,1,0.5523033698482539,-1.109762475828853,0,1,0.0,0,0,0,1,1,0,1,0,1,0,1,0,1,0,1,0,0,0,1,0
1,0,1,0,1.0386031396490458,1,0,-0.1536384535700982,0.5548329135551168,1,-0.5420502831049582,0.5079352703082123,0,0,3.0,0,0,0,0,0,1,0,1,0,1,0,0,0,0,0,0,1,0,0,1
0,0,1,0,-0.3453918448631497,1,0,-1.4859572302583868,-0.8084611971024407,1,-0.5669285667105081,-1.109762475828853,0,1,1.0,0,0,0,1,1,0,1,0,1,0,1,0,1,0,1,0,0,0,1,0
0,0,1,0,-0.2639803751859618,0,0,0.4768486387605988,-0.12441177441794332,1,-0.3215201183267845,-0.5705298937831644,0,0,2.0,0,1,1,0,0,0,0,1,0,0,0,0,0,0,0,0,0,0,0,0
1,0,1,1,1.4863662228735797,2,0,-1.4842980536996218,-0.4049292996254221,1,-0.6265152095781727,-1.109762475828853,0,0,3.0,0,0,0,1,1,0,1,0,1,0,1,0,1,0,1,0,0,0,0,0
0,0,1,0,-0.9966836022806536,0,1,0.6626764133422782,-0.6732704423450118,1,0.4265879467172752,-0.5705298937831644,1,1,1.0,0,1,1,0,0,0,0,0,0,0,0,0,0,0,0,1,0,1,0,1
0,0,1,0,1.0386031396490458,1,1,-0.6497322446408307,0.10564506660549036,0,-0.5712304447166772,0.5079352703082123,0,1,3.0,1,0,0,0,0,1,0,1,0,0,0,0,0,1,0,0,0,1,0,0
0,0,0,1,-0.4268033145403377,0,1,-1.472683817788267,-0.802756945846853,1,-0.5568546431257939,-1.109762475828853,0,1,1.0,0,0,0,1,1,0,1,0,1,0,1,0,1,0,1,0,0,1,0,0
1,0,1,0,1.5270719577121736,2,0,1.1969312652646056,2.100114578693828,1,-0.4959288858314353,1.5864004343995892,0,0,3.0,0,0,1,0,0,1,0,1,0,1,0,1,0,0,0,1,1,0,0,0
1,0,1,1,-0.8338606629262776,2,1,-1.3117436915880627,-0.8715809311883093,1,-0.4347435606768875,-1.109762475828853,0,0,1.0,0,1,0,1,1,0,1,0,1,0,1,0,1,0,1,0,0,0,0,0
1,0,1,1,-1.1595065416350294,2,0,-1.4942531130522119,-0.9752886069004751,1,-0.201413373106484,-1.109762475828853,0,1,0.0,0,0,0,1,1,0,1,0,1,0,1,0,1,0,1,0,0,0,1,0
1,0,1,0,-1.1188008067964355,0,1,-1.3266762806169474,-0.9648673786450744,0,-0.18087665512936224,-1.109762475828853,1,1,0.0,1,0,0,0,0,0,0,0,0,0,0,0,0,0,0,0,0,1,0,1
1,0,0,0,0.22448844287716607,1,0,0.9978300782128064,0.5731742752846217,1,-0.3792309369572775,0.5079352703082123,0,0,2.0,0,1,1,0,0,0,0,0,0,1,0,1,0,1,0,0,0,0,0,0
0,0,0,0,-1.2409180113122174,0,1,0.5150096996121938,-0.9487638385619923,1,2.428438119627363,-0.031297311737476054,1,1,0.0,0,0,1,0,0,1,0,0,0,1,0,0,0,0,0,0,0,1,0,0
0,0,1,1,1.0793088744876398,1,0,0.018915908541461066,0.659045196109123,1,-0.534031431558371,0.5079352703082123,0,1,3.0,0,1,0,0,0,1,0,1,0,0,0,1,0,0,0,0,0,0,1,0
1,0,1,1,0.590840056424512,0,0,0.8335715988950722,0.806434272782347,1,-0.443703460549185,0.5079352703082123,0,1,2.0,0,0,1,0,0,1,0,0,0,1,0,0,0,0,0,1,0,1,0,0
0,0,0,0,-0.4675090493789317,1,1,-0.1552976301288631,-0.45677216776755203,1,-0.34436777445445177,0.5079352703082123,0,1,1.0,0,0,0,0,0,1,0,0,0,1,0,1,0,0,0,0,0,1,0,0
0,1,0,0,-0.7117434584104956,0,1,0.31590851256039476,-0.5062016988400101,1,-0.12389685934003504,-1.109762475828853,0,1,1.0,0,1,1,0,0,0,0,0,0,0,0,0,0,0,0,0,0,0,1,1
0,0,1,1,-1.1188008067964355,0,1,-1.1425076825940335,-0.9355563029625162,0,-0.07435442636952537,-0.5705298937831644,1,1,0.0,1,0,0,0,0,0,0,1,0,0,0,0,0,0,0,0,0,1,0,0
0,0,0,0,-0.7117434584104956,0,1,-0.18184445506910288,-0.6172371434728156,1,-0.23185857767770757,-0.031297311737476054,0,1,1.0,0,0,0,0,0,0,0,0,0,1,0,0,0,0,0,1,0,1,0,1
1,0,1,1,1.6084834273893616,1,1,1.31141444781939,2.264002105152444,1,-0.49497459561545165,1.0471678523539008,0,0,3.0,0,1,1,0,0,0,0,1,0,1,0,0,0,1,0,1,1,0,0,0
0,0,1,0,0.5094285867473239,0,1,-0.4871329418818615,-0.034131028584314604,1,-0.5339479828871921,-0.5705298937831644,0,0,2.0,0,0,0,0,0,0,0,0,0,1,0,0,0,0,0,0,1,0,0,0
0,0,1,1,0.631545791263106,2,0,-0.8471742551338649,-0.14071276935218044,0,-0.5671494842946982,0.5079352703082123,0,1,2.0,1,0,0,0,0,1,0,1,0,0,0,1,0,0,0,0,0,0,1,0
1,1,0,0,-0.6303319887333076,0,1,1.2234780902048452,-0.23996674119940667,1,-0.008457792361938618,1.0471678523539008,0,1,1.0,0,0,1,0,0,0,0,1,0,1,0,0,0,1,0,1,0,1,0,0
1,0,0,0,-0.22327464034736777,0,0,-0.48381458876433153,-0.3896375183748659,1,-0.45266599684928066,-0.5705298937831644,0,1,2.0,0,0,0,0,0,1,0,0,0,0,0,0,0,0,0,0,0,0,1,0
1,0,1,1,0.5094285867473239,2,1,1.4872871630484792,1.1414273974806883,1,-0.38499210483289614,1.5864004343995892,0,0,2.0,0,1,1,0,0,0,0,1,0,1,0,1,0,1,0,1,0,0,0,0
0,0,1,1,-0.9152721326034655,0,1,1.233433149557435,-0.5399225995316961,1,0.4091395881980553,1.0471678523539008,1,0,1.0,0,1,1,0,0,0,0,1,0,1,0,0,0,1,0,1,1,0,0,1
1,0,0,0,-1.2816237461508113,0,1,-0.5186572964983965,-0.9872894739651153,1,2.1789265928025197,-0.5705298937831644,0,1,0.0,0,0,0,0,0,0,0,0,0,0,0,1,0,0,0,0,0,1,0,0
1,0,0,0,-0.4268033145403377,0,1,0.9961709016540415,-0.06868562753643248,1,-0.18433977498328566,1.0471678523539008,0,0,1.0,0,0,1,0,0,0,0,1,0,1,0,1,0,0,0,1,0,0,0,0
1,0,0,0,-0.5082147842175256,0,0,0.18649274097672516,-0.35356909889722665,1,-0.27286689386533464,-1.109762475828853,0,0,1.0,0,0,1,0,0,0,0,0,0,0,0,0,0,0,0,0,1,0,0,0
0,0,1,1,-1.0373893371192475,0,1,-1.3349721634107725,-0.9435203152924327,0,-0.3041929289639482,-1.109762475828853,1,1,1.0,1,0,0,0,0,0,0,0,0,0,0,0,0,0,0,0,0,1,0,0
1,0,0,0,-1.2816237461508113,0,1,-0.4722003528529765,-0.9866751699837445,1,2.2595380091613153,-0.5705298937831644,1,1,0.0,0,0,0,0,0,1,0,0,0,0,0,0,0,0,0,0,0,0,1,0
1,0,1,0,-0.3453918448631497,0,0,-0.37596811244460704,-0.43176121995459055,1,-0.41284560229898176,-0.031297311737476054,0,1,1.0,0,0,0,0,0,1,0,0,0,0,0,1,0,0,0,0,0,0,1,0
1,0,1,1,1.4456604880349857,2,1,-1.3582006352334823,-0.2786459525978726,1,-0.6196914925234885,-1.109762475828853,0,0,3.0,0,1,0,1,1,0,1,0,1,0,1,0,1,0,1,0,0,0,0,0
1,1,0,0,-0.5082147842175256,0,1,0.6444254711958629,-0.24314795824579213,1,-0.19719087034483274,-0.5705298937831644,0,1,1.0,0,1,1,0,0,0,0,0,0,0,0,0,0,1,0,0,0,1,0,0
1,0,1,0,-0.30468611002455576,1,1,-0.8903128456617546,-0.5831213330788199,0,-0.4909943841800031,-0.031297311737476054,0,0,2.0,1,0,0,0,0,0,0,0,0,1,0,0,0,1,0,0,1,0,0,0
1,1,0,0,-1.2816237461508113,0,1,-0.7177584835501956,-0.9899222053138481,0,1.8334490941219674,0.5079352703082123,1,1,0.0,1,0,0,0,0,0,0,1,0,1,0,0,0,0,0,1,0,1,0,1
0,1,0,0,1.2828375486806096,0,1,-0.6995075414037805,0.19818557351344798,0,-0.5820587094732357,0.5079352703082123,0,1,3.0,1,0,0,0,0,0,0,1,0,0,0,1,0,1,0,0,0,1,0,0
0,0,1,0,1.2828375486806096,2,1,1.1305642029140057,1.7887063389945514,1,-0.484350586128454,1.0471678523539008,0,0,3.0,0,0,1,0,0,1,0,0,0,1,0,0,0,1,0,1,0,0,0,0
0,0,1,1,-0.5082147842175256,0,1,-1.3067661619117676,-0.7862804354893669,1,-0.5196365357800147,-1.109762475828853,0,0,1.0,0,1,0,1,1,0,1,0,1,0,1,0,1,0,1,0,0,0,0,0
0,0,0,0,0.1023712383613841,1,1,1.1388600857078308,0.5408794374068329,1,-0.34225943113337937,1.0471678523539008,0,1,2.0,0,0,1,0,0,0,0,0,0,1,0,1,0,1,0,1,0,1,0,0
1,0,1,1,1.6084834273893616,2,1,1.6382722298960932,2.5270777851745687,1,-0.47943599578895196,2.1256330164452777,0,0,3.0,0,1,1,0,0,1,0,1,0,1,0,1,0,1,0,1,1,0,0,0
1,0,0,0,0.428017117070136,1,0,0.9762607829488613,0.7116998230837789,1,-0.41280896074609147,-0.031297311737476054,0,1,2.0,0,1,1,0,0,0,0,0,0,0,0,0,0,1,0,1,0,0,1,0
1,0,0,1,0.8350744654560759,1,0,1.0293544328293414,1.2012123385248288,1,-0.4551260769214548,1.0471678523539008,0,1,3.0,0,0,1,0,0,1,0,1,0,1,0,0,0,0,0,1,0,1,0,0
1,0,0,0,1.4863662228735797,2,0,-1.3598598117922474,-0.2572330709615126,1,-0.6203459685303058,-1.109762475828853,0,0,3.0,0,1,0,1,1,0,1,0,1,0,1,0,1,0,1,0,0,0,0,0
1,0,0,0,-1.2816237461508113,0,1,-0.5070430605870415,-0.9871358979697726,1,2.1990794468922186,-0.5705298937831644,1,1,0.0,0,0,0,0,0,0,0,0,0,1,0,0,0,0,0,0,0,0,1,1
1,0,0,0,-0.019745966154397852,0,1,0.9447364283323268,0.29836100133273075,1,-0.33381151755032373,1.0471678523539008,0,0,2.0,0,0,1,0,0,1,0,1,0,1,0,0,0,0,0,1,1,0,0,0
0,0,1,0,1.5677776925507676,2,0,-1.5207999379924515,-0.40670639328581676,1,-0.629197686981949,-1.109762475828853,0,0,3.0,0,0,0,1,1,0,1,0,1,0,1,0,1,0,1,0,1,0,0,0
1,0,0,0,0.020959768684196134,2,0,-1.4793205240233267,-0.7062673419157961,1,-0.5908207066682787,-1.109762475828853,0,1,2.0,0,0,0,1,1,0,1,0,1,0,1,0,1,0,1,0,0,0,1,0
1,0,0,0,-0.9152721326034655,0,1,-1.4959122896109767,-0.9242136187350589,1,-0.45193690472544185,-1.109762475828853,0,1,1.0,0,0,0,1,1,0,1,0,1,0,1,0,1,0,1,0,0,0,1,0
0,0,1,1,0.18378270803857208,0,0,-1.2769009838539978,-0.6089221002964013,1,-0.5795900139867128,-1.109762475828853,0,1,2.0,0,1,0,1,1,0,1,0,1,0,1,0,1,0,1,0,0,0,1,0
1,0,1,1,-1.0373893371192475,0,1,0.21303956591696496,-0.782616551029047,1,0.3673289590963748,1.0471678523539008,0,0,1.0,0,0,0,0,0,1,0,0,0,1,0,1,0,0,0,1,1,0,0,0
1,0,0,0,0.9978974048104517,0,1,-0.3709905827683121,0.3934464818777966,0,-0.5530260756429147,1.0471678523539008,0,1,3.0,1,0,0,0,0,1,0,0,0,1,0,0,0,1,0,1,0,1,0,0
0,0,0,0,0.590840056424512,2,0,-1.4826388771408567,-0.5570572927263653,1,-0.6111640814373971,-1.109762475828853,0,0,2.0,0,0,0,1,1,0,1,0,1,0,1,0,1,0,1,0,1,0,0,0
0,0,1,0,-1.1188008067964355,0,1,0.13339909109624562,-0.8546875717006072,1,0.6636238972008762,-1.109762475828853,1,1,0.0,0,0,1,0,0,0,0,0,0,0,0,0,0,0,0,0,0,1,0,0
1,0,1,0,1.1607203441648277,0,1,1.3479163321122196,1.747306638535728,1,-0.4636976612176708,1.0471678523539008,0,1,3.0,0,1,1,0,0,0,0,1,0,1,0,0,0,1,0,1,0,1,0,1
0,0,1,1,1.6084834273893616,2,1,0.6228561759319183,1.6663282101342884,1,-0.5277081942347278,2.1256330164452777,0,0,3.0,0,0,0,0,0,1,0,1,0,1,0,1,0,1,0,1,0,0,0,0
1,0,1,1,0.1023712383613841,2,0,-1.5042081724048018,-0.7074959498785381,1,-0.5970490864102865,-1.109762475828853,0,1,2.0,0,0,0,1,1,0,1,0,1,0,1,0,1,0,1,0,0,0,1,0
1,1,0,0,0.9571916699718578,0,1,1.1985904418233704,1.4456614442546687,1,-0.455591876667889,0.5079352703082123,0,1,3.0,0,1,1,0,0,0,0,0,0,1,0,0,0,1,0,1,0,1,0,0
0,1,1,0,0.14307697319997809,0,1,0.896620308128142,0.4395412199085267,1,-0.3735607645661356,-0.031297311737476054,0,0,2.0,0,1,1,0,0,0,0,1,0,0,0,0,0,1,0,0,1,0,0,0
1,0,0,0,-0.5082147842175256,0,1,1.1156316138851208,-0.11732533920427085,1,-0.11932133889620035,0.5079352703082123,0,1,1.0,0,1,1,0,0,0,0,0,0,0,0,1,0,1,0,1,0,0,1,0
0,0,1,1,0.22448844287716607,0,0,-1.4760021709057967,-0.6661181888476211,1,-0.5993621123986036,-1.109762475828853,0,1,2.0,0,0,0,1,1,0,1,0,1,0,1,0,1,0,1,0,0,0,1,0
0,0,0,0,0.428017117070136,2,1,1.3163919774956847,1.0796459684970925,1,-0.38598210952279105,1.0471678523539008,0,1,2.0,0,1,1,0,0,0,0,1,0,1,0,0,0,1,0,1,0,1,0,1
0,1,0,0,-0.9966836022806536,0,1,0.7356801819279375,-0.6958022348045834,1,0.454737965128283,-0.031297311737476054,1,1,1.0,0,0,1,0,0,0,0,1,0,0,0,0,0,1,0,0,0,1,0,0
1,0,0,0,-0.9559778674420595,1,1,-1.4942531130522119,-0.9366971532136337,1,-0.43058011389791684,-1.109762475828853,0,1,1.0,0,0,0,1,1,0,1,0,1,0,1,0,1,0,1,0,0,1,0,0
1,0,1,1,1.4049547531963917,1,0,0.8169798333074222,1.6407248977678623,1,-0.5080923938714896,0.5079352703082123,0,1,3.0,0,1,1,0,0,1,0,1,0,0,0,1,0,0,0,0,0,1,0,0
1,0,0,0,-1.2816237461508113,0,0,-0.6795974226986006,-0.9894175984720078,1,1.899665614702407,-1.109762475828853,1,1,0.0,0,0,0,0,0,0,0,0,0,0,0,0,0,0,0,0,0,0,1,0
0,0,0,0,0.8757802002946699,1,1,1.2948226822317401,1.4654288687980708,1,-0.44209603052060187,1.0471678523539008,0,0,3.0,0,1,1,0,0,1,0,0,0,1,0,0,0,1,0,1,0,0,0,1
1,1,0,0,-1.2816237461508113,0,0,-1.4892755833759168,-1.0001240392901878,1,0.49472378673482853,-1.109762475828853,0,1,0.0,0,0,0,1,1,0,1,0,1,0,1,0,1,0,1,0,0,0,1,1
0,0,1,1,-0.38609757970174374,0,0,0.6460846477546283,-0.15905413108168565,1,-0.25477045345825805,0.5079352703082123,0,1,1.0,0,0,1,0,0,1,0,1,0,0,0,1,0,0,0,0,0,0,1,0
0,1,0,0,-0.5082147842175256,0,1,0.9679649001550363,-0.2268250238836488,1,-0.14372411459665205,0.5079352703082123,0,1,1.0,0,1,1,0,0,0,0,1,0,1,0,0,0,0,0,1,0,1,0,1
0,0,1,1,-0.7524491932490895,0,1,0.659358060224748,-0.48066420475730204,1,-0.008713701620220447,-0.5705298937831644,0,1,1.0,0,1,1,0,0,0,0,0,0,0,0,0,0,1,0,0,0,1,0,0
0,1,0,0,-0.5896262538947137,0,1,-0.5004063543519814,-0.6290405556863009,1,-0.35760556856258613,-0.5705298937831644,0,0,1.0,0,0,0,0,0,0,0,1,0,0,0,0,0,0,0,0,1,0,0,0
1,0,1,0,0.7943687306174818,0,0,0.6361295884020379,0.8992161133972717,1,-0.47701315884636586,-0.031297311737476054,0,1,3.0,0,0,1,0,0,1,0,0,0,0,0,0,0,1,0,0,0,1,0,1
0,0,0,0,-1.2816237461508113,0,0,-1.461069581876912,-0.9997510690157839,1,0.5436664323812399,-1.109762475828853,0,1,0.0,0,0,0,1,1,0,1,0,1,0,1,0,1,0,1,0,0,0,1,1
0,0,0,0,0.22448844287716607,1,0,-1.5141632317573919,-0.6774169942192659,1,-0.6027578314027286,-1.109762475828853,0,1,2.0,0,0,0,1,1,0,1,0,1,0,1,0,1,0,1,0,0,0,1,0
0,0,0,0,-1.1188008067964355,0,0,0.3524103968532244,-0.8274168628133167,1,0.7902989800504119,-1.109762475828853,1,1,0.0,0,1,1,0,0,0,0,0,0,0,0,0,0,0,0,0,0,1,0,1
1,0,0,0,-1.2816237461508113,0,1,-1.5042081724048018,-1.0003214941413427,1,0.46881297433378716,-1.109762475828853,0,1,0.0,0,0,0,1,1,0,1,0,1,0,1,0,1,0,1,0,0,0,1,1
1,1,0,0,-0.2639803751859618,0,1,0.9513731345673865,0.04596982270088044,1,-0.2605284117696007,-0.031297311737476054,0,1,2.0,0,1,1,0,0,0,0,0,0,0,0,0,0,1,0,1,0,1,0,0
0,1,1,0,1.3642490183577978,1,1,1.4325343366092342,2.142435735124708,1,-0.4739452745531921,1.5864004343995892,0,0,3.0,0,1,1,0,0,0,0,1,0,1,0,1,0,1,0,1,1,0,0,0
1,0,1,1,0.7536629957788878,2,0,-0.14700174733503815,0.36073479486979165,1,-0.5257635939831099,0.5079352703082123,0,0,3.0,0,0,0,0,0,1,0,1,0,0,0,1,0,0,0,0,1,0,0,0
1,0,0,0,-0.9152721326034655,0,0,0.3358186312655745,-0.6639023066291043,1,0.12595272943111793,-1.109762475828853,1,1,1.0,0,1,1,0,0,0,0,0,0,0,0,0,0,0,0,0,0,1,0,0
1,0,0,0,-1.1188008067964355,0,0,-1.456092052200617,-0.9589656725383319,1,-0.25573011317681515,-1.109762475828853,0,1,0.0,0,0,0,1,1,0,1,0,1,0,1,0,1,0,1,0,0,0,1,1
1,0,1,0,-1.1595065416350294,0,0,0.18483356441796028,-0.8798301560810053,1,0.9639973891092452,-1.109762475828853,1,1,0.0,0,0,1,0,0,0,0,0,0,0,0,0,0,0,0,0,0,1,0,0
0,0,1,0,1.0793088744876398,0,1,0.9895341954189815,1.4472630224918142,1,-0.4778913380227813,0.5079352703082123,0,1,3.0,0,1,1,0,0,1,0,1,0,0,0,0,0,1,0,0,0,1,0,0
0,1,1,0,-1.1188008067964355,0,1,0.3125901594428645,-0.8620153406212469,1,0.7672671468050417,-1.109762475828853,1,1,0.0,0,1,1,0,0,0,0,0,0,0,0,0,0,0,0,0,0,1,0,1
0,0,0,0,-1.1188008067964355,0,1,-0.019245152310133944,-0.8541829648587668,1,0.575335203093624,0.5079352703082123,0,1,0.0,0,0,0,0,0,1,0,0,0,0,0,1,0,1,0,0,0,1,0,0
0,0,1,0,-1.2002122764736234,0,1,-0.6248445962593558,-0.9518134190409411,1,0.6674625360751045,-1.109762475828853,1,1,0.0,0,0,0,0,0,0,0,0,0,0,0,0,0,0,0,0,0,0,1,0
0,0,0,0,0.631545791263106,0,1,-0.6679831867872458,-0.08546928988460402,0,-0.5544584741390861,0.5079352703082123,0,1,2.0,1,0,0,0,0,1,0,1,0,0,0,0,0,1,0,0,0,1,0,0
0,0,1,0,1.6084834273893616,2,0,-1.3299946337344775,-0.1875753873596242,1,-0.6205454124874697,-1.109762475828853,0,0,3.0,0,1,0,1,1,0,1,0,1,0,1,0,1,0,1,0,1,0,0,0
0,0,0,0,-0.8338606629262776,0,1,0.4934404043482487,-0.5696066454886581,1,0.047153257995472195,-0.5705298937831644,0,1,1.0,0,1,1,0,0,1,0,0,0,0,0,0,0,0,0,0,0,1,0,0
1,1,0,0,-1.2409180113122174,0,1,1.0011484313303363,-0.9298301122790222,1,2.990798714701817,1.0471678523539008,0,0,0.0,0,0,1,0,0,0,0,1,0,1,0,1,0,0,0,1,1,0,0,1
0,0,1,0,1.6084834273893616,1,0,1.4673770443432994,2.409065602467621,1,-0.4875602383378326,1.5864004343995892,0,0,3.0,0,1,1,0,0,0,0,1,0,1,0,1,0,1,0,1,1,0,0,0
1,0,1,0,-0.5896262538947137,0,1,-0.6829157758161306,-0.6719101978148333,1,-0.390941116680885,-1.109762475828853,0,0,1.0,0,0,0,0,0,0,0,0,0,0,0,0,0,0,0,0,0,0,0,0
0,0,1,1,0.5094285867473239,2,1,0.5332606417586087,0.5415814990998283,1,-0.4569665837246778,1.5864004343995892,0,1,2.0,0,0,0,0,0,1,0,0,0,1,0,1,0,1,0,1,0,0,1,0
0,0,0,0,-0.06045170099299184,0,1,0.3690021624408743,-0.03138860009605128,1,-0.38606389870334984,-1.109762475828853,0,1,2.0,0,1,1,0,0,0,0,0,0,0,0,0,0,0,0,0,0,1,0,0
1,0,0,0,-0.9152721326034655,0,0,-1.4909347599346818,-0.921734463381669,1,-0.45036655245871204,-1.109762475828853,0,0,1.0,0,0,0,1,1,0,1,0,1,0,1,0,1,0,1,0,1,0,0,0
1,1,1,0,0.346605647392948,0,1,0.6245153524906832,0.42747453456016804,1,-0.43011399346318907,-0.031297311737476054,0,0,2.0,0,1,1,0,0,1,0,0,0,1,0,0,0,0,0,0,0,0,0,1
0,0,0,0,-1.2409180113122174,0,1,-0.5153389433808665,-0.9621688290126234,1,1.236540749179458,-1.109762475828853,1,1,0.0,0,1,0,0,0,0,0,0,0,0,0,0,0,0,0,0,0,1,0,1
0,0,0,0,-1.2409180113122174,0,0,0.13339909109624562,-0.9563768200454112,1,1.986994649091102,-1.109762475828853,1,1,0.0,0,0,1,0,0,0,0,0,0,0,0,0,0,0,0,0,0,1,0,1
1,0,1,1,0.9571916699718578,1,1,0.6942007679588127,1.094542840045339,1,-0.48630098766171576,0.5079352703082123,0,1,3.0,0,0,1,0,0,0,0,1,0,1,0,1,0,0,0,0,0,0,1,0
1,0,1,1,1.5677776925507676,1,0,1.1819986762357204,2.112510355460778,1,-0.49892388018782413,0.5079352703082123,0,0,3.0,0,1,1,0,0,0,0,1,0,0,0,0,0,1,0,1,0,0,0,0
1,0,1,1,-0.30468611002455576,1,0,-1.5042081724048018,-0.828513834208622,1,-0.5729345601491084,-1.109762475828853,0,1,2.0,0,0,0,1,1,0,1,0,1,0,1,0,1,0,1,0,0,1,0,0
1,0,0,0,-0.8745663977648716,2,0,-1.5058673489635668,-0.9110060831355828,1,-0.47213337971143876,-1.109762475828853,0,0,1.0,0,0,0,1,1,0,1,0,1,0,1,0,1,0,1,0,1,0,0,0
1,0,0,0,-0.8338606629262776,0,1,0.8169798333074222,-0.5605895406192484,1,0.1335226326656102,-0.031297311737476054,0,1,1.0,0,1,1,0,0,0,0,0,0,1,0,0,0,1,0,0,0,1,0,0
1,0,1,0,1.6084834273893616,2,0,0.5714217026102036,1.5291629068653103,1,-0.530153354613517,1.0471678523539008,0,0,3.0,0,1,0,0,0,0,0,1,0,1,0,0,0,1,0,1,0,0,0,0
0,0,0,0,1.5677776925507676,2,1,1.6001111690444987,2.4984468317570996,1,-0.4787710260981253,2.1256330164452777,0,0,3.0,0,1,1,0,0,1,0,1,0,1,0,1,0,1,0,1,1,0,0,0
1,1,1,0,-0.22327464034736777,0,0,-1.1342117998002084,-0.6556530817364082,0,-0.5332774132080762,-0.5705298937831644,0,0,2.0,1,0,0,0,0,1,0,0,0,0,0,0,0,0,0,0,1,0,0,1
1,0,0,0,-0.7524491932490895,0,1,-0.4705411762942116,-0.6961752050789871,0,-0.2701250089551715,0.5079352703082123,0,1,1.0,1,0,0,0,0,0,0,0,0,1,0,0,0,1,0,1,0,1,0,1
1,0,0,1,-0.6303319887333076,1,0,0.5282831120823135,-0.3744554342638401,1,-0.1424902663870787,1.5864004343995892,0,1,1.0,0,0,0,0,0,0,0,1,0,1,0,1,0,1,0,1,0,1,0,0
0,0,1,0,0.020959768684196134,1,1,1.28818597599668,0.46586853339585454,1,-0.3083420459824156,1.5864004343995892,0,1,2.0,0,0,1,0,0,1,0,0,0,1,0,1,0,1,0,1,0,1,0,1
1,1,1,0,-0.9152721326034655,0,0,0.6842457086062228,-0.6351835955000108,1,0.23587738810220274,-0.5705298937831644,1,1,1.0,0,1,1,0,0,0,0,0,0,0,0,0,0,0,0,1,0,1,0,1
1,0,1,0,0.5094285867473239,0,1,0.651062177430923,0.6207170155571547,1,-0.4480793002441274,-0.031297311737476054,0,1,2.0,0,1,1,0,0,1,0,0,0,1,0,0,0,0,0,0,0,0,1,0
1,0,0,0,0.9978974048104517,2,0,-1.466047111553207,-0.5180051110534956,1,-0.6185476702202609,-1.109762475828853,0,1,3.0,0,0,0,1,1,0,1,0,1,0,1,0,1,0,1,0,0,0,1,0
1,0,1,1,0.387311382231542,1,1,-0.6580281274346557,-0.10982205486038234,0,-0.5389636361583969,0.5079352703082123,0,0,2.0,1,0,0,0,0,0,0,1,0,1,0,0,0,0,0,1,1,0,0,0
0,0,0,0,-1.2816237461508113,0,1,-0.6480730680820658,-0.9890007493417917,1,1.9543662186601607,-1.109762475828853,1,1,0.0,0,0,0,0,0,0,0,0,0,0,0,0,0,0,0,0,0,0,1,0
1,0,1,0,-0.9966836022806536,0,1,-0.5103614137045716,-0.8362803916873838,1,-0.02573166729596616,-0.5705298937831644,1,0,1.0,0,0,0,0,0,0,0,1,0,0,0,0,0,0,0,0,0,0,0,0
0,1,0,0,-0.3453918448631497,0,1,-1.480979700582092,-0.807100952572262,1,-0.5662376117131469,-1.109762475828853,0,1,1.0,0,0,0,1,1,0,1,0,1,0,1,0,1,0,1,0,0,0,1,0
1,0,1,1,-0.3453918448631497,0,0,0.5332606417586087,-0.16475838233727336,1,-0.2866311561143534,1.0471678523539008,0,0,1.0,0,1,0,0,0,1,0,0,0,0,0,1,0,1,0,1,0,0,0,0
1,0,0,0,-0.019745966154397852,1,0,-1.497571466169742,-0.7422699431097171,1,-0.5906513549532393,-1.109762475828853,0,1,2.0,0,0,0,1,1,0,1,0,1,0,1,0,1,0,1,0,0,0,1,0
0,0,0,0,-1.2002122764736234,0,1,0.3607062796470494,-0.9008481280150554,1,1.5225193453094708,-1.109762475828853,1,1,0.0,0,1,1,0,0,0,0,0,0,0,0,0,0,0,0,0,0,1,0,1
1,1,0,0,0.7129572609402939,0,1,1.0210585500355165,1.1045910980263356,1,-0.44365406629896514,-0.031297311737476054,0,1,3.0,0,1,1,0,0,0,0,0,0,0,0,0,0,1,0,1,0,1,0,1
1,0,1,1,-0.8338606629262776,0,1,-0.5219756496159262,-0.758307664909081,1,-0.2239137025077301,-0.5705298937831644,0,1,1.0,0,0,0,0,0,1,0,0,0,0,0,0,0,0,0,0,0,1,0,0
0,0,1,1,-0.9152721326034655,0,1,0.7937513614847123,-0.6010897245339212,1,0.2704251379702578,-0.031297311737476054,1,1,1.0,0,0,1,0,0,0,0,0,0,0,0,0,0,1,0,1,0,1,0,0
1,0,0,0,-1.2409180113122174,0,0,-1.5125040551986266,-0.9885839002115757,1,0.0830297674738373,-1.109762475828853,0,1,0.0,0,0,0,1,1,0,1,0,1,0,1,0,1,0,1,0,0,0,1,0
1,1,0,0,-0.9152721326034655,0,1,1.0094443141241611,-0.6147360486915195,1,0.33847373619521515,-0.031297311737476054,1,1,1.0,0,1,1,0,0,0,0,0,0,0,0,0,0,1,0,1,0,1,0,1
1,0,0,0,-0.9559778674420595,0,1,1.0144218438004564,-0.6451221563414771,1,0.4400231827770745,-0.031297311737476054,1,1,1.0,0,1,1,0,0,0,0,0,0,0,0,0,0,1,0,1,0,1,0,1
0,1,0,0,-0.9966836022806536,0,1,1.3462571555534548,-0.6449247014903221,1,0.6901744827476222,1.0471678523539008,1,1,1.0,0,1,1,0,0,0,0,1,0,1,0,0,0,1,0,1,0,1,0,1
1,0,0,1,0.6722515261016999,0,0,0.34079616094186965,0.6050742034601009,1,-0.4865474686841662,-1.109762475828853,0,0,3.0,0,1,1,0,0,0,0,0,0,0,0,0,0,0,0,0,1,0,0,1
1,0,0,0,-1.0373893371192475,0,0,0.32254521879545484,-0.7699794405551297,1,0.4148321151649509,-0.5705298937831644,1,1,1.0,0,0,1,0,0,0,0,0,0,1,0,0,0,0,0,0,0,0,1,1
1,0,0,0,-1.2002122764736234,0,1,-1.4826388771408567,-0.9819581929839316,1,-0.07675357566591806,-1.109762475828853,0,1,0.0,0,0,0,1,1,0,1,0,1,0,1,0,1,0,1,0,0,1,0,0
0,0,1,1,0.020959768684196134,1,1,0.9580098408024466,0.3620730999720642,1,-0.34204303727527335,0.5079352703082123,0,1,2.0,0,0,1,0,0,0,0,0,0,1,0,0,0,1,0,1,0,1,0,1
0,0,1,0,0.631545791263106,0,1,1.3329837430833347,1.2216818247612264,1,-0.41274219406808427,1.0471678523539008,0,0,2.0,0,1,1,0,0,0,0,1,0,0,0,1,0,1,0,1,1,0,0,0
1,0,0,0,-1.2002122764736234,0,0,0.31590851256039476,-0.9119055996797333,1,1.4836531267079087,-0.5705298937831644,1,0,0.0,0,0,1,0,0,0,0,1,0,0,0,0,0,0,0,0,1,0,0,0
0,0,0,0,0.30589991255435406,1,1,-0.3444437578280723,-0.027702776207825533,0,-0.5065289884046008,1.0471678523539008,0,0,2.0,1,0,0,0,0,1,0,0,0,0,0,1,0,1,0,1,0,0,0,0
1,0,0,0,-1.1188008067964355,0,1,0.1599459160364854,-0.8664909839140926,1,0.6789784526977896,-1.109762475828853,1,1,0.0,0,0,1,0,0,0,0,0,0,0,0,0,0,0,0,0,0,1,0,1
1,0,0,0,-1.1188008067964355,0,1,0.9928525485365113,-0.805850405181614,1,1.1607276314134483,-0.031297311737476054,1,0,0.0,0,1,1,0,0,0,0,0,0,0,0,0,0,1,0,1,0,0,0,1
1,0,0,0,-1.2002122764736234,0,0,1.4275568069329394,-0.8713176580534361,1,2.4481111438577834,1.0471678523539008,1,1,0.0,0,1,1,0,0,0,0,1,0,1,0,0,0,1,0,1,0,0,1,0
0,0,1,1,0.590840056424512,2,0,-0.037496094456548765,0.31062514153224424,1,-0.506681129579494,0.5079352703082123,0,0,2.0,0,0,0,0,0,0,0,1,0,0,0,1,0,0,0,1,0,0,0,0
0,0,0,0,0.22448844287716607,1,1,-1.3499047524396575,-0.6076934923336592,1,-0.5881414756893207,-1.109762475828853,0,1,2.0,0,1,0,1,1,0,1,0,1,0,1,0,1,0,1,0,0,1,0,0
1,0,1,1,1.4049547531963917,2,0,-0.4655636466179167,0.43102872188095726,0,-0.5735468317342511,0.5079352703082123,0,0,3.0,1,0,0,0,0,1,0,0,0,0,0,0,0,1,0,1,1,0,0,0
0,0,0,0,-0.5489205190561197,1,0,-1.4826388771408567,-0.8405805195569807,1,-0.5431481988846634,-1.109762475828853,0,0,1.0,0,0,0,1,1,0,1,0,1,0,1,0,1,0,1,0,1,0,0,0
0,0,1,1,0.9164859351332638,2,0,-1.5108448786398618,-0.5337137414342679,1,-0.6198524292464764,-1.109762475828853,0,0,3.0,0,0,0,1,1,0,1,0,1,0,1,0,1,0,1,0,1,0,0,0
1,0,1,1,1.5270719577121736,1,1,1.3678264508173998,2.2710666009382106,1,-0.48757579137976936,1.5864004343995892,0,1,3.0,0,0,1,0,0,0,0,1,0,1,0,1,0,1,0,1,0,1,0,0
1,0,1,0,1.0386031396490458,1,0,-0.48547376532309666,0.25415305410192596,1,-0.5615687858552719,-0.5705298937831644,0,0,3.0,0,0,0,0,0,0,0,0,0,1,0,0,0,0,0,0,1,0,0,0
1,0,0,0,-0.9966836022806536,0,1,0.9878750188602166,-0.6840865803027224,1,0.5519834832754015,0.5079352703082123,1,1,1.0,0,0,1,0,0,0,0,0,0,1,0,0,0,1,0,1,0,1,0,1
0,0,1,1,-1.1595065416350294,0,0,0.5282831120823135,-0.8760785139090611,1,1.2023768631988256,-0.5705298937831644,1,1,0.0,0,0,1,0,0,0,0,0,0,0,0,0,0,0,0,1,0,1,0,1
1,0,0,0,-1.2409180113122174,0,0,-0.5203164730571613,-0.9663592597426898,1,1.230782790868116,-0.5705298937831644,1,1,0.0,0,0,0,0,0,0,0,1,0,0,0,0,0,0,0,0,0,0,1,0
1,0,1,1,-0.7931549280876836,0,1,-0.4970880012344514,-0.7511554114116902,1,-0.24887540090140736,-0.5705298937831644,0,1,1.0,0,0,0,0,0,1,0,0,0,0,0,0,0,0,0,0,0,0,1,0
1,0,0,1,-1.2002122764736234,0,0,0.1566275629189556,-0.9123443882378554,1,1.345462127235688,-1.109762475828853,1,1,0.0,0,0,1,0,0,0,0,0,0,0,0,0,0,0,0,0,0,1,0,1
0,0,0,0,-0.9152721326034655,2,1,-1.1723728606518034,-0.8777020315741131,0,-0.349864007388006,-0.5705298937831644,0,1,1.0,1,0,0,0,0,0,0,0,0,0,0,1,0,0,0,0,0,0,1,0
0,0,1,0,0.631545791263106,0,1,1.1654069106480704,1.1121821400818486,1,-0.4246106387506474,1.0471678523539008,0,0,2.0,0,0,1,0,0,0,0,0,0,1,0,1,0,1,0,1,1,0,0,0
1,1,0,0,-0.9559778674420595,0,1,0.3026351000902746,-0.7112256526225762,1,0.1930067712204796,-1.109762475828853,1,1,1.0,0,1,1,0,0,0,0,0,0,0,0,0,0,0,0,0,0,1,0,0
1,0,1,0,0.387311382231542,0,1,1.145496791942891,0.806807243056751,1,-0.3934078062879473,1.0471678523539008,0,1,2.0,0,1,1,0,0,0,0,1,0,1,0,1,0,0,0,1,0,1,0,1
0,0,1,1,0.1023712383613841,2,1,-1.3117436915880627,-0.5921603773761358,1,-0.5784956651848494,-1.109762475828853,0,0,2.0,0,1,0,1,1,0,1,0,1,0,1,0,1,0,1,0,1,0,0,0
0,1,0,0,-1.2409180113122174,0,0,-0.33448869847548224,-0.9631999821242105,1,1.4457465678249037,-0.031297311737476054,1,1,0.0,0,0,0,0,0,1,0,1,0,0,0,0,0,0,0,0,0,0,1,1
1,0,0,0,1.4863662228735797,1,1,-0.9682941439237093,0.08464903409934639,0,-0.600933423366351,-0.031297311737476054,0,0,3.0,1,0,0,0,0,0,0,1,0,1,0,0,0,0,0,0,0,0,0,0
0,0,1,1,-1.2816237461508113,0,0,-1.5091857020810966,-1.000387312425061,1,0.4601760368667732,-1.109762475828853,0,1,0.0,0,0,0,1,1,0,1,0,1,0,1,0,1,0,1,0,0,0,1,1
1,0,0,0,-1.0780950719578415,0,0,-0.4937696481169216,-0.8823970691460199,1,0.16364118383263268,-0.5705298937831644,0,1,0.0,0,0,0,0,0,0,0,0,0,0,0,1,0,0,0,0,0,0,1,0
0,0,0,0,-1.2816237461508113,0,0,-1.4992306427285067,-1.0002556758576244,1,0.4774499118008009,-1.109762475828853,0,1,0.0,0,0,0,1,1,0,1,0,1,0,1,0,1,0,1,0,0,1,0,0
1,0,0,0,0.428017117070136,2,0,-1.2769009838539978,-0.5218445109370642,1,-0.5905204922643452,-1.109762475828853,0,0,2.0,0,1,0,1,1,0,1,0,1,0,1,0,1,0,1,0,0,0,0,0
1,0,1,1,-0.3453918448631497,2,0,-1.3515639289984223,-0.7416775785562522,1,-0.5482727817817582,-1.109762475828853,0,1,1.0,0,1,0,1,1,0,1,0,1,0,1,0,1,0,1,0,0,0,1,0
1,0,0,0,-0.9559778674420595,0,0,-1.477661347464562,-0.929149990013933,1,-0.42482215558657427,-1.109762475828853,0,1,1.0,0,0,0,1,1,0,1,0,1,0,1,0,1,0,1,0,0,0,1,0
1,0,0,0,-0.38609757970174374,0,1,1.0608787874458763,-0.0938501513447369,1,-0.19479172104843995,0.5079352703082123,0,0,1.0,0,1,1,0,0,0,0,0,0,1,0,1,0,1,0,0,1,0,0,0
0,1,1,0,1.5270719577121736,2,1,-1.5058673489635668,-0.3673909384780738,1,-0.6280375349747731,-1.109762475828853,0,0,3.0,0,0,0,1,1,0,1,0,1,0,1,0,1,0,1,0,1,0,0,0
0,0,0,0,-0.8338606629262776,0,1,0.46523440284924406,-0.6020111805059777,1,0.0396236202037167,-0.5705298937831644,0,1,1.0,0,1,1,0,0,1,0,0,0,0,0,0,0,0,0,0,0,1,0,1
1,0,0,0,0.5501343215859179,0,0,0.2611556861211498,0.4168777908815185,1,-0.4813726567890363,-1.109762475828853,0,0,2.0,0,1,1,0,0,0,0,0,0,0,0,0,0,0,0,0,0,0,0,0
1,0,1,1,0.7943687306174818,2,0,-1.5174815848749215,-0.546109518201218,1,-0.6180288171128302,-1.109762475828853,0,1,3.0,0,0,0,1,1,0,1,0,1,0,1,0,1,0,1,0,0,0,1,0
1,0,1,1,1.6084834273893616,2,0,-1.3482455758808924,-0.28788245174634347,1,-0.6214130500412336,-1.109762475828853,0,0,3.0,0,1,0,1,1,0,1,0,1,0,1,0,1,0,1,0,0,0,0,0
1,0,0,0,-0.5896262538947137,0,1,0.5216464058472539,-0.37184464234301334,1,-0.17092649910011237,-0.5705298937831644,0,1,1.0,0,1,1,0,0,0,0,1,0,0,0,0,0,0,0,0,0,1,0,1
0,0,1,1,-0.6710377235719016,2,0,0.11017061927353564,-0.519738325858078,1,-0.19741667263155205,1.0471678523539008,0,0,1.0,0,0,0,0,0,1,0,1,0,0,0,1,0,0,0,1,0,0,0,0
0,0,1,0,1.2828375486806096,2,1,0.11182979583230053,0.9124455884246542,1,-0.5387411461771358,1.0471678523539008,0,1,3.0,0,0,0,0,0,0,0,1,0,1,0,1,0,0,0,1,0,0,1,0
1,0,0,0,-1.2409180113122174,0,1,-0.6082528306717059,-0.9703522356216011,1,1.1290588607010645,-1.109762475828853,1,0,0.0,0,0,0,0,0,0,0,0,0,0,0,0,0,0,0,0,0,0,0,0
1,0,1,1,1.6084834273893616,2,0,0.8468450113651922,1.8720981044656624,1,-0.5170599151658065,0.5079352703082123,0,0,3.0,0,1,1,0,0,0,0,1,0,1,0,1,0,0,0,0,0,0,0,0
1,0,0,1,1.2421318138420157,1,1,-0.807354017723505,0.12707988766975645,0,-0.5866927586141912,0.5079352703082123,0,0,3.0,1,0,0,0,0,1,0,1,0,0,0,1,0,0,0,0,0,0,0,0
0,0,0,0,-1.2816237461508113,0,1,0.1781968581829002,-0.9780749142445506,1,3.3880978381844518,-1.109762475828853,1,1,0.0,0,0,1,0,0,0,0,0,0,0,0,0,0,0,0,0,0,1,0,1
1,0,0,0,-1.2816237461508113,0,0,-1.4859572302583868,-1.0000801604343756,1,0.5004817450461709,-1.109762475828853,0,1,0.0,0,0,0,1,1,0,1,0,1,0,1,0,1,0,1,0,0,0,1,1
1,0,1,1,1.0793088744876398,1,0,-0.9998184985402442,-0.13998876823127898,0,-0.5929545382777762,-0.031297311737476054,0,1,3.0,1,0,0,0,0,1,0,0,0,1,0,0,0,0,0,0,0,0,1,0
0,0,1,1,0.7536629957788878,0,1,0.5249647589647837,0.7975268650524676,1,-0.4809179571351536,-0.5705298937831644,0,1,3.0,0,1,1,0,0,0,0,0,0,0,0,1,0,0,0,0,0,1,0,0
0,0,0,0,-1.0780950719578415,2,1,-0.05076950692666865,-0.855872300807537,0,0.383266165136698,2.1256330164452777,0,1,0.0,1,0,0,0,0,1,0,1,0,1,0,1,0,1,0,1,0,0,1,0
0,0,0,0,0.9978974048104517,2,0,0.1599459160364854,0.6998964108702935,1,-0.5212580297872318,1.0471678523539008,0,1,3.0,0,0,0,0,0,0,0,1,0,1,0,1,0,1,0,0,0,0,1,0
0,1,1,0,0.5501343215859179,1,0,1.1720436168831305,1.0770132371483598,1,-0.4141148033225033,0.5079352703082123,0,1,2.0,0,1,1,0,0,0,0,0,0,0,0,1,0,1,0,1,0,1,0,0
1,0,0,0,-0.7524491932490895,0,1,-0.3295111687991873,-0.6701989224381569,0,-0.2374965785242305,1.0471678523539008,0,1,1.0,1,0,0,0,0,0,0,0,0,1,0,1,0,1,0,1,0,1,0,0
1,0,0,0,-0.8745663977648716,0,0,-0.3709905827683121,-0.7421383065422804,1,-0.14392975596491425,-0.5705298937831644,1,1,1.0,0,1,0,0,0,0,0,0,0,1,0,0,0,0,0,0,0,1,0,1
0,0,0,0,-1.2002122764736234,0,1,-1.4909347599346818,-0.981848495844401,1,-0.08395102355509623,-1.109762475828853,0,1,0.0,0,0,0,1,1,0,1,0,1,0,1,0,1,0,1,0,0,0,1,0
0,0,1,0,0.30589991255435406,1,0,-0.03417774133901873,0.1472861007712807,1,-0.48026708098457505,-0.031297311737476054,0,0,2.0,0,1,0,0,0,0,0,1,0,0,0,0,0,1,0,0,0,0,0,0
1,0,0,0,0.020959768684196134,0,1,0.46689357940800896,0.12174860668857271,1,-0.3921711449269613,-0.031297311737476054,0,0,2.0,0,0,1,0,0,0,0,1,0,1,0,0,0,0,0,0,1,0,0,0
1,0,0,0,-0.9559778674420595,0,1,0.5382381714349038,-0.6647140654616303,1,0.27476977924154367,-0.5705298937831644,1,1,1.0,0,1,1,0,0,1,0,0,0,0,0,0,0,0,0,0,0,1,0,0
0,0,1,1,-0.4268033145403377,0,0,-0.1254324520710933,-0.38494248080295906,1,-0.35357368013404883,0.5079352703082123,0,1,1.0,0,0,0,0,0,1,0,1,0,1,0,0,0,0,0,0,0,0,1,1
0,0,0,0,-0.7117434584104956,2,0,-1.5042081724048018,-0.8634194640072377,1,-0.5186768760614575,-1.109762475828853,0,1,1.0,0,0,0,1,1,0,1,0,1,0,1,0,1,0,1,0,0,0,1,0
1,0,1,1,-1.3223294809894055,2,0,-1.3001294556767078,-1.0089217498805365,1,2.3056016756520554,-1.109762475828853,0,1,0.0,0,1,0,1,1,0,1,0,1,0,1,0,1,0,1,0,0,0,1,0
1,0,0,0,-1.2002122764736234,0,1,0.2877025110613896,-0.9069034101171409,1,1.4591818038847026,-0.5705298937831644,1,0,0.0,0,0,1,0,0,0,0,0,0,1,0,0,0,0,0,0,1,0,0,0
1,0,0,0,-0.7931549280876836,0,1,0.6062644103442684,-0.5435426051362036,1,0.024627618887363017,-0.031297311737476054,0,1,1.0,0,0,1,0,0,0,0,0,0,1,0,0,0,1,0,0,0,1,0,1
1,0,0,0,-0.4675090493789317,0,0,-1.4909347599346818,-0.825639769152922,1,-0.5550567035740308,-1.109762475828853,0,1,1.0,0,0,0,1,1,0,1,0,1,0,1,0,1,0,1,0,0,0,1,0
1,0,0,0,-1.0780950719578415,0,0,-0.18184445506910288,-0.8520109614960623,1,0.31828349276583234,-0.031297311737476054,1,1,0.0,0,0,0,0,0,0,0,1,0,0,0,0,0,1,0,0,0,1,0,0
0,0,0,0,-0.9966836022806536,0,0,0.3540695734119893,-0.7739285375782289,1,0.30759014161619597,-0.5705298937831644,1,1,1.0,0,0,1,0,0,0,0,1,0,0,0,0,0,0,0,0,0,1,0,0
1,0,0,0,-1.2002122764736234,0,1,-0.4788370590880366,-0.9440907404179916,1,0.7941376189246403,-0.5705298937831644,0,1,0.0,0,0,0,0,0,0,0,0,0,0,0,1,0,0,0,0,0,0,1,0
1,0,1,1,1.2421318138420157,2,0,-1.5058673489635668,-0.4623667218836092,1,-0.6245693281309913,-1.109762475828853,0,1,3.0,0,0,0,1,1,0,1,0,1,0,1,0,1,0,1,0,0,0,1,0
0,0,1,0,0.7129572609402939,1,1,-1.4959122896109767,-0.5951002607155541,1,-0.6149251007755656,-1.109762475828853,0,0,3.0,0,0,0,1,1,0,1,0,1,0,1,0,1,0,1,0,0,0,0,0
0,0,0,0,1.3235432835192036,0,1,1.5304257535763688,2.109548532693454,1,-0.4659828333334138,1.5864004343995892,0,0,3.0,0,1,1,0,0,1,0,1,0,1,0,0,0,1,0,1,1,0,0,0
1,1,0,0,0.46872285190873,0,0,0.29599839385521454,0.36115164400000777,1,-0.4707578674481736,-0.5705298937831644,0,1,2.0,0,0,1,0,0,0,0,0,0,1,0,0,0,0,0,0,0,1,0,0
0,0,0,0,-1.2409180113122174,0,1,-0.5269531792922214,-0.9689481122356104,1,1.2231055131196586,-0.5705298937831644,1,0,0.0,0,0,0,0,0,0,0,1,0,0,0,0,0,0,0,0,1,0,0,1
1,0,1,0,-0.9152721326034655,0,1,0.4984179340245439,-0.6327921978582451,1,0.17725090347762423,-0.5705298937831644,1,1,1.0,0,0,1,0,0,0,0,0,0,0,0,0,0,1,0,0,0,1,0,1
1,1,1,0,0.590840056424512,0,1,1.1654069106480704,1.1284392561602736,1,-0.41971196758525775,0.5079352703082123,0,1,2.0,0,1,1,0,0,0,0,0,0,1,0,0,0,1,0,1,0,1,0,1
1,0,1,1,1.4863662228735797,1,0,1.0227177265942813,1.8481402491921939,1,-0.5022255666004789,0.5079352703082123,0,0,3.0,0,1,1,0,0,0,0,1,0,1,0,0,0,1,0,0,1,0,0,0
0,0,1,0,-0.30468611002455576,0,1,-1.026365323480484,-0.6346351098023582,0,-0.5091540988542372,-0.5705298937831644,0,0,2.0,1,0,0,0,0,0,0,0,0,0,0,0,0,1,0,0,0,0,0,1
1,0,0,0,-0.8338606629262776,0,1,-0.46390447005915153,-0.7431255807980552,0,-0.2084115070541156,1.0471678523539008,0,0,1.0,1,0,0,0,0,1,0,1,0,0,0,1,0,1,0,0,0,0,0,0
1,1,1,0,1.6084834273893616,2,1,-1.3250171040581826,-0.2179834344374879,1,-0.6203087840637159,-1.109762475828853,0,0,3.0,0,1,0,1,1,0,1,0,1,0,1,0,1,0,1,0,0,0,0,0
1,0,0,1,-0.06045170099299184,0,0,-1.3250171040581826,-0.6626298198105501,0,-0.5697787560746226,-1.109762475828853,0,0,2.0,1,0,0,0,0,0,0,0,0,0,0,0,0,0,0,0,1,0,0,0
0,0,1,0,-1.2816237461508113,0,1,0.14833168012513065,-0.9784698239468606,1,3.3362762133823693,-1.109762475828853,1,1,0.0,0,0,1,0,0,0,0,0,0,0,0,0,0,0,0,0,0,0,1,1
0,0,1,0,-0.2639803751859618,1,0,-0.5667734167025811,-0.48654397143613864,0,-0.45565922120954205,1.0471678523539008,0,0,2.0,1,0,0,0,0,1,0,1,0,1,0,0,0,1,0,0,0,0,0,0
0,0,1,1,-0.9966836022806536,0,1,0.6178786462556232,-0.7105235909295808,1,0.4093140717832475,-0.031297311737476054,1,1,1.0,0,0,1,0,0,0,0,1,0,0,0,0,0,1,0,0,0,1,0,1
1,1,1,0,0.1023712383613841,0,1,0.9828974891839214,0.46777726362368577,1,-0.35729410005744044,0.5079352703082123,0,1,2.0,0,1,1,0,0,1,0,1,0,0,0,0,0,0,0,1,0,1,0,0
1,0,0,0,-0.1825689055087738,1,0,1.1703844403243657,0.17073934920290856,1,-0.26185208034692076,0.5079352703082123,0,1,2.0,0,1,1,0,0,0,0,1,0,0,0,0,0,1,0,1,0,1,0,0
0,0,0,0,-0.4675090493789317,1,1,1.31473280093692,-0.02629865282183459,1,-0.11247908973402064,1.5864004343995892,0,1,1.0,0,0,1,0,0,0,0,1,0,1,0,1,0,1,0,1,0,0,1,0
1,0,0,1,-0.7931549280876836,0,0,0.04878108659923111,-0.6439593666624535,1,-0.11356338058485783,-0.031297311737476054,0,0,1.0,0,0,0,0,0,0,0,0,0,0,0,0,0,1,0,1,1,0,0,0
0,0,1,1,1.6084834273893616,2,1,1.118949967002651,2.119399335823296,1,-0.5041242280005986,1.0471678523539008,0,0,3.0,0,1,1,0,0,0,0,1,0,1,0,1,0,0,0,1,0,0,0,0
0,0,0,0,-1.2816237461508113,0,0,-0.6812565992573657,-0.9894395378999139,1,1.8967866355467355,-1.109762475828853,1,1,0.0,0,0,0,0,0,0,0,0,0,0,0,0,0,0,0,0,0,0,1,1
1,0,1,0,1.5270719577121736,2,0,-1.4959122896109767,-0.379786715245024,1,-0.6275509469484625,-1.109762475828853,0,0,3.0,0,0,0,1,1,0,1,0,1,0,1,0,1,0,1,0,1,0,0,0
0,0,0,0,-1.2002122764736234,0,1,-0.04413280069160859,-0.9406243108088267,1,1.1712838883175765,-0.031297311737476054,0,1,0.0,0,1,0,0,0,0,0,0,0,0,0,1,0,1,0,0,0,1,0,1
0,0,0,0,-0.7931549280876836,0,0,0.0952380302446506,-0.639352086802171,1,-0.1020474639621728,1.0471678523539008,0,0,1.0,0,0,0,0,0,1,0,1,0,0,0,1,0,0,0,1,0,0,0,0
1,1,0,0,1.4049547531963917,2,1,1.698002586011633,2.431114727513258,1,-0.4631295135285061,2.1256330164452777,0,0,3.0,0,1,1,0,0,1,0,1,0,1,0,1,0,1,0,1,1,0,0,0
1,0,1,0,0.631545791263106,1,1,0.18649274097672516,0.4919545131762152,1,-0.49394115719334325,0.5079352703082123,0,0,2.0,0,1,0,0,0,0,0,1,0,1,0,0,0,0,0,1,1,0,0,0
0,1,0,0,0.346605647392948,0,1,1.309755271260625,0.80500820996845,1,-0.3734940700683208,1.0471678523539008,0,1,2.0,0,1,1,0,0,0,0,1,0,1,0,0,0,1,0,1,0,1,0,0
0,0,0,0,0.9978974048104517,2,1,0.3109309828840996,0.8192249592516073,1,-0.5122239917470219,1.5864004343995892,0,0,3.0,0,0,0,0,0,1,0,1,0,1,0,1,0,1,0,0,1,0,0,0
1,0,0,0,-1.2816237461508113,0,1,-0.6630056571109506,-0.9891982041929468,1,1.9284554062591197,-1.109762475828853,1,1,0.0,0,0,0,0,0,0,0,0,0,0,0,0,0,0,0,0,0,0,1,0
1,0,0,0,0.30589991255435406,2,1,-1.3382905165283026,-0.5815636336974863,1,-0.5906513549532392,-1.109762475828853,0,1,2.0,0,1,0,1,1,0,1,0,1,0,1,0,1,0,1,0,0,0,1,0
1,1,0,0,-1.2816237461508113,0,1,0.35904710308828447,-0.9756835166027851,1,3.70190656615262,-1.109762475828853,1,1,0.0,0,1,1,0,0,0,0,0,0,0,0,0,0,0,0,0,0,1,0,1
1,0,1,1,-0.38609757970174374,1,0,-1.5025489958460367,-0.8172150288369772,1,-0.5654602873411158,-1.109762475828853,0,1,1.0,0,0,0,1,1,0,1,0,1,0,1,0,1,0,1,0,0,0,1,0
0,0,1,0,0.46872285190873,1,1,-0.1138182161597383,0.18554846303953051,1,-0.5023626608459871,0.5079352703082123,0,1,2.0,0,0,0,0,0,1,0,1,0,1,0,0,0,0,0,0,0,0,1,0
1,0,1,1,-0.9559778674420595,0,1,0.4785078153193637,-0.7187728158222769,1,0.2540411293207105,-0.5705298937831644,1,0,1.0,0,1,1,0,0,0,0,0,0,1,0,0,0,0,0,0,0,0,0,1
1,0,1,0,-0.1418631706701798,0,1,0.505054640259604,-0.014955968594377523,1,-0.3520799489199469,-0.5705298937831644,0,0,2.0,0,1,1,0,0,0,0,1,0,0,0,0,0,0,0,0,0,0,0,1
1,0,0,0,-0.6303319887333076,0,1,-0.3129194032115374,-0.5990274183107471,1,-0.3046727588232267,-0.031297311737476054,0,0,1.0,0,0,0,0,0,1,0,1,0,0,0,0,0,0,0,0,1,0,0,0
1,0,0,0,-0.2639803751859618,1,0,-0.18184445506910288,-0.3476673927904839,1,-0.4061834312750432,-0.031297311737476054,0,0,2.0,0,0,0,0,0,0,0,0,0,0,0,1,0,1,0,0,1,0,0,0
1,0,1,0,0.46872285190873,1,1,0.1997661534468453,0.41733851886754664,1,-0.4781792359383484,1.0471678523539008,0,1,2.0,0,0,0,0,0,0,0,1,0,1,0,1,0,1,0,0,0,1,0,0
0,0,1,0,0.14307697319997809,2,1,1.3645080976998696,0.6735690973829656,1,-0.3296757850040114,1.5864004343995892,0,0,2.0,0,1,1,0,0,1,0,1,0,1,0,1,0,0,0,1,1,0,0,0
0,0,1,1,1.4456604880349857,1,1,0.6211969993731534,1.5068285692568937,1,-0.5201372278070879,-0.031297311737476054,0,0,3.0,0,1,1,0,0,0,0,1,0,0,0,1,0,0,0,0,0,0,0,0
0,0,1,1,-1.1188008067964355,0,0,-1.018069440686659,-0.9371578811996618,0,-0.0023799474777436913,-0.031297311737476054,0,1,0.0,1,0,0,0,0,0,0,1,0,0,0,1,0,0,0,0,0,1,0,0
1,1,0,0,0.7536629957788878,0,1,1.090743965503646,1.1469780727409336,1,-0.4431590382088497,0.5079352703082123,0,1,3.0,0,1,1,0,0,0,0,0,0,1,0,0,0,1,0,1,0,1,0,1
1,0,0,1,0.9978974048104517,2,0,0.8169798333074222,1.1904400794229308,1,-0.4819450730408241,2.1256330164452777,0,1,3.0,0,1,0,0,0,1,0,1,0,1,0,1,0,1,0,1,0,0,1,0
1,0,0,1,1.6084834273893616,2,0,0.0753279115394709,1.0409667570986265,0,-0.553737320847646,2.1256330164452777,0,0,3.0,1,0,0,0,0,1,0,1,0,1,0,1,0,1,0,1,1,0,0,0
1,0,1,0,-0.8745663977648716,0,1,-0.6314813024944159,-0.779918001396596,1,-0.21926304387164583,-1.109762475828853,1,0,1.0,0,0,0,0,0,0,0,0,0,0,0,0,0,0,0,0,0,0,0,0
0,0,1,1,-1.2002122764736234,0,1,-0.20673210345057777,-0.9349419989811452,1,1.030213909689684,-0.031297311737476054,1,0,0.0,0,0,0,0,0,0,0,1,0,0,0,0,0,1,0,0,1,0,0,0
0,1,0,0,-0.4268033145403377,0,0,0.5564891135813186,-0.20993166439594674,1,-0.25068146857049306,-0.031297311737476054,0,1,1.0,0,0,1,0,0,1,0,1,0,0,0,0,0,0,0,0,0,1,0,0
0,0,1,1,1.0793088744876398,2,0,-1.4710246412295018,-0.44463966413547507,1,-0.6202088742847975,-1.109762475828853,0,1,3.0,0,0,0,1,1,0,1,0,1,0,1,0,1,0,1,0,0,0,1,0
1,0,1,1,1.1607203441648277,1,0,1.293163505672975,1.8208914797328093,1,-0.46676238096403055,1.5864004343995892,0,0,3.0,0,0,1,0,0,0,0,1,0,1,0,1,0,1,0,1,1,0,0,0
1,1,1,0,1.0793088744876398,1,1,0.5979685275504434,1.1425243688759938,1,-0.5005393073807286,0.5079352703082123,0,0,3.0,0,0,1,0,0,1,0,1,0,1,0,0,0,0,0,0,1,0,0,0
0,0,0,0,0.14307697319997809,0,1,0.9911933719777464,0.5556446723876427,1,-0.3646903963567701,0.5079352703082123,0,0,2.0,0,0,1,0,0,0,0,1,0,0,0,0,0,1,0,1,1,0,0,0
1,0,0,0,-1.1188008067964355,0,0,-1.4826388771408567,-0.9607427661987263,1,-0.2710846686737286,-1.109762475828853,0,1,0.0,0,0,0,1,1,0,1,0,1,0,1,0,1,0,1,0,0,0,1,0
1,0,0,0,-1.2816237461508113,0,1,-0.49045129499939155,-0.9869165036907116,1,2.2278692384489314,-1.109762475828853,1,1,0.0,0,1,0,0,0,0,0,0,0,0,0,0,0,0,0,0,0,1,0,0
1,1,0,0,-0.8338606629262776,0,1,0.2777474517087997,-0.6455828843275053,1,-0.010426325117953153,-1.109762475828853,0,0,1.0,0,1,1,0,0,0,0,0,0,0,0,0,0,0,0,0,1,0,0,0
1,0,0,0,-1.2816237461508113,0,0,-1.469365464670737,-0.9998607661553145,1,0.5292715366028836,-1.109762475828853,0,1,0.0,0,0,0,1,1,0,1,0,1,0,1,0,1,0,1,0,0,1,0,0
1,0,1,0,0.30589991255435406,1,0,0.19312944721178524,0.273108719812802,1,-0.46102707394423537,0.5079352703082123,0,0,2.0,0,1,0,0,0,0,0,1,0,0,0,1,0,1,0,0,1,0,0,0
0,0,1,1,0.387311382231542,0,1,0.903257014363202,0.691559428265973,1,-0.41295808334506384,0.5079352703082123,0,1,2.0,0,0,1,0,0,0,0,0,0,1,0,0,0,1,0,1,0,1,0,0
0,0,1,1,1.4863662228735797,2,0,-1.5008898192872717,-0.3959780130397306,1,-0.6273377750512217,-1.109762475828853,0,0,3.0,0,0,0,1,1,0,1,0,1,0,1,0,1,0,1,0,0,0,0,0
1,0,1,1,-0.1825689055087738,0,0,-0.017585975751368575,-0.21815894986073672,1,-0.4040140855511019,-0.031297311737476054,0,1,2.0,0,1,0,0,0,0,0,1,0,0,0,0,0,0,0,1,0,1,0,0
1,0,0,0,1.0386031396490458,1,0,1.135541732590301,1.5013656517082732,1,-0.46622089991998955,1.0471678523539008,0,0,3.0,0,0,1,0,0,1,0,1,0,0,0,0,0,1,0,1,0,0,0,0
1,0,1,0,1.5677776925507676,2,1,1.702980115687928,2.7491925532959915,1,-0.4738127842189137,2.1256330164452777,0,1,3.0,0,1,1,0,0,1,0,1,0,1,0,1,0,1,0,1,0,1,0,0
0,0,1,1,1.5270719577121736,2,1,0.5199872292884885,1.3869515351779274,1,-0.5290168716205587,1.0471678523539008,0,0,3.0,0,1,0,0,0,1,0,0,0,0,0,1,0,1,0,1,0,0,0,0
1,0,1,1,0.7943687306174818,2,0,-1.3316538102932427,-0.4696067330926244,1,-0.605861056153012,-1.109762475828853,0,1,3.0,0,1,0,1,1,0,1,0,1,0,1,0,1,0,1,0,0,0,1,0
1,0,1,1,-0.5896262538947137,0,0,-1.3067661619117676,-0.8036345229630972,0,-0.5048880811579795,-1.109762475828853,0,0,1.0,1,0,0,0,0,0,0,0,0,0,0,0,0,0,0,0,1,0,0,0
1,0,1,0,1.6084834273893616,2,1,0.5763992322864984,1.6152751613967788,1,-0.5299167261897633,1.5864004343995892,0,0,3.0,0,1,0,0,0,1,0,1,0,1,0,1,0,0,0,1,0,0,0,0
1,0,0,0,-0.5896262538947137,0,0,-0.5153389433808665,-0.6250695192352956,1,-0.36033302249953786,-0.5705298937831644,0,1,1.0,0,0,0,0,0,1,0,0,0,0,0,0,0,0,0,0,0,1,0,1
0,0,1,0,0.9978974048104517,2,1,0.17985603474166512,0.8009274763779142,1,-0.5200667280676438,1.0471678523539008,0,0,3.0,0,0,0,0,0,1,0,1,0,0,0,1,0,1,0,0,1,0,0,0
0,0,0,0,-0.22327464034736777,0,1,-0.27309916580117743,-0.2836262027325588,1,-0.42654954307997706,-0.031297311737476054,0,1,2.0,0,0,0,0,0,1,0,1,0,0,0,0,0,0,0,0,0,0,1,0
1,0,1,0,-0.3453918448631497,0,1,1.3180511540544502,0.10667621971707733,1,-0.1776905848637527,1.0471678523539008,0,1,1.0,0,1,1,0,0,0,0,1,0,1,0,0,0,1,0,1,0,1,0,1
1,0,1,1,-0.9152721326034655,1,0,-1.4760021709057967,-0.9025594033917318,1,-0.4456554956585227,-1.109762475828853,0,1,1.0,0,0,0,1,1,0,1,0,1,0,1,0,1,0,1,0,0,0,1,0
0,0,1,1,1.6084834273893616,2,0,-1.3283354571757127,-0.19312606261986912,1,-0.6204665363462184,-1.109762475828853,0,1,3.0,0,1,0,1,1,0,1,0,1,0,1,0,1,0,1,0,0,0,1,0
1,0,0,0,-1.0373893371192475,0,1,-1.3233579274994176,-0.9418090399157566,1,-0.29915471544152344,-1.109762475828853,0,0,1.0,0,1,0,1,1,0,1,0,1,0,1,0,1,0,1,0,0,0,0,0
1,0,1,1,0.8757802002946699,1,1,0.19147027065302033,0.6453111142399003,1,-0.511714981012289,0.5079352703082123,0,1,3.0,0,1,0,0,0,0,0,1,0,0,0,1,0,1,0,0,0,1,0,0
0,1,1,0,0.46872285190873,0,1,0.6709722961361032,0.6016516527067481,1,-0.44184012126232,0.5079352703082123,0,1,2.0,0,0,1,0,0,1,0,1,0,0,0,1,0,0,0,0,0,1,0,0
1,0,1,0,0.9571916699718578,1,1,0.5299422886410788,0.990857103761079,1,-0.49630165209720545,-0.5705298937831644,0,1,3.0,0,0,1,0,0,0,0,0,0,0,0,0,0,0,0,1,0,1,0,0
1,0,0,0,-1.2816237461508113,0,0,-1.5058673489635668,-1.0003434335692487,1,0.46593399517811585,-1.109762475828853,0,1,0.0,0,0,0,1,1,0,1,0,1,0,1,0,1,0,1,0,0,0,1,0
0,0,0,0,1.6084834273893616,2,1,1.5486766957227835,2.5069812692125746,1,-0.48369530741652045,1.5864004343995892,0,0,3.0,0,1,1,0,0,0,0,1,0,1,0,1,0,1,0,1,0,0,0,0
0,0,0,1,-0.8338606629262776,0,1,0.443665107585299,-0.6099532534079882,1,0.03386566189237408,-0.5705298937831644,0,1,1.0,0,1,1,0,0,1,0,0,0,0,0,0,0,0,0,0,0,1,0,1
1,0,1,0,-0.1825689055087738,1,0,-0.35108046406313215,-0.38301181114722166,1,-0.44392269315730365,-0.031297311737476054,0,1,2.0,0,0,0,0,0,1,0,0,0,0,0,1,0,0,0,0,0,0,1,0
0,0,1,1,1.6084834273893616,1,1,1.3014593884668002,2.195573029513298,1,-0.4954478524629593,1.0471678523539008,0,1,3.0,0,1,1,0,0,1,0,1,0,0,0,0,0,1,0,1,0,1,0,0
1,1,0,0,-1.1188008067964355,0,0,-0.48381458876433153,-0.9048191644660608,1,0.30663048189763914,-0.5705298937831644,1,1,0.0,0,0,0,0,0,0,0,0,0,1,0,0,0,0,0,0,0,1,0,1
1,0,0,0,-0.10115743583158582,0,1,0.9978300782128064,0.24267873330703219,1,-0.30683973238125883,1.0471678523539008,0,0,2.0,0,1,1,0,0,1,0,1,0,1,0,1,0,0,0,0,1,0,0,0
1,0,0,0,-0.4268033145403377,0,1,1.1853170293532507,0.05116946711462766,1,-0.1558003294401096,0.5079352703082123,0,1,1.0,0,1,1,0,0,0,0,1,0,0,0,0,0,1,0,1,0,1,0,0
1,0,1,0,1.3235432835192036,0,1,1.30477774158433,1.9805227571776414,1,-0.4778477171264833,1.0471678523539008,0,1,3.0,0,1,1,0,0,1,0,0,0,1,0,0,0,1,0,1,0,1,0,0
0,0,0,0,0.6722515261016999,0,1,0.6494030008721581,0.7052935101351956,1,-0.465127863765972,-0.5705298937831644,0,1,3.0,0,1,1,0,0,0,0,0,0,0,0,0,0,0,0,1,0,1,0,0
0,0,0,0,-0.7931549280876836,0,1,0.5382381714349038,-0.5910634059808305,1,0.007765026689859888,-0.031297311737476054,0,1,1.0,0,0,1,0,0,0,0,1,0,1,0,0,0,0,0,0,0,1,0,1
1,0,1,0,0.8757802002946699,2,0,1.4872871630484792,1.672164097957313,1,-0.42995197299122495,2.1256330164452777,0,0,3.0,0,0,1,0,0,1,0,1,0,1,0,1,0,1,0,1,0,0,0,1
1,0,1,1,0.9978974048104517,2,0,-1.466047111553207,-0.5160963808256642,1,-0.6185476702202609,-1.109762475828853,0,1,3.0,0,0,0,1,1,0,1,0,1,0,1,0,1,0,1,0,0,0,1,0
0,0,0,0,-1.2816237461508113,0,0,-0.6895524820511906,-0.9895492350394444,1,1.8823917397683791,-1.109762475828853,1,0,0.0,0,0,0,0,0,0,0,0,0,0,0,0,0,0,0,0,0,0,0,0
1,0,1,1,1.5677776925507676,2,0,0.841867481688897,1.7498735516007426,1,-0.5153180670465078,2.1256330164452777,0,0,3.0,0,1,0,0,0,1,0,1,0,1,0,1,0,1,0,1,1,0,0,0
0,0,0,0,-1.2816237461508113,0,1,-0.5468632979974012,-0.9876624442395193,1,2.1299839471561084,-0.5705298937831644,1,0,0.0,0,0,0,0,0,1,0,0,0,0,0,0,0,0,0,0,0,0,0,0
1,0,1,0,1.5270719577121736,1,0,0.48016699187812906,1.4170963091209177,1,-0.5309632237258012,1.5864004343995892,0,0,3.0,0,1,0,0,0,1,0,1,0,1,0,1,0,1,0,0,0,0,0,0
0,0,1,0,0.7943687306174818,2,0,0.04380355692293595,0.45228802752197445,0,-0.5157978969057863,2.1256330164452777,0,0,3.0,1,0,0,0,0,1,0,1,0,1,0,1,0,1,0,1,1,0,0,0
0,0,1,0,0.9571916699718578,0,0,0.850163364482722,1.236183786607163,1,-0.47680540728862464,0.5079352703082123,0,1,3.0,0,1,1,0,0,0,0,1,0,1,0,1,0,0,0,0,0,1,0,0
0,0,1,1,-0.8745663977648716,0,1,-1.1723728606518034,-0.8569034539191239,0,-0.3756875779964513,-0.5705298937831644,1,1,1.0,1,0,0,0,0,1,0,0,0,0,0,0,0,0,0,0,0,1,0,0
1,0,0,0,-1.1188008067964355,0,0,-1.4925939364934466,-0.9619494347335622,1,-0.27684262698507117,-1.109762475828853,0,1,0.0,0,0,0,1,1,0,1,0,1,0,1,0,1,0,1,0,0,0,1,0
1,0,0,0,-0.8338606629262776,0,0,-1.026365323480484,-0.8147797523393994,0,-0.3585613430191248,-0.031297311737476054,0,1,1.0,1,0,0,0,0,0,0,1,0,0,0,1,0,0,0,0,0,0,1,0
0,0,0,0,-1.0780950719578415,0,1,0.8684143066291369,-0.80914131936753,1,0.8389674372058071,-0.031297311737476054,1,1,0.0,0,0,1,0,0,0,0,0,0,0,0,0,0,1,0,1,0,1,0,1
0,1,0,0,-1.2409180113122174,0,1,0.4917812277894838,-0.9389788537158686,1,2.4015676475077643,-0.5705298937831644,1,0,0.0,0,0,1,0,0,0,0,0,0,0,0,0,0,0,0,1,0,0,0,1
0,0,1,1,0.7129572609402939,1,0,1.26495750417397,1.2523750844018695,1,-0.4270575982250955,1.0471678523539008,0,1,3.0,0,0,1,0,0,0,0,0,0,1,0,1,0,1,0,1,0,0,1,0
1,0,1,0,0.346605647392948,0,1,0.5083729933771337,0.5000721015014746,1,-0.43971059064876,-0.5705298937831644,0,1,2.0,0,1,1,0,0,0,0,1,0,0,0,0,0,0,0,0,0,1,0,0
1,0,0,1,1.4456604880349857,2,1,0.7157700632227577,1.572361640412434,1,-0.5153806535498919,1.5864004343995892,0,0,3.0,0,1,0,0,0,1,0,1,0,0,0,1,0,1,0,1,0,0,0,0
0,0,1,0,-0.4268033145403377,0,1,0.5000771105833088,-0.2601510148730247,1,-0.2591932330307386,-0.5705298937831644,0,0,1.0,0,0,1,0,0,0,0,0,0,0,0,0,0,1,0,0,1,0,0,0
1,0,1,0,0.7536629957788878,1,1,1.3893957460813444,1.4038887735214418,1,-0.4232276440542025,1.0471678523539008,0,0,3.0,0,1,1,0,0,0,0,1,0,1,0,0,0,1,0,1,0,0,0,0
0,0,0,0,-0.10115743583158582,1,1,0.13339909109624562,-0.11436351643694646,1,-0.40361058012995116,0.5079352703082123,0,0,2.0,0,1,0,0,0,0,0,1,0,1,0,0,0,1,0,0,1,0,0,0
1,0,0,0,0.30589991255435406,1,1,0.8186390098661871,0.5216385591331775,1,-0.40808194508140283,0.5079352703082123,0,0,2.0,0,0,1,0,0,0,0,1,0,0,0,1,0,0,0,1,1,0,0,0
1,0,1,0,1.3235432835192036,2,1,1.1421784388253606,1.7763105622276012,1,-0.486397412800901,1.0471678523539008,0,1,3.0,0,1,1,0,0,1,0,1,0,1,0,0,0,1,0,0,0,1,0,0
1,1,1,1,1.4456604880349857,1,0,-1.5075265255223318,-0.4852056663338662,1,-0.6272018729295875,-1.109762475828853,0,0,3.0,0,0,0,1,1,0,1,0,1,0,1,0,1,0,1,0,0,0,0,0
1,0,0,0,-0.9152721326034655,0,1,-0.17520774883404305,-0.7285578006684004,1,-0.03527010328647297,-0.031297311737476054,1,1,1.0,0,0,0,0,0,0,0,1,0,0,0,0,0,1,0,0,0,0,1,0
0,0,1,0,1.2828375486806096,2,1,0.9845566657426863,1.6012997458205886,1,-0.49214597584227154,0.5079352703082123,0,0,3.0,0,1,1,0,0,1,0,0,0,1,0,0,0,1,0,0,1,0,0,0
0,0,0,0,1.0386031396490458,1,1,1.3777815101699897,1.6878069100543671,1,-0.4519723929122606,1.5864004343995892,0,1,3.0,0,0,1,0,0,1,0,1,0,1,0,0,0,1,0,1,0,1,0,1
1,0,1,1,-0.7117434584104956,1,1,-1.5075265255223318,-0.9037221930707554,1,-0.5193966208503754,-1.109762475828853,0,1,1.0,0,0,0,1,1,0,1,0,1,0,1,0,1,0,1,0,0,0,1,0
0,0,0,0,1.5677776925507676,2,1,1.3877365695225796,2.1868850160624795,1,-0.48900739642940094,1.5864004343995892,0,0,3.0,0,1,1,0,0,1,0,1,0,1,0,0,0,1,0,1,1,0,0,0
0,0,0,1,-1.1595065416350294,0,1,1.1006990248562358,-0.8350298442967358,1,1.5996759866814605,1.0471678523539008,0,0,0.0,0,0,1,0,0,0,0,0,0,1,0,1,0,1,0,1,0,0,0,1
0,0,0,0,1.6084834273893616,2,0,0.7190884163402875,1.7776049884740612,1,-0.5231333780421542,1.5864004343995892,0,0,3.0,0,1,0,0,0,0,0,1,0,1,0,1,0,1,0,1,0,0,0,0
1,0,0,0,-0.30468611002455576,0,1,0.9878750188602166,0.0275407032597509,1,-0.24030173770155122,-0.031297311737476054,0,0,2.0,0,1,1,0,0,0,0,0,0,0,0,0,0,1,0,1,0,0,0,1
0,0,0,1,0.46872285190873,1,1,0.4187774592038241,0.5141572142171951,1,-0.4612892248917436,0.5079352703082123,0,1,2.0,0,1,0,0,0,0,0,1,0,0,0,0,0,1,0,1,0,0,1,0
1,0,0,0,-1.1188008067964355,0,0,0.33913698438310474,-0.8366314225338815,1,0.7826217023019553,1.0471678523539008,0,0,0.0,0,0,0,0,0,0,0,0,0,1,0,1,0,1,0,1,0,0,0,0
1,0,1,0,0.020959768684196134,0,1,-0.6762790695810708,-0.36714960477110664,1,-0.5088544765891674,-1.109762475828853,0,0,2.0,0,0,0,0,0,0,0,0,0,0,0,0,0,0,0,0,1,0,0,0
1,0,0,1,-1.2816237461508113,0,1,-0.49874717779321653,-0.9870262008302422,1,2.2134743426705747,-0.5705298937831644,1,1,0.0,0,0,0,0,0,0,0,1,0,0,0,0,0,0,0,0,0,1,0,0
1,0,0,0,-0.7524491932490895,0,1,0.928144662744677,-0.4220639928200914,1,0.05347224814227893,-0.031297311737476054,0,1,1.0,0,0,1,0,0,0,0,0,0,0,0,0,0,1,0,1,0,1,0,0
0,0,1,1,-0.5082147842175256,0,0,-1.4793205240233267,-0.814713934055681,1,-0.548152138845711,-1.109762475828853,0,1,1.0,0,0,0,1,1,0,1,0,1,0,1,0,1,0,1,0,0,0,1,0
1,0,0,0,-0.9966836022806536,0,1,0.05873614595182097,-0.7548631747278223,1,0.19371052168075492,0.5079352703082123,1,1,1.0,0,0,0,0,0,1,0,0,0,1,0,0,0,0,0,1,0,1,0,0
1,0,1,0,-1.2002122764736234,0,0,-1.1657361544167435,-0.9675001099938073,0,0.198188933700688,-0.5705298937831644,1,0,0.0,1,0,0,0,0,0,0,1,0,0,0,0,0,0,0,0,1,0,0,0
1,0,1,1,1.4049547531963917,2,1,-1.5108448786398618,-0.4454294835400949,1,-0.6268926219716894,-1.109762475828853,0,0,3.0,0,0,0,1,1,0,1,0,1,0,1,0,1,0,1,0,1,0,0,0
1,0,1,1,1.6084834273893616,2,1,0.7506127709568226,1.8270345195465192,1,-0.5216347313583801,2.1256330164452777,0,0,3.0,0,1,0,0,0,1,0,1,0,1,0,1,0,1,0,1,0,0,0,0
0,1,0,0,-1.2816237461508113,0,1,0.20640285968190536,-0.9777019439701469,1,3.437040483830864,-1.109762475828853,1,1,0.0,0,0,1,0,0,0,0,0,0,0,0,0,0,0,0,0,0,1,0,1
0,0,1,1,0.30589991255435406,0,1,0.21303956591696496,0.240397032804797,1,-0.45934181785311073,1.0471678523539008,0,1,2.0,0,0,0,0,0,1,0,1,0,0,0,1,0,0,0,1,0,0,1,0
1,0,1,1,1.1200146093262338,1,0,-1.3598598117922474,-0.3479306659253572,1,-0.6145327230314305,-1.109762475828853,0,0,3.0,0,1,0,1,1,0,1,0,1,0,1,0,1,0,1,0,1,0,0,0
0,0,0,0,0.9571916699718578,0,1,-0.6663240102284806,0.1165489622748253,0,-0.5691347738950645,-0.031297311737476054,0,0,3.0,1,0,0,0,0,0,0,0,0,0,0,0,0,1,0,1,1,0,0,0
0,0,1,1,-0.3453918448631497,1,0,0.6046052337855035,-0.11684267179033654,1,-0.2767274678188443,-0.031297311737476054,0,0,1.0,0,1,1,0,0,0,0,1,0,1,0,0,0,0,0,0,0,0,0,0
1,0,1,1,1.6084834273893616,2,0,0.1151481489498308,1.1215502757977562,1,-0.5518442934576155,1.0471678523539008,0,0,3.0,0,0,0,0,0,1,0,1,0,0,0,1,0,1,0,0,0,0,0,0
1,0,1,0,-0.8338606629262776,1,0,-1.497571466169742,-0.9201767640003354,1,-0.484350586128454,-1.109762475828853,0,0,1.0,0,0,0,1,1,0,1,0,1,0,1,0,1,0,1,0,0,0,0,0
1,0,1,1,0.7943687306174818,1,0,-0.6862341289336606,-0.010195112738752433,0,-0.5635998149622149,0.5079352703082123,0,0,3.0,1,0,0,0,0,1,0,0,0,1,0,0,0,0,0,1,0,0,0,0
0,0,1,0,-1.1595065416350294,0,1,-1.3200395743818876,-0.9650648334962295,0,-0.08049624856829078,-1.109762475828853,1,1,0.0,1,0,0,0,0,0,0,0,0,0,0,0,0,0,0,0,0,1,0,0
1,0,1,1,-1.0780950719578415,0,1,-0.5236348261746914,-0.8791939126717282,1,0.14883500531775193,-0.5705298937831644,1,1,0.0,0,0,0,0,0,1,0,0,0,0,0,0,0,0,0,0,0,1,0,0
0,0,0,0,-1.0780950719578415,0,1,-0.563455063585051,-0.8750473607974741,0,0.12909343396457762,0.5079352703082123,1,1,0.0,1,0,0,0,0,0,0,0,0,1,0,0,0,1,0,1,0,1,0,1
1,1,0,0,1.3642490183577978,1,0,1.5254482239000742,2.252176753511053,1,-0.46913265268102516,1.5864004343995892,0,0,3.0,0,1,1,0,0,0,0,1,0,1,0,1,0,1,0,1,1,0,0,1
1,0,1,1,1.5677776925507676,2,0,-1.5091857020810966,-0.40407366193708394,1,-0.6286378854794573,-1.109762475828853,0,1,3.0,0,0,0,1,1,0,1,0,1,0,1,0,1,0,1,0,0,0,1,0
0,0,1,1,-0.8338606629262776,1,0,-1.497571466169742,-0.9081758969356951,1,-0.484350586128454,-1.109762475828853,0,0,1.0,0,0,0,1,1,0,1,0,1,0,1,0,1,0,1,0,0,0,0,1
1,0,0,0,-1.2002122764736234,0,1,0.31424933600162985,-0.9081978363636011,1,1.4822136371300731,-1.109762475828853,1,1,0.0,0,1,1,0,0,0,0,0,0,0,0,0,0,0,0,0,0,1,0,1
0,0,0,1,-0.7931549280876836,0,1,-0.2963276376238874,-0.6734459577682607,1,-0.19911018978194692,-0.031297311737476054,0,1,1.0,0,0,0,0,0,1,0,1,0,0,0,0,0,0,0,0,0,1,0,0
0,0,1,1,0.8350744654560759,2,1,1.29814103534927,1.4335508800504977,1,-0.4378522019874272,1.5864004343995892,0,0,3.0,0,1,1,0,0,1,0,1,0,1,0,1,0,0,0,1,0,0,0,0
0,0,0,0,-0.8745663977648716,1,0,-1.4892755833759168,-0.9046217096149058,1,-0.4673350811186533,-1.109762475828853,0,0,1.0,0,0,0,1,1,0,1,0,1,0,1,0,1,0,1,0,1,0,0,0
0,0,0,0,-0.7931549280876836,0,1,0.697519121076343,-0.475508439199367,1,0.047248169396208656,-0.5705298937831644,0,1,1.0,0,1,1,0,0,0,0,0,0,0,0,0,0,0,0,1,0,1,0,0
0,0,0,0,-0.8745663977648716,1,0,-1.3183803978231226,-0.9013527348568959,1,-0.41791260561296323,-1.109762475828853,0,1,1.0,0,1,0,1,1,0,1,0,1,0,1,0,1,0,1,0,0,1,0,0
0,0,0,0,-0.8338606629262776,0,1,1.1537926747367158,-0.46550406007418244,1,0.22343536629657448,1.0471678523539008,0,0,1.0,0,1,1,0,0,1,0,1,0,1,0,0,0,0,0,1,0,0,0,1
1,0,1,1,0.020959768684196134,1,0,-1.4876164068171518,-0.7366315101378477,1,-0.5916674652434762,-1.109762475828853,0,0,2.0,0,0,0,1,1,0,1,0,1,0,1,0,1,0,1,0,1,0,0,0
0,0,1,1,1.2421318138420157,2,0,-1.5125040551986266,-0.4543588306978803,1,-0.6249292005254502,-1.109762475828853,0,1,3.0,0,0,0,1,1,0,1,0,1,0,1,0,1,0,1,0,0,1,0,0
1,0,0,0,-0.7931549280876836,0,1,0.2926800407376848,-0.5891546757529992,1,-0.05310481831576118,-0.5705298937831644,0,0,1.0,0,0,1,0,0,1,0,0,0,0,0,0,0,0,0,0,1,0,0,0
1,0,0,0,-0.5896262538947137,0,0,-0.3228744625641272,-0.544639576531509,1,-0.3251791717566045,-0.031297311737476054,0,0,1.0,0,0,0,0,0,0,0,0,0,1,0,1,0,0,0,0,1,0,0,0
0,1,0,0,-1.0780950719578415,0,0,0.31424933600162985,-0.8184436367997192,1,0.5642305692074635,-0.5705298937831644,1,1,0.0,0,0,1,0,0,0,0,0,0,1,0,0,0,0,0,0,0,1,0,1
1,1,1,0,0.5501343215859179,0,1,0.5133505230534289,0.5729987598613728,1,-0.4627511745906519,-0.5705298937831644,0,1,2.0,0,0,1,0,0,0,0,0,0,0,0,0,0,0,0,1,0,1,0,1
1,0,0,0,-0.9152721326034655,0,1,0.4950995809070136,-0.6195627228308629,1,0.17620400196647099,-0.031297311737476054,1,1,1.0,0,0,1,0,0,1,0,0,0,1,0,0,0,0,0,0,0,0,1,0
0,0,0,0,0.06166550352279012,0,1,0.16824179883031035,0.051235285398346014,1,-0.4294285222356483,-1.109762475828853,0,0,2.0,0,0,1,0,0,0,0,0,0,0,0,0,0,0,0,0,1,0,0,1
1,1,0,0,1.4049547531963917,2,0,-1.3216987509406526,-0.27520146241661386,1,-0.6172395742144386,-1.109762475828853,0,0,3.0,0,1,0,1,1,0,1,0,1,0,1,0,1,0,1,0,1,0,0,0
1,0,0,0,-1.1595065416350294,0,1,0.31424933600162985,-0.8774168190113336,1,1.0538215387661887,1.0471678523539008,0,1,0.0,0,0,0,0,0,0,0,0,0,1,0,1,0,1,0,1,0,1,0,1
1,0,0,0,-0.5082147842175256,1,1,0.12510320830242067,-0.3875093938679735,1,-0.28301186803293815,0.5079352703082123,0,1,1.0,0,1,0,0,0,0,0,1,0,0,0,1,0,1,0,0,0,1,0,0
1,0,1,0,-1.2816237461508113,0,0,0.16824179883031035,-0.9782065508119873,1,3.3708239632504244,-1.109762475828853,1,1,0.0,0,0,1,0,0,0,0,0,0,0,0,0,0,0,0,0,0,1,0,1
0,0,0,0,-1.2816237461508113,0,0,-1.4743429943470319,-0.9999265844390328,1,0.5206345991358698,-1.109762475828853,0,1,0.0,0,0,0,1,1,0,1,0,1,0,1,0,1,0,1,0,0,0,1,0
0,0,0,0,-0.7524491932490895,0,0,0.3457736906181643,-0.5587466286751355,1,-0.08126397634313647,-0.5705298937831644,0,1,1.0,0,0,1,0,0,0,0,0,0,1,0,0,0,0,0,0,0,1,0,1
0,0,0,1,0.5501343215859179,0,1,0.659358060224748,0.7281763334412649,1,-0.4519703164757978,-0.031297311737476054,0,0,2.0,0,1,1,0,0,0,0,0,0,1,0,1,0,0,0,0,0,0,0,0
1,0,1,1,-0.7524491932490895,0,0,0.14169497389007057,-0.5944201384504647,1,-0.12847923449614518,0.5079352703082123,0,1,1.0,0,1,0,0,0,1,0,1,0,0,0,0,0,0,0,1,0,0,1,0
0,0,0,0,-0.9966836022806536,0,0,-1.5174815848749215,-0.9400977645390802,1,-0.41407396673873487,-1.109762475828853,0,1,1.0,0,0,0,1,1,0,1,0,1,0,1,0,1,0,1,0,0,0,1,0
1,0,0,0,-0.9966836022806536,0,1,-0.6563689508758908,-0.816556845999794,1,-0.08203170411798205,-1.109762475828853,1,1,1.0,0,0,0,0,0,0,0,0,0,0,0,0,0,0,0,0,0,0,1,1
1,0,0,1,0.14307697319997809,0,1,0.9878750188602166,0.5323230605234514,1,-0.3650016373465723,0.5079352703082123,0,1,2.0,0,0,1,0,0,0,0,1,0,0,0,0,0,1,0,1,0,1,0,0
1,1,1,0,-1.1188008067964355,0,1,0.49675875746577897,-0.8580004253144293,1,0.8737893755648788,-0.5705298937831644,1,0,0.0,0,1,1,0,0,0,0,0,0,1,0,0,0,0,0,0,0,0,0,1
1,0,1,1,-0.4268033145403377,0,1,-0.45892694038285664,-0.46793933657176023,1,-0.4038932288549118,-0.5705298937831644,0,1,1.0,0,0,0,0,0,0,0,0,0,0,0,1,0,0,0,0,0,1,0,0
0,0,1,0,0.387311382231542,1,0,-1.041297912509369,-0.3747406468266195,0,-0.569895923830958,-0.031297311737476054,0,1,2.0,1,0,0,0,0,0,0,1,0,0,0,1,0,0,0,0,0,0,1,1
1,0,1,1,-1.0780950719578415,0,0,-1.5058673489635668,-0.9549946360873265,1,-0.3381237547272166,-1.109762475828853,0,1,0.0,0,0,0,1,1,0,1,0,1,0,1,0,1,0,1,0,0,0,1,0
0,1,0,0,-0.2639803751859618,0,1,0.6925415914000478,-0.04637322935592212,1,-0.2937966153462464,-0.031297311737476054,0,0,2.0,0,0,1,0,0,1,0,0,0,0,0,0,0,1,0,0,1,0,0,0
1,0,0,0,0.9978974048104517,0,1,-0.8504926082513949,-0.08244164883356148,0,-0.5817165920563284,-0.031297311737476054,0,1,3.0,1,0,0,0,0,0,0,1,0,0,0,0,0,1,0,0,0,1,0,1
1,0,1,0,0.387311382231542,1,0,0.5150096996121938,0.4723845434839682,1,-0.44429208903934647,1.0471678523539008,0,0,2.0,0,1,0,0,0,1,0,0,0,0,0,1,0,1,0,1,1,0,0,0
0,0,0,0,-1.2816237461508113,0,1,0.48846287467195404,-0.9739722412261087,1,3.9264669402949792,-0.5705298937831644,1,1,0.0,0,0,1,0,0,0,0,0,0,0,0,0,0,1,0,0,0,1,0,1
1,1,1,0,-0.6710377235719016,0,1,0.8833468956580218,-0.33316543094454754,1,-0.03958087421475087,0.5079352703082123,0,1,1.0,0,0,1,0,0,0,0,0,0,1,0,1,0,0,0,1,0,1,0,0
0,0,0,0,-0.5896262538947137,0,1,0.9994892547715714,-0.2720202453702284,1,-0.08364797311765716,0.5079352703082123,0,0,1.0,0,1,1,0,0,0,0,0,0,1,0,1,0,0,0,1,0,0,0,0
0,1,0,0,-0.4268033145403377,0,1,0.1599459160364854,-0.330817912158594,1,-0.31051416580574814,1.0471678523539008,0,1,1.0,0,0,0,0,0,1,0,0,0,1,0,1,0,0,0,1,0,0,1,0
0,0,1,1,0.9571916699718578,2,1,-1.3432680462045974,-0.40082662660698026,1,-0.6103496333867795,-1.109762475828853,0,1,3.0,0,1,0,1,1,0,1,0,1,0,1,0,1,0,1,0,0,0,1,0
0,0,0,0,-1.1595065416350294,0,1,0.12344403174365576,-0.8942882390711296,1,0.9213884976053103,0.5079352703082123,1,0,0.0,0,0,0,0,0,0,0,1,0,0,0,0,0,1,0,1,0,0,0,1
1,1,0,0,-0.2639803751859618,1,0,-1.5141632317573919,-0.7876845588753577,1,-0.577429376608675,-1.109762475828853,0,0,2.0,0,0,0,1,1,0,1,0,1,0,1,0,1,0,1,0,1,0,0,0
0,1,0,0,0.06166550352279012,0,1,-0.2880317548300625,-0.2340430956647579,0,-0.47466962325333967,1.0471678523539008,0,1,2.0,1,0,0,0,0,0,0,1,0,1,0,0,0,1,0,1,0,1,0,0
1,0,0,0,-0.2639803751859618,0,0,-0.5236348261746914,-0.4660086669160229,1,-0.45011452061343443,-0.5705298937831644,0,0,2.0,0,0,0,0,0,0,0,0,0,0,0,1,0,0,0,0,0,0,0,0
0,0,0,0,-0.2639803751859618,0,1,0.1367174442137754,-0.21223530432608792,1,-0.3652379499499408,-1.109762475828853,0,0,2.0,0,0,1,0,0,0,0,0,0,0,0,0,0,0,0,0,1,0,0,0
0,0,0,0,-0.019745966154397852,0,1,1.2085455011759603,0.4543942126009608,1,-0.3060686275047643,0.5079352703082123,0,1,2.0,0,1,1,0,0,0,0,0,0,1,0,0,0,1,0,1,0,1,0,0
1,0,1,1,-1.1595065416350294,0,1,0.659358060224748,-0.8457362851149157,1,1.293352604518038,-0.031297311737476054,1,0,0.0,0,1,1,0,0,0,0,1,0,1,0,0,0,0,0,0,0,0,0,1
1,0,0,0,-1.2816237461508113,0,0,0.3009759235315097,-0.9764513965794988,1,3.601142295704126,-0.5705298937831644,0,1,0.0,0,0,1,0,0,0,0,0,0,0,0,1,0,0,0,0,0,1,0,0
0,1,0,0,-1.0373893371192475,0,1,0.6444254711958629,-0.7414143054213789,1,0.5544626042150071,-0.031297311737476054,1,1,1.0,0,0,1,0,0,0,0,0,0,1,0,0,0,1,0,0,0,1,0,0
0,0,1,0,0.8350744654560759,1,0,-1.464387934994442,-0.5605676011913423,1,-0.6153892499204886,-1.109762475828853,0,0,3.0,0,0,0,1,1,0,1,0,1,0,1,0,1,0,1,0,0,0,0,1
1,0,0,0,-1.2002122764736234,0,0,-1.1458260357115635,-0.9728752698308034,0,0.2154628086347155,-0.5705298937831644,0,1,0.0,1,0,0,0,0,0,0,0,0,0,0,1,0,0,0,0,0,1,0,0
1,0,0,0,1.4049547531963917,2,0,-1.4925939364934466,-0.43334085876383016,1,-0.6259611875389722,-1.109762475828853,0,0,3.0,0,0,0,1,1,0,1,0,1,0,1,0,1,0,1,0,0,0,0,0
0,0,0,0,0.7129572609402939,0,1,1.0210585500355165,1.0664384328976162,1,-0.44365406629896514,-0.031297311737476054,0,1,3.0,0,1,1,0,0,0,0,0,0,0,0,0,0,1,0,1,0,1,0,0
1,0,0,0,-1.2816237461508113,0,0,-1.5025489958460367,-1.0002995547134366,1,0.47169195348945825,-1.109762475828853,0,1,0.0,0,0,0,1,1,0,1,0,1,0,1,0,1,0,1,0,0,0,1,0
0,0,0,0,-0.9559778674420595,0,0,-1.4826388771408567,-0.9272412597861016,1,-0.42654954307997706,-1.109762475828853,0,1,1.0,0,0,0,1,1,0,1,0,1,0,1,0,1,0,1,0,0,0,1,0
0,0,1,0,-1.2409180113122174,0,1,-0.6746198930223056,-0.9735773315237988,1,1.052286083216497,-1.109762475828853,1,0,0.0,0,0,0,0,0,0,0,0,0,0,0,0,0,0,0,0,1,0,0,1
0,1,0,0,-1.2816237461508113,0,0,-1.3167212212643575,-0.9978423387879527,0,0.7941376189246403,-1.109762475828853,1,1,0.0,1,0,0,0,0,0,0,0,0,0,0,0,0,0,0,0,0,1,0,1
1,0,1,1,0.428017117070136,1,1,1.3064369181430948,0.944499092595476,1,-0.38676728565615587,1.0471678523539008,0,0,2.0,0,1,1,0,0,0,0,0,0,1,0,1,0,1,0,1,1,0,0,0
1,0,0,0,1.5270719577121736,2,0,-0.5485224745561663,0.5017394980223389,0,-0.581243986444567,1.0471678523539008,0,0,3.0,1,0,0,0,0,1,0,0,0,1,0,1,0,0,0,1,0,0,0,0
1,1,1,1,1.5677776925507676,2,0,-1.497571466169742,-0.39968577635586267,1,-0.6280780839769657,-1.109762475828853,0,0,3.0,0,0,0,1,1,0,1,0,1,0,1,0,1,0,1,0,1,0,0,0
1,0,1,1,0.46872285190873,0,1,0.9298038393034418,0.8001595964012004,1,-0.42187919911633254,0.5079352703082123,0,0,2.0,0,0,1,0,0,0,0,0,0,1,0,0,0,1,0,1,0,0,0,0
1,0,0,0,-1.2409180113122174,0,0,0.19147027065302033,-0.9471841997527527,1,2.054170829390098,-1.109762475828853,1,0,0.0,0,0,1,0,0,0,0,0,0,0,0,0,0,0,0,0,1,0,0,1
0,0,0,0,-1.1595065416350294,0,0,0.4320508716739442,-0.8748499059463192,1,1.1355845467872525,-0.5705298937831644,1,0,0.0,0,1,1,0,0,0,0,1,0,0,0,0,0,0,0,0,0,0,0,1
0,0,0,1,-1.2002122764736234,0,1,-0.32619281568165726,-0.9410630993669489,1,0.9265706600855187,-0.031297311737476054,0,1,0.0,0,0,0,0,0,1,0,0,0,0,0,1,0,0,0,0,0,0,1,1
0,1,0,0,-0.1825689055087738,0,0,-0.015926799192603674,-0.18944023873164326,1,-0.4038155352645039,0.5079352703082123,0,0,2.0,0,1,0,0,0,0,0,1,0,1,0,1,0,0,0,0,0,0,0,0
1,0,1,0,-0.1418631706701798,0,1,0.3441145140593994,-0.015767727426903428,1,-0.3706973474599545,-0.5705298937831644,0,0,2.0,0,0,1,0,0,0,0,0,0,1,0,0,0,0,0,0,1,0,0,0
1,1,0,0,-1.2816237461508113,0,1,0.16990097538907525,-0.9781846113840811,1,3.3737029424060956,-1.109762475828853,1,1,0.0,0,0,1,0,0,0,0,0,0,0,0,0,0,0,0,0,0,1,0,0
1,1,0,0,-0.9559778674420595,0,1,1.145496791942891,-0.6054995495430485,1,0.48551105343668044,0.5079352703082123,1,0,1.0,0,1,1,0,0,0,0,1,0,0,0,0,0,1,0,1,1,0,0,1
1,0,0,0,1.5677776925507676,2,1,1.4308751600504692,2.296099488179078,1,-0.4869281337058606,1.5864004343995892,0,1,3.0,0,1,1,0,0,1,0,0,0,1,0,1,0,1,0,1,0,1,0,1
1,0,1,0,0.346605647392948,1,1,0.2677923923562099,0.3079704707556053,1,-0.4595892562474425,0.5079352703082123,0,1,2.0,0,1,0,0,0,0,0,0,0,1,0,0,0,1,0,1,0,1,0,1
1,0,1,0,0.9571916699718578,1,0,1.1737027934418955,1.4546346702682662,1,-0.45710712885508437,0.5079352703082123,0,0,3.0,0,1,1,0,0,0,0,1,0,0,0,0,0,1,0,1,1,0,0,1
0,1,0,0,-1.2816237461508113,0,1,-1.3017886322354726,-0.9976448839367978,0,0.8200484313256816,-1.109762475828853,1,1,0.0,1,0,0,0,0,0,0,0,0,0,0,0,0,0,0,0,0,0,1,1
0,0,0,0,0.7943687306174818,2,0,-0.8571293144864547,-0.13919894882665917,0,-0.5747898094163334,0.5079352703082123,0,1,3.0,1,0,0,0,0,1,0,1,0,0,0,1,0,0,0,0,0,0,1,0
0,0,0,0,1.4049547531963917,0,1,1.2616391510564402,2.0126859584879933,1,-0.48539926405619854,1.0471678523539008,0,0,3.0,0,1,1,0,0,1,0,1,0,1,0,0,0,1,0,0,1,0,0,1
0,0,0,0,-0.1418631706701798,2,0,-1.5108448786398618,-0.765723191541345,1,-0.5852772605293196,-1.109762475828853,0,1,2.0,0,0,0,1,1,0,1,0,1,0,1,0,1,0,1,0,0,0,1,0
0,0,0,0,0.387311382231542,1,1,0.09191967712712082,0.25577657176697777,1,-0.4784381208856801,1.0471678523539008,0,1,2.0,0,0,0,0,0,1,0,1,0,0,0,1,0,0,0,1,0,0,1,0
0,0,0,0,-0.6710377235719016,0,1,-0.49045129499939155,-0.6744551714519416,1,-0.32002731432014014,-0.5705298937831644,0,1,1.0,0,0,0,0,0,1,0,0,0,0,0,0,0,0,0,0,0,1,0,1
1,0,0,0,-0.7524491932490895,0,1,-1.1225975638888535,-0.8247621920366778,0,-0.4209835167123459,-0.5705298937831644,0,1,1.0,1,0,0,0,0,0,0,1,0,0,0,0,0,0,0,0,0,0,1,0
0,1,0,0,-0.5896262538947137,0,1,0.3242043953542197,-0.44086608253562476,1,-0.20698950115536302,-0.5705298937831644,0,1,1.0,0,0,1,0,0,0,0,1,0,0,0,0,0,0,0,0,0,1,0,0
1,1,0,0,-0.8338606629262776,0,1,1.145496791942891,-0.48230966185026003,1,0.22122076694605813,0.5079352703082123,0,1,1.0,0,1,1,0,0,0,0,0,0,1,0,0,0,1,0,1,0,1,0,1
1,0,0,0,0.26519417771576004,1,0,-1.4942531130522119,-0.661774182122212,1,-0.6024551694914915,-1.109762475828853,0,1,2.0,0,0,0,1,1,0,1,0,1,0,1,0,1,0,1,0,0,0,1,0
1,0,1,1,-0.019745966154397852,0,1,0.1599459160364854,0.02130990573441671,1,-0.4163422533462334,-1.109762475828853,0,0,2.0,0,0,1,0,0,0,0,0,0,0,0,0,0,0,0,0,0,0,0,1
1,0,0,0,1.2014260790034217,2,1,-0.7044850710800754,0.1399583318506412,0,-0.579866607639931,1.0471678523539008,0,0,3.0,1,0,0,0,0,1,0,1,0,1,0,1,0,0,0,0,0,0,0,0
1,0,0,0,-1.2816237461508113,0,0,-1.459410405318147,-0.999729129587878,1,0.5465454115369113,-1.109762475828853,0,0,0.0,0,0,0,1,1,0,1,0,1,0,1,0,1,0,1,0,0,0,0,0
1,1,0,0,0.5094285867473239,1,0,-0.0739979787493784,0.21595651011739433,1,-0.5027799042018815,0.5079352703082123,0,0,2.0,0,0,0,0,0,1,0,0,0,1,0,0,0,0,0,1,1,0,0,1
1,0,0,0,-0.6710377235719016,0,1,0.5183280527297236,-0.46091871964180614,1,-0.11409562883212479,-0.5705298937831644,0,1,1.0,0,1,1,0,0,0,0,1,0,0,0,0,0,0,0,0,0,0,1,0
1,0,0,0,-1.2816237461508113,0,1,-0.07067962563184861,-0.9813658284304666,1,2.9562509648337616,-0.031297311737476054,1,1,0.0,0,0,0,0,0,0,0,0,0,0,0,0,0,1,0,1,0,0,1,0
1,0,1,0,1.6084834273893616,2,1,0.8982794846869069,1.9670080695874792,1,-0.5146147547870173,2.1256330164452777,0,0,3.0,0,1,0,0,0,1,0,1,0,1,0,1,0,1,0,1,1,0,0,0
1,0,1,0,-1.2002122764736234,0,1,-0.9882042626288892,-0.9651525912078539,0,0.35221431852910073,-0.5705298937831644,1,1,0.0,1,0,0,0,0,0,0,0,0,0,0,0,0,0,0,1,0,1,0,1
0,0,0,0,-0.1418631706701798,1,0,-0.22996057527328775,-0.24784299581769897,1,-0.437105799984105,0.5079352703082123,0,0,2.0,0,0,0,0,0,1,0,0,0,1,0,1,0,0,0,0,1,0,0,0
1,0,1,1,-0.7117434584104956,1,0,-1.5025489958460367,-0.8629587360212093,1,-0.5183170036669987,-1.109762475828853,0,1,1.0,0,0,0,1,1,0,1,0,1,0,1,0,1,0,1,0,0,0,1,0
1,1,1,1,1.4456604880349857,1,1,1.4010099819926998,2.229250051349172,1,-0.4809163523530156,1.0471678523539008,0,0,3.0,0,1,1,0,0,0,0,0,0,1,0,1,0,1,0,1,1,0,0,0
0,0,1,1,-1.3223294809894055,2,0,-0.29466846106512257,-1.0089217498805365,0,5.794924412325631,1.5864004343995892,0,0,0.0,1,0,0,0,0,1,0,1,0,1,0,1,0,1,0,0,1,0,0,0
0,1,1,1,-0.4268033145403377,0,0,0.6776090023711627,-0.14819411426816287,1,-0.232406209582319,-0.5705298937831644,0,0,1.0,0,1,1,0,0,0,0,0,0,0,0,0,0,1,0,0,0,0,0,0
1,0,0,0,-1.2816237461508113,0,0,0.6494030008721581,-0.9718441167192164,1,4.205727918395092,-0.5705298937831644,1,1,0.0,0,1,1,0,0,0,0,0,0,0,0,0,0,1,0,0,0,1,0,1
0,0,0,0,0.5094285867473239,2,0,0.2860433345026247,0.460625010126295,1,-0.47561736173315694,0.5079352703082123,0,1,2.0,0,1,0,0,0,1,0,0,0,0,0,1,0,0,0,1,0,0,1,0
0,0,0,0,-0.2639803751859618,0,1,0.7920921849259474,-0.010962992715466165,1,-0.28100115243215185,-0.031297311737476054,0,0,2.0,0,0,1,0,0,0,0,0,0,0,0,0,0,1,0,1,0,0,0,1
1,0,1,1,1.6084834273893616,2,1,0.896620308128142,1.8936206832415525,1,-0.5146936309282686,2.1256330164452777,0,0,3.0,0,1,0,0,0,1,0,1,0,1,0,1,0,1,0,1,1,0,0,0
1,0,1,0,1.4049547531963917,2,1,1.5387216363701939,2.3114790271412593,1,-0.4712583958504014,1.5864004343995892,0,0,3.0,0,1,1,0,0,0,0,1,0,1,0,1,0,1,0,1,0,0,0,0
1,0,0,0,-0.9152721326034655,0,1,1.0061259610066313,-0.5606772983308729,1,0.33742683468406187,0.5079352703082123,1,1,1.0,0,1,1,0,0,0,0,1,0,1,0,0,0,0,0,1,0,1,0,0
1,0,0,0,-1.2816237461508113,0,1,0.8285940692187774,-0.9694746585053569,1,4.516657667207589,-0.031297311737476054,1,1,0.0,0,0,1,0,0,0,0,0,0,0,0,0,0,1,0,1,0,1,0,1
1,0,1,0,0.7536629957788878,0,1,-1.1574402716229184,-0.33781658966064204,0,-0.5931981442063331,-0.5705298937831644,0,0,3.0,1,0,0,0,0,0,0,1,0,0,0,0,0,0,0,0,1,0,0,0
1,0,0,1,-1.2816237461508113,0,1,0.9414180752147966,-0.9679827774077415,1,4.712428249793235,-0.031297311737476054,1,1,0.0,0,1,1,0,0,0,0,0,0,0,0,0,0,1,0,1,0,1,0,1
1,0,1,0,0.9571916699718578,2,1,-1.3200395743818876,-0.4265835149687493,1,-0.6089353980120638,-1.109762475828853,0,0,3.0,0,1,0,1,1,0,1,0,1,0,1,0,1,0,1,0,1,0,0,1
0,0,1,1,1.6084834273893616,2,1,1.0276952562705766,2.0424797015844858,1,-0.5084624157694184,0.5079352703082123,0,0,3.0,0,1,1,0,0,1,0,1,0,0,0,0,0,1,0,0,0,0,0,0
1,0,0,0,-0.9152721326034655,0,1,-1.3582006352334823,-0.9095142020379675,1,-0.4084904920125845,-1.109762475828853,0,1,1.0,0,1,0,1,1,0,1,0,1,0,1,0,1,0,1,0,0,1,0,0
1,0,0,0,-0.4268033145403377,1,0,-1.480979700582092,-0.8004533059167118,1,-0.558106373193477,-1.109762475828853,0,1,1.0,0,0,0,1,1,0,1,0,1,0,1,0,1,0,1,0,0,0,1,0
0,0,0,0,-1.1188008067964355,0,0,-1.472683817788267,-0.9667541694449997,1,-0.26532671036238603,-1.109762475828853,0,0,0.0,0,0,0,1,1,0,1,0,1,0,1,0,1,0,1,0,1,0,0,0
1,1,1,0,-0.10115743583158582,0,0,0.43039169511517933,0.022867605115750155,1,-0.37036301439671515,-1.109762475828853,0,1,2.0,0,1,1,0,0,0,0,0,0,0,0,0,0,0,0,0,0,0,1,0
1,0,0,0,0.46872285190873,1,1,-0.364353876533252,0.03337659108277533,0,-0.5216838098462698,1.0471678523539008,0,1,2.0,1,0,0,0,0,0,0,1,0,1,0,0,0,1,0,1,0,0,1,1
1,0,0,0,-0.5896262538947137,0,0,1.2068863246171952,-0.2214498640466527,1,-0.045766668437772114,1.0471678523539008,0,0,1.0,0,0,1,0,0,0,0,1,0,1,0,0,0,1,0,1,1,0,0,0
0,1,0,0,-1.2409180113122174,0,1,-0.6845749523748957,-0.9697379316402301,1,1.040770166593812,-1.109762475828853,1,1,0.0,0,0,0,0,0,0,0,0,0,0,0,0,0,0,0,0,0,1,0,0
0,0,0,0,0.8757802002946699,1,0,-0.6912116586099555,0.030875496301479063,0,-0.5674101414056385,0.5079352703082123,0,0,3.0,1,0,0,0,0,1,0,0,0,0,0,1,0,0,0,1,0,0,0,0
0,0,0,0,-1.2816237461508113,0,0,0.9779199595076267,-0.9675001099938073,1,4.775765791218003,0.5079352703082123,1,1,0.0,0,0,1,0,0,0,0,0,0,1,0,0,0,1,0,1,0,1,0,1
1,0,1,1,1.5270719577121736,2,0,-1.4793205240233267,-0.36912415328265624,1,-0.6267399669046114,-1.109762475828853,0,0,3.0,0,0,0,1,1,0,1,0,1,0,1,0,1,0,1,0,1,0,0,0
0,1,0,0,-0.9152721326034655,0,1,0.6527213539896879,-0.6291283133979254,1,0.2259318237462474,-0.031297311737476054,1,0,1.0,0,0,1,0,0,0,0,0,0,1,0,0,0,0,0,1,1,0,0,1
1,0,1,1,-0.1418631706701798,0,0,0.9862158423014517,0.1534949588687089,1,-0.2964196852436357,0.5079352703082123,0,0,2.0,0,0,1,0,0,1,0,0,0,0,0,0,0,1,0,1,1,0,0,1
1,1,0,0,-0.9559778674420595,0,1,1.1803394996769556,-0.6058505803895463,1,0.49760276589049984,0.5079352703082123,1,1,1.0,0,1,1,0,0,0,0,0,0,1,0,0,0,1,0,1,0,1,0,1
1,0,0,1,1.1200146093262338,2,1,0.6643355899010431,1.1783733940745722,1,-0.49937355680457973,1.5864004343995892,0,1,3.0,0,1,0,0,0,1,0,0,0,1,0,1,0,1,0,1,0,1,0,0
0,0,0,0,-0.22327464034736777,0,1,0.8053655973960674,0.03697465725937673,1,-0.2928826537095253,0.5079352703082123,0,1,2.0,0,0,1,0,0,0,0,0,0,1,0,1,0,0,0,1,0,1,0,0
1,0,1,1,0.387311382231542,2,0,-1.5125040551986266,-0.6283604334212116,1,-0.6079252298872668,-1.109762475828853,0,1,2.0,0,0,0,1,1,0,1,0,1,0,1,0,1,0,1,0,0,0,1,0
1,0,1,1,1.2828375486806096,0,1,0.8916427784518468,1.60647745080643,1,-0.4971066783874282,0.5079352703082123,0,1,3.0,0,1,1,0,0,1,0,1,0,1,0,0,0,0,0,0,0,1,0,0
1,0,1,1,1.3235432835192036,2,0,-1.3333129868520075,-0.25635549384526835,1,-0.6165621673542807,-1.109762475828853,0,0,3.0,0,1,0,1,1,0,1,0,1,0,1,0,1,0,1,0,1,0,0,0
0,0,0,0,-1.2409180113122174,0,1,0.1732193285066055,-0.9545997263850166,1,2.0330583155818425,-1.109762475828853,1,1,0.0,0,0,1,0,0,0,0,0,0,0,0,0,0,0,0,0,0,1,0,0
0,0,0,0,1.4456604880349857,0,0,-0.6630056571109506,0.3448945279215827,0,-0.5847264992995389,0.5079352703082123,0,1,3.0,1,0,0,0,0,0,0,1,0,0,0,1,0,0,0,1,0,1,0,0
0,1,1,0,1.5270719577121736,2,1,1.5951336393682036,2.4959457369758034,1,-0.47646536477900986,2.1256330164452777,0,0,3.0,0,1,1,0,0,1,0,1,0,1,0,1,0,1,0,1,1,0,0,0
1,1,0,0,0.7943687306174818,0,1,0.266133215797445,0.6715287305876977,1,-0.5012400400431467,-1.109762475828853,0,0,3.0,0,1,1,0,0,0,0,0,0,0,0,0,0,0,0,0,0,0,0,0
1,0,1,1,1.4456604880349857,2,0,0.19478862377055015,1.1235687031651178,1,-0.5415835363000595,0.5079352703082123,0,0,3.0,0,1,0,0,0,0,0,1,0,0,0,1,0,0,0,1,1,0,0,0
0,0,1,0,1.5270719577121736,2,0,-1.5091857020810966,-0.43696086436833775,1,-0.6281997309835434,-1.109762475828853,0,0,3.0,0,0,0,1,1,0,1,0,1,0,1,0,1,0,1,0,0,0,0,0
0,0,0,0,1.4049547531963917,1,0,-0.14700174733503815,0.6891899700521135,1,-0.5572890670904604,0.5079352703082123,0,0,3.0,0,0,0,0,0,1,0,1,0,0,0,1,0,0,0,0,1,0,0,0
1,0,1,1,-0.1825689055087738,0,0,0.680927355488693,-0.004139830636666935,1,-0.3204244148933361,-0.031297311737476054,0,1,2.0,0,0,1,0,0,0,0,0,0,1,0,0,0,1,0,0,0,1,0,0
1,0,0,0,-0.3453918448631497,0,1,0.6610172367835129,-0.10993175199991287,1,-0.26889664451541845,-0.031297311737476054,0,0,1.0,0,1,1,0,0,0,0,1,0,1,0,0,0,0,0,0,0,0,0,0
0,0,1,0,-1.2409180113122174,0,1,0.505054640259604,-0.9235554358978757,1,2.416922203004678,-0.031297311737476054,0,1,0.0,0,0,1,0,0,1,0,0,0,0,0,1,0,0,0,0,0,1,0,0
0,0,1,1,1.4456604880349857,1,1,0.44864263726159415,1.3312912065801352,1,-0.5288158896096912,1.5864004343995892,0,1,3.0,0,1,0,0,0,1,0,1,0,1,0,1,0,0,0,1,0,1,0,0
1,0,1,0,1.0386031396490458,2,1,0.7024966507526377,1.1369736936157488,1,-0.49169254600914897,1.5864004343995892,0,1,3.0,0,1,0,0,0,1,0,1,0,1,0,0,0,1,0,1,0,1,0,0
0,0,1,0,-0.30468611002455576,0,1,1.32800621340704,0.11722908453991468,1,-0.1949024510159658,1.0471678523539008,0,0,2.0,0,1,1,0,0,0,0,0,0,1,0,1,0,1,0,1,0,0,0,1
1,0,0,0,-0.9152721326034655,0,0,-0.9682941439237093,-0.8378819699245296,0,-0.28547956445208494,-0.031297311737476054,0,1,1.0,1,0,0,0,0,0,0,1,0,0,0,1,0,0,0,0,0,1,0,0
0,0,1,1,0.9571916699718578,1,1,1.1554518512954808,1.4519799994916271,1,-0.45821831379236094,1.0471678523539008,0,0,3.0,0,1,1,0,0,0,0,1,0,1,0,1,0,0,0,1,1,0,0,0
1,0,1,0,-0.06045170099299184,0,1,0.850163364482722,0.27661902827777907,1,-0.33388240150680815,0.5079352703082123,0,0,2.0,0,1,1,0,0,1,0,1,0,0,0,1,0,0,0,0,1,0,0,0
0,0,0,1,1.2421318138420157,2,0,-1.5075265255223318,-0.47574977290633425,1,-0.6246592962296061,-1.109762475828853,0,0,3.0,0,0,0,1,1,0,1,0,1,0,1,0,1,0,1,0,1,0,0,0
1,0,0,0,-0.4268033145403377,1,1,-0.32453363912289235,-0.48542506061292723,1,-0.38361520175844466,-0.031297311737476054,0,0,1.0,0,0,0,0,0,0,0,1,0,0,0,1,0,0,0,0,1,0,0,1
0,0,1,1,-1.0373893371192475,1,0,-1.469365464670737,-0.9501021436642647,1,-0.36249225686629133,-1.109762475828853,0,1,1.0,0,0,0,1,1,0,1,0,1,0,1,0,1,0,1,0,0,0,1,0
0,1,0,0,0.30589991255435406,0,1,-0.3029643438589475,-0.08336310480561791,0,-0.5030180382147579,1.0471678523539008,0,1,2.0,1,0,0,0,0,1,0,1,0,0,0,0,0,1,0,1,0,1,0,1
1,0,0,0,0.8757802002946699,0,1,0.4950995809070136,0.8814890556491377,1,-0.4925566833581855,-0.5705298937831644,0,0,3.0,0,1,1,0,0,0,0,1,0,0,0,0,0,0,0,0,0,0,0,0
0,0,0,0,0.428017117070136,2,1,-1.3017886322354726,-0.48755318511981954,1,-0.5924834325977574,-1.109762475828853,0,0,2.0,0,1,0,1,1,0,1,0,1,0,1,0,1,0,1,0,1,0,0,0
0,0,1,0,-1.2002122764736234,0,1,0.881687719099257,-0.9023180696847647,1,1.9745190727498598,-0.031297311737476054,1,0,0.0,0,1,1,0,0,0,0,1,0,0,0,0,0,0,0,1,1,0,0,1
0,1,0,0,-0.7524491932490895,0,0,0.4619160497317138,-0.5509142529126554,1,-0.05439350422353797,-0.031297311737476054,0,1,1.0,0,0,1,0,0,1,0,1,0,0,0,0,0,0,0,0,0,1,0,0
1,0,1,1,-1.2816237461508113,1,0,-1.5025489958460367,-1.0002995547134366,1,0.47169195348945825,-1.109762475828853,0,1,0.0,0,0,0,1,1,0,1,0,1,0,1,0,1,0,1,0,0,0,1,0
1,1,1,1,1.4456604880349857,0,1,0.6543805305484532,1.4849768990624117,1,-0.5184682543835103,-0.031297311737476054,0,1,3.0,0,1,1,0,0,0,0,1,0,1,0,0,0,0,0,0,0,1,0,0
1,0,1,1,1.2014260790034217,2,0,-1.4760021709057967,-0.4396594140007889,1,-0.6223658237474593,-1.109762475828853,0,0,3.0,0,0,0,1,1,0,1,0,1,0,1,0,1,0,1,0,0,0,0,0
1,0,0,0,1.2421318138420157,1,0,0.8468450113651922,1.5472409954599422,1,-0.49699456429530836,-0.031297311737476054,0,0,3.0,0,1,1,0,0,0,0,1,0,0,0,0,0,0,0,1,1,0,0,0
1,0,1,1,-0.1418631706701798,0,0,0.5033954637008385,-0.03840921702600539,1,-0.35227188086365835,1.0471678523539008,0,0,2.0,0,1,0,0,0,0,0,1,0,1,0,0,0,1,0,1,1,0,0,0
0,0,1,1,-0.1418631706701798,0,1,0.7589086537506474,0.14147215237616245,1,-0.3227143615321,-0.031297311737476054,0,0,2.0,0,0,1,0,0,0,0,0,0,0,0,0,0,1,0,1,1,0,0,0
0,0,0,0,-0.38609757970174374,0,1,-0.6630056571109506,-0.5715153757164895,0,-0.44406333294364386,-0.031297311737476054,0,1,1.0,1,0,0,0,0,0,0,0,0,0,0,0,0,1,0,1,0,1,0,0
0,0,0,1,-1.2409180113122174,0,0,0.5183280527297236,-0.9263856220977635,1,2.4322767585015908,-0.5705298937831644,1,0,0.0,0,1,1,0,0,1,0,0,0,0,0,0,0,0,0,0,1,0,0,0
0,0,0,0,-0.9966836022806536,0,1,0.5000771105833088,-0.7348544164774531,1,0.36389017843821203,-0.5705298937831644,1,0,1.0,0,0,1,0,0,0,0,0,0,0,0,0,0,1,0,0,0,0,0,0
0,0,1,0,0.14307697319997809,0,0,0.5133505230534289,0.28008545788694394,1,-0.40950909888830117,-0.5705298937831644,0,1,2.0,0,0,1,0,0,0,0,0,0,0,0,0,0,0,0,1,0,1,0,0
0,1,1,1,1.3642490183577978,1,1,1.326347036848275,2.0149676589902286,1,-0.4794454138356686,1.0471678523539008,0,1,3.0,0,1,1,0,0,0,0,1,0,1,0,0,0,1,0,1,0,1,0,0
0,0,1,1,-0.6710377235719016,0,1,0.8136614801898924,-0.38134441462635754,1,-0.05380641827806767,0.5079352703082123,0,0,1.0,0,0,1,0,0,0,0,1,0,1,0,0,0,1,0,0,1,0,0,1
1,0,0,1,-1.3223294809894055,2,1,-0.10054480368961842,-1.0089217498805365,1,6.468605534752708,0.5079352703082123,0,0,0.0,0,1,0,0,0,1,0,1,0,0,0,1,0,0,0,0,0,0,0,0
1,1,1,1,1.3235432835192036,0,1,0.6908824148412829,1.487105023569304,1,-0.5101271803870399,-0.031297311737476054,0,1,3.0,0,1,1,0,0,1,0,1,0,0,0,0,0,0,0,0,0,1,0,0
0,1,0,0,0.6722515261016999,1,0,1.2632983276152052,1.2579476990900207,1,-0.4225189722620373,1.5864004343995892,0,0,3.0,0,1,1,0,0,1,0,1,0,1,0,1,0,0,0,1,0,0,0,0
0,0,1,0,-0.9559778674420595,0,0,0.8899836018930819,-0.6290186162583948,1,0.3968384954420055,0.5079352703082123,1,0,1.0,0,1,1,0,0,1,0,1,0,1,0,0,0,0,0,0,0,0,0,1
1,0,1,0,-0.1418631706701798,0,1,0.6925415914000478,0.06183202907699554,1,-0.3303916392805567,-0.031297311737476054,0,1,2.0,0,1,1,0,0,0,0,1,0,1,0,0,0,0,0,0,0,1,0,0
0,1,1,0,-1.2816237461508113,0,1,0.38061639835222955,-0.9753983040400056,1,3.7393332951763467,-0.5705298937831644,1,1,0.0,0,0,1,0,0,0,0,1,0,0,0,0,0,0,0,0,0,0,1,1
0,1,0,0,-0.38609757970174374,0,1,0.9895341954189815,-0.0025163129716151275,1,-0.20510806302292875,0.5079352703082123,0,1,1.0,0,0,1,0,0,0,0,1,0,0,0,0,0,1,0,1,0,1,0,1
0,0,1,0,1.6084834273893616,2,1,0.634470411843273,1.6467363010141356,1,-0.5271560612459688,-0.031297311737476054,0,0,3.0,0,1,1,0,0,1,0,1,0,0,0,0,0,0,0,0,0,0,0,0
1,0,0,0,1.3235432835192036,2,1,-1.5058673489635668,-0.4741920735250006,1,-0.625635313784275,-1.109762475828853,0,0,3.0,0,0,0,1,1,0,1,0,1,0,1,0,1,0,1,0,1,0,0,0
1,0,1,1,-0.9559778674420595,0,1,1.250024915145085,-0.6149993218263927,1,0.5217861907981384,1.0471678523539008,1,0,1.0,0,1,1,0,0,0,0,1,0,1,0,0,0,1,0,1,1,0,0,0
0,1,1,0,-0.22327464034736777,0,1,1.3064369181430948,0.24941413767420686,1,-0.23077896049433086,1.0471678523539008,0,0,2.0,0,1,1,0,0,1,0,0,0,0,0,1,0,1,0,1,0,0,0,1
1,1,0,0,1.5677776925507676,1,1,-0.2813950485950024,0.7398042302315013,0,-0.5694588695017703,1.0471678523539008,0,1,3.0,1,0,0,0,0,1,0,1,0,0,0,0,0,1,0,1,0,1,0,0
0,0,1,1,-0.3453918448631497,2,1,-1.5008898192872717,-0.7921382627402973,1,-0.5690014317025913,-1.109762475828853,0,1,1.0,0,0,0,1,1,0,1,0,1,0,1,0,1,0,1,0,0,0,1,0
1,1,1,0,1.2828375486806096,2,0,-1.3034478087942378,-0.24507862790152957,1,-0.6143032760167539,-1.109762475828853,0,0,3.0,0,1,0,1,1,0,1,0,1,0,1,0,1,0,1,0,1,0,0,0
1,0,0,0,1.6084834273893616,2,1,-0.12377327551232817,0.9174697174151525,0,-0.5632024577977981,1.5864004343995892,0,0,3.0,1,0,0,0,0,1,0,0,0,1,0,1,0,1,0,1,1,0,0,0
1,0,1,1,1.0386031396490458,2,0,0.5830359385215584,1.1095713481610219,1,-0.4987192069992618,-0.5705298937831644,0,0,3.0,0,1,1,0,0,0,0,0,0,0,0,0,0,1,0,0,0,0,0,0
1,0,1,0,-0.6303319887333076,1,0,-0.34278458126930716,-0.5987422057479678,0,-0.31043071713456927,1.0471678523539008,0,1,1.0,1,0,0,0,0,0,0,0,0,1,0,1,0,1,0,1,0,1,0,0
1,0,0,0,-1.1188008067964355,0,1,0.5033954637008385,-0.8340425700409609,1,0.877628014439107,-0.5705298937831644,1,1,0.0,0,0,1,0,0,0,0,0,0,0,0,0,0,1,0,0,0,0,1,0
1,0,1,1,1.1607203441648277,2,1,0.10353391303847558,0.8156707719308179,1,-0.5333503827258466,1.0471678523539008,0,0,3.0,0,0,0,0,0,1,0,1,0,1,0,1,0,0,0,0,0,0,0,0
0,1,1,0,1.4863662228735797,1,0,0.7423168881629976,1.6481843032559387,1,-0.5161269230950059,0.5079352703082123,0,0,3.0,0,0,1,0,0,1,0,1,0,0,0,0,0,0,0,1,1,0,0,0
1,0,0,0,0.7129572609402939,1,0,1.6399314064548582,1.532146669060541,1,-0.4015419398258129,2.1256330164452777,0,0,3.0,0,1,1,0,0,1,0,1,0,1,0,1,0,1,0,1,1,0,0,0
0,0,1,1,0.5094285867473239,2,1,-1.3366313399695375,-0.4949687117520836,1,-0.59803656235257,-1.109762475828853,0,0,2.0,0,1,0,1,1,0,1,0,1,0,1,0,1,0,1,0,1,0,0,0
0,0,1,1,-0.9152721326034655,0,1,-1.497571466169742,-0.9225901010700072,1,-0.45246035548101843,-1.109762475828853,0,0,1.0,0,0,0,1,1,0,1,0,1,0,1,0,1,0,1,0,0,0,0,0
1,0,1,0,-0.1418631706701798,0,1,0.6477438243133932,0.07361350186257473,1,-0.335573801760765,-0.031297311737476054,0,1,2.0,0,1,1,0,0,1,0,1,0,0,0,0,0,0,0,0,0,1,0,1
0,1,1,0,1.3642490183577978,1,1,1.3611897445823398,2.0517381401608628,1,-0.47764068063360593,1.0471678523539008,0,0,3.0,0,1,1,0,0,0,0,0,0,1,0,1,0,1,0,1,1,0,0,1
0,0,1,0,-0.8338606629262776,2,1,-1.4892755833759168,-0.8928402368293266,1,-0.4821359867779377,-1.109762475828853,0,1,1.0,0,0,0,1,1,0,1,0,1,0,1,0,1,0,1,0,0,1,0,0
0,0,0,0,1.0386031396490458,2,0,-1.3465863993221274,-0.38415266139833926,1,-0.6122193004923359,-1.109762475828853,0,0,3.0,0,1,0,1,1,0,1,0,1,0,1,0,1,0,1,0,1,0,0,0
1,0,0,0,-0.9966836022806536,0,1,0.04380355692293595,-0.7691457422946976,1,0.1879525633694123,-0.031297311737476054,1,1,1.0,0,0,0,0,0,0,0,0,0,0,0,0,0,1,0,1,0,1,0,0
1,0,1,1,0.8757802002946699,2,1,-1.3565414586747175,-0.4688169136880045,1,-0.6093908920028813,-1.109762475828853,0,0,3.0,0,1,0,1,1,0,1,0,1,0,1,0,1,0,1,0,0,0,0,0
0,0,1,0,0.387311382231542,2,0,0.6444254711958629,0.5582554643084693,1,-0.4338474204745856,1.5864004343995892,0,0,2.0,0,1,0,0,0,1,0,0,0,1,0,1,0,1,0,1,1,0,0,0
1,0,0,1,0.22448844287716607,0,1,1.1388600857078308,0.6484484524304736,1,-0.3666815406376848,0.5079352703082123,0,0,2.0,0,1,1,0,0,0,0,0,0,1,0,0,0,1,0,1,0,0,0,1
1,0,0,0,-0.8338606629262776,0,1,0.6477438243133932,-0.5440033331222318,1,0.08834480591507654,-0.5705298937831644,0,1,1.0,0,1,1,0,0,0,0,0,0,0,0,0,0,1,0,0,0,1,0,1
0,0,0,0,-0.7524491932490895,0,1,0.5017362871420736,-0.5208572366812894,1,-0.0451807709253898,-0.031297311737476054,0,0,1.0,0,0,1,0,0,0,0,1,0,0,0,1,0,0,0,0,1,0,0,0
0,0,1,1,1.4456604880349857,2,0,0.7655453599857075,1.6948494664122271,1,-0.5128771934145256,2.1256330164452777,0,0,3.0,0,1,0,0,0,1,0,1,0,1,0,1,0,1,0,1,1,0,0,0
0,0,0,0,-0.9559778674420595,0,1,0.3955489873811141,-0.717763602138596,1,0.22525133776399783,-1.109762475828853,1,1,1.0,0,1,1,0,0,0,0,0,0,0,0,0,0,0,0,0,0,1,0,0
1,0,1,1,-1.0780950719578415,0,1,0.6178786462556232,-0.7993782739493125,1,0.7147600507754182,-0.031297311737476054,1,0,0.0,0,0,1,0,0,0,0,1,0,0,0,0,0,0,0,1,1,0,0,1
1,0,1,0,1.4049547531963917,1,1,0.8518225410414869,1.6484475763908117,1,-0.5063142008635751,0.5079352703082123,0,0,3.0,0,0,1,0,0,1,0,1,0,0,0,0,0,0,0,1,1,0,0,1
0,1,1,0,0.7943687306174818,1,1,1.3794406867287545,1.4578817055983702,1,-0.42834211500709307,1.0471678523539008,0,1,3.0,0,1,1,0,0,0,0,1,0,1,0,0,0,1,0,1,0,1,0,0
1,0,1,0,0.30589991255435406,0,1,0.5000771105833088,0.38148949366896856,1,-0.4350460425393971,-0.031297311737476054,0,1,2.0,0,0,1,0,0,0,0,1,0,1,0,0,0,0,0,0,0,1,0,0
0,0,0,0,-1.2816237461508113,0,1,0.16658262227154547,-0.9782284902398936,1,3.3679449840947533,-1.109762475828853,1,1,0.0,0,0,1,0,0,0,0,0,0,0,0,0,0,0,0,0,0,0,1,1
1,0,0,0,-0.9152721326034655,0,1,1.0011484313303363,-0.6293257682490804,1,0.33585648241733207,0.5079352703082123,0,0,1.0,0,0,1,0,0,0,0,0,0,0,0,1,0,1,0,1,1,0,0,0
0,0,1,0,0.387311382231542,2,0,-1.3167212212643575,-0.5226562697695901,1,-0.592124321032885,-1.109762475828853,0,1,2.0,0,1,0,1,1,0,1,0,1,0,1,0,1,0,1,0,0,1,0,0
1,1,0,0,-0.5082147842175256,0,0,0.21138038935820005,-0.39935668493727106,1,-0.26875406650009,-1.109762475828853,0,0,1.0,0,0,1,0,0,0,0,0,0,0,0,0,0,0,0,0,1,0,0,1
1,0,0,0,0.5501343215859179,2,0,-1.4925939364934466,-0.6109185882358569,1,-0.6108654639185906,-1.109762475828853,0,1,2.0,0,0,0,1,1,0,1,0,1,0,1,0,1,0,1,0,0,1,0,0
1,0,0,0,-1.0373893371192475,0,0,1.0376503156231662,-0.7282287092498089,1,0.7250421191885299,-0.031297311737476054,1,1,1.0,0,1,1,0,0,0,0,0,0,0,0,0,0,1,0,1,0,1,0,0
1,0,1,1,1.5270719577121736,2,0,-1.3200395743818876,-0.22342441255820228,1,-0.6189545584836412,-1.109762475828853,0,0,3.0,0,1,0,1,1,0,1,0,1,0,1,0,1,0,1,0,1,0,0,0
0,1,0,0,1.3642490183577978,2,1,1.2433882089100254,1.830851980002182,1,-0.4837423976501033,0.5079352703082123,0,0,3.0,0,1,1,0,0,1,0,0,0,0,0,0,0,1,0,1,0,0,0,0
1,0,1,1,-0.6710377235719016,0,1,0.858459247276547,-0.3761008913567981,1,-0.04466142566593544,-0.031297311737476054,0,0,1.0,0,1,1,0,0,0,0,0,0,1,0,0,0,1,0,0,0,0,0,0
0,0,1,1,-0.4268033145403377,2,0,-1.3167212212643575,-0.7652185846995045,1,-0.5333221178533506,-1.109762475828853,0,0,1.0,0,1,0,1,1,0,1,0,1,0,1,0,1,0,1,0,1,0,0,0
0,1,0,0,-1.2816237461508113,0,1,0.1566275629189556,-0.97836012680733,1,3.350671109160726,-1.109762475828853,1,1,0.0,0,0,1,0,0,0,0,0,0,0,0,0,0,0,0,0,0,1,0,1
0,1,1,0,-1.2002122764736234,0,1,-1.1342117998002084,-0.972568117840118,0,0.225539235679565,-0.5705298937831644,1,1,0.0,1,0,0,0,0,0,0,1,0,0,0,0,0,0,0,0,0,1,0,0
0,1,0,0,-0.8745663977648716,0,1,-0.30960105009400735,-0.7540733553232024,1,-0.1261760511716081,-0.5705298937831644,1,1,1.0,0,1,0,0,0,1,0,0,0,0,0,0,0,0,0,0,0,1,0,0
0,0,0,0,-1.2409180113122174,0,1,-1.4909347599346818,-0.9909752978533413,1,0.10798092015632162,-1.109762475828853,0,1,0.0,0,0,0,1,1,0,1,0,1,0,1,0,1,0,1,0,0,0,1,0
1,0,0,0,-0.6303319887333076,0,0,0.9596690173612115,-0.295605130369293,1,-0.05931975744546431,0.5079352703082123,0,1,1.0,0,0,1,0,0,1,0,0,0,0,0,0,0,1,0,1,0,1,0,1
0,0,0,0,-1.2816237461508113,0,1,0.17156015194784016,-0.9781626719561751,1,3.3765819215617667,-1.109762475828853,1,1,0.0,0,0,1,0,0,0,0,0,0,0,0,0,0,0,0,0,0,1,0,1
1,0,0,0,-1.2816237461508113,0,0,-1.4842980536996218,-1.0000582210064695,1,0.5033607242018422,-1.109762475828853,0,1,0.0,0,0,0,1,1,0,1,0,1,0,1,0,1,0,1,0,0,0,1,0
1,0,0,1,-1.2816237461508113,0,0,-0.6945300117274855,-0.9896150533231627,1,1.8737548023013655,-1.109762475828853,1,1,0.0,0,0,0,0,0,0,0,0,0,0,0,0,0,0,0,0,0,1,0,0
0,0,0,0,1.2828375486806096,1,0,-1.3349721634107725,-0.28810184602540456,1,-0.6159863715231464,-1.109762475828853,0,1,3.0,0,1,0,1,1,0,1,0,1,0,1,0,1,0,1,0,0,0,1,0
0,1,0,0,-1.2409180113122174,0,1,0.4519609903791239,-0.9433009210133716,1,2.355503981017024,-0.5705298937831644,1,1,0.0,0,1,1,0,0,0,0,0,0,1,0,0,0,0,0,0,0,1,0,1
1,1,1,0,-1.2816237461508113,0,1,0.5100321699358986,-0.9736870286633292,1,3.963893669318705,-0.5705298937831644,1,1,0.0,0,1,1,0,0,1,0,0,0,0,0,0,0,0,0,0,0,1,0,1
0,0,1,1,1.6084834273893616,2,1,-0.3693314062095472,0.7253680866692831,0,-0.5748761267029857,1.0471678523539008,0,0,3.0,1,0,0,0,0,1,0,0,0,1,0,0,0,1,0,1,1,0,0,0
1,0,1,0,1.6084834273893616,2,1,1.726208587510638,2.7622026340443124,1,-0.47525556030263477,2.1256330164452777,0,0,3.0,0,1,1,0,0,1,0,1,0,1,0,1,0,1,0,1,1,0,0,0
1,0,1,1,1.4049547531963917,2,0,0.0968972068034155,1.0216381211133465,1,-0.5448417160350582,1.0471678523539008,0,1,3.0,0,0,0,0,0,1,0,0,0,1,0,1,0,0,0,1,0,0,1,0
1,1,1,0,1.6084834273893616,2,1,0.2827249813850949,1.3293824763523037,1,-0.5438778031912376,0.5079352703082123,0,0,3.0,0,1,0,0,0,0,0,0,0,1,0,0,0,1,0,1,1,0,0,0
0,1,1,0,1.3235432835192036,0,1,1.455762808431944,2.0987762735915556,1,-0.46990871400023826,1.0471678523539008,0,0,3.0,0,1,1,0,0,0,0,1,0,1,0,0,0,1,0,1,0,0,0,0
0,0,0,1,1.6084834273893616,2,1,-1.4992306427285067,-0.32134007930315606,1,-0.628590778895099,-1.109762475828853,0,1,3.0,0,0,0,1,1,0,1,0,1,0,1,0,1,0,1,0,0,0,1,0
0,0,0,0,-0.5082147842175256,0,1,0.8120023036311275,-0.18788253935030963,1,-0.1694978327521853,0.5079352703082123,0,0,1.0,0,0,1,0,0,1,0,0,0,1,0,0,0,1,0,0,0,0,0,0
1,1,1,0,-1.2409180113122174,0,1,0.7273842991341125,-0.9403171588181413,1,2.6741110075779777,-0.5705298937831644,1,1,0.0,0,1,1,0,0,0,0,0,0,0,0,0,0,1,0,0,0,0,1,1
1,0,1,0,1.5270719577121736,2,1,1.1421784388253606,2.038245391998607,1,-0.49860511997614376,1.0471678523539008,0,0,3.0,0,1,1,0,0,1,0,1,0,1,0,0,0,1,0,0,1,0,0,0
1,0,1,1,1.4456604880349857,1,0,-0.6679831867872458,0.30026973156056197,0,-0.5849768453130757,0.5079352703082123,0,1,3.0,1,0,0,0,0,1,0,1,0,0,0,0,0,1,0,0,0,0,1,0
1,1,1,0,0.6722515261016999,0,1,0.7721820662207676,0.8161973182005644,1,-0.45660608546518505,0.5079352703082123,0,1,3.0,0,1,1,0,0,1,0,1,0,1,0,0,0,0,0,0,0,1,0,0
1,0,1,0,1.4456604880349857,2,1,-0.3593763468569571,0.6560614339138925,0,-0.5694553924738044,1.0471678523539008,0,0,3.0,1,0,0,0,0,1,0,0,0,1,0,0,0,1,0,1,0,0,0,0
1,0,0,0,-0.10115743583158582,1,0,-1.5008898192872717,-0.7346569616262981,1,-0.5865650619580929,-1.109762475828853,0,1,2.0,0,0,0,1,1,0,1,0,1,0,1,0,1,0,1,0,0,0,1,0
0,0,0,0,0.06166550352279012,1,0,-0.019245152310133944,-0.10806690062789381,1,-0.44801850192655424,0.5079352703082123,0,1,2.0,0,0,0,0,0,1,0,1,0,0,0,0,0,0,0,1,0,1,0,0
0,0,1,1,1.0386031396490458,1,0,1.1388600857078308,1.5565213734642251,1,-0.4660257148924864,1.0471678523539008,0,0,3.0,0,0,1,0,0,1,0,1,0,0,0,0,0,1,0,1,1,0,0,0
1,0,0,1,-0.8338606629262776,0,0,-1.456092052200617,-0.9054554078753377,1,-0.4732775893758723,-1.109762475828853,0,0,1.0,0,0,0,1,1,0,1,0,1,0,1,0,1,0,1,0,1,0,0,0
1,0,0,0,-0.5489205190561197,0,1,-0.3295111687991873,-0.5497295238057256,1,-0.34305914756551026,-0.031297311737476054,0,0,1.0,0,0,0,0,0,0,0,0,0,1,0,1,0,0,0,0,1,0,0,1
0,0,0,0,-0.3453918448631497,0,1,0.8169798333074222,-0.01754482108729814,1,-0.2472467212647705,-0.031297311737476054,0,1,1.0,0,1,1,0,0,0,0,0,0,0,0,1,0,0,0,1,0,1,0,0
1,0,1,0,-0.4268033145403377,0,1,0.9878750188602166,-0.16868553993246635,1,-0.18559150505096875,0.5079352703082123,0,0,1.0,0,0,1,0,0,0,0,0,0,1,0,0,0,1,0,1,1,0,0,1
1,1,1,0,1.0793088744876398,0,1,0.9596690173612115,1.4372147645108175,1,-0.4796187255161841,-0.031297311737476054,0,0,3.0,0,1,1,0,0,0,0,0,0,0,0,0,0,1,0,1,0,0,0,1
1,0,0,0,-0.4268033145403377,2,0,-1.3167212212643575,-0.7603480317043488,1,-0.5333221178533506,-1.109762475828853,0,1,1.0,0,1,0,1,1,0,1,0,1,0,1,0,1,0,1,0,0,0,1,0
1,0,1,0,0.9571916699718578,1,1,-0.3610355234157222,0.2898046244493492,0,-0.5505476803988009,1.0471678523539008,0,0,3.0,1,0,0,0,0,0,0,0,0,1,0,1,0,1,0,1,0,0,0,0
0,1,0,0,-0.019745966154397852,0,0,0.8634367769528422,0.26266555212949516,1,-0.34236121322474145,-0.031297311737476054,0,1,2.0,0,0,1,0,0,0,0,0,0,0,0,0,0,1,0,1,0,1,0,0
1,0,0,0,-1.2816237461508113,0,0,-1.5174815848749215,-1.0004970095645918,1,0.4457811410884169,-1.109762475828853,0,1,0.0,0,0,0,1,1,0,1,0,1,0,1,0,1,0,1,0,0,1,0,0
1,0,1,1,1.6084834273893616,1,1,1.3661672742586346,2.4349102485410143,1,-0.49237168295415984,1.0471678523539008,0,0,3.0,0,1,1,0,0,1,0,0,0,1,0,0,0,1,0,1,0,0,0,0
1,0,1,0,1.5270719577121736,2,0,0.3706613389996392,1.3009709172138957,1,-0.5363156920152182,1.0471678523539008,0,0,3.0,0,1,0,0,0,0,0,1,0,1,0,1,0,1,0,0,1,0,0,0
0,0,0,0,-0.5896262538947137,0,1,1.1587702044130104,-0.22921642152541447,1,-0.05455513112350542,0.5079352703082123,0,0,1.0,0,1,1,0,0,0,0,0,0,0,0,1,0,1,0,1,0,0,0,1
1,0,1,0,1.5270719577121736,2,0,0.47187110908430413,1.4204311021626461,1,-0.5313687137477267,1.5864004343995892,0,1,3.0,0,1,0,0,0,1,0,1,0,1,0,1,0,1,0,0,0,0,1,0
1,0,1,1,1.3642490183577978,1,1,0.3374778078243394,1.19072529198571,1,-0.5306654609037305,1.5864004343995892,0,1,3.0,0,0,0,0,0,1,0,1,0,1,0,1,0,1,0,0,0,1,0,0
0,0,1,1,0.7536629957788878,2,0,-1.0197286172454239,-0.2270005393068977,0,-0.5840075569016902,-0.031297311737476054,0,0,3.0,1,0,0,0,0,1,0,0,0,0,0,1,0,0,0,0,0,0,0,0
1,0,1,1,-1.0780950719578415,0,0,-1.4959122896109767,-0.9479959585852786,1,-0.33318836188892303,-1.109762475828853,0,0,0.0,0,0,0,1,1,0,1,0,1,0,1,0,1,0,1,0,1,0,0,0
1,1,0,0,-1.2409180113122174,0,1,0.9596690173612115,-0.9225901010700072,1,2.9428157287739625,-0.031297311737476054,1,1,0.0,0,1,1,0,0,0,0,0,0,0,0,0,0,1,0,1,0,1,0,1
1,0,0,0,1.4049547531963917,2,0,-0.4771778825292717,0.42157282845342525,1,-0.5741395627368894,-0.5705298937831644,0,0,3.0,0,0,0,0,0,0,0,0,0,0,0,1,0,0,0,0,0,0,0,0
0,0,0,0,-1.2002122764736234,0,0,-0.3178969328878323,-0.9364338800787605,1,0.9337681079746969,-0.031297311737476054,1,1,0.0,0,0,0,0,0,1,0,1,0,0,0,0,0,0,0,0,0,1,0,1
1,0,0,0,1.5677776925507676,2,1,-1.4942531130522119,-0.4143193747692358,1,-0.6279181406905396,-1.109762475828853,0,0,3.0,0,0,0,1,1,0,1,0,1,0,1,0,1,0,1,0,1,0,0,0
1,0,0,0,-0.6303319887333076,1,0,-0.29300928450635744,-0.5934109247667838,1,-0.30083411994899834,-0.031297311737476054,0,1,1.0,0,0,0,0,0,1,0,1,0,0,0,0,0,0,0,0,0,0,1,0
1,0,0,0,0.5094285867473239,0,1,1.1919537355883103,1.070936015618368,1,-0.4072729000376564,0.5079352703082123,0,0,2.0,0,1,1,0,0,0,0,1,0,0,0,0,0,1,0,1,1,0,0,1
0,0,1,1,-0.9966836022806536,1,1,-1.4992306427285067,-0.9452974089528274,1,-0.4070364621359829,-1.109762475828853,0,1,1.0,0,0,0,1,1,0,1,0,1,0,1,0,1,0,1,0,0,0,1,1
0,0,1,0,1.5677776925507676,2,0,0.6908824148412829,1.7220104781599874,1,-0.522595486578899,2.1256330164452777,0,0,3.0,0,1,0,0,0,1,0,1,0,1,0,1,0,1,0,1,1,0,0,0
0,0,1,0,1.4456604880349857,1,0,0.7141108866639929,1.5197947711494026,1,-0.5154641022210709,-0.031297311737476054,0,0,3.0,0,1,1,0,0,0,0,1,0,1,0,0,0,0,0,0,1,0,0,0
0,0,0,0,-1.2409180113122174,0,1,0.5216464058472539,-0.9456703792272312,1,2.43611539737582,-0.5705298937831644,1,1,0.0,0,0,1,0,0,0,0,0,0,0,0,0,0,1,0,0,0,1,0,1
0,0,0,0,0.18378270803857208,2,0,-1.497571466169742,-0.6520550155598068,1,-0.5997428680764116,-1.109762475828853,0,1,2.0,0,0,0,1,1,0,1,0,1,0,1,0,1,0,1,0,0,0,1,0
1,0,1,0,-0.06045170099299184,0,0,0.7871146552496526,0.16843570927276738,1,-0.34071997700152734,-0.031297311737476054,0,0,2.0,0,1,1,0,0,0,0,0,0,1,0,0,0,1,0,0,1,0,0,0
1,1,0,0,1.2828375486806096,0,1,1.2798900932028552,1.8645509412659613,1,-0.47637802846659516,1.0471678523539008,0,0,3.0,0,1,1,0,0,1,0,1,0,0,0,0,0,1,0,1,0,0,0,0
0,0,0,0,0.7943687306174818,2,1,0.5316014651998437,0.8488870657806632,1,-0.48385752438626356,1.0471678523539008,0,0,3.0,0,1,0,0,0,0,0,0,0,1,0,1,0,1,0,1,0,0,0,0
1,1,0,0,0.8757802002946699,1,0,0.010620025747636104,0.5399799208626824,1,-0.5231262074838586,0.5079352703082123,0,0,3.0,0,0,0,0,0,0,0,0,0,1,0,1,0,0,0,1,0,0,0,0
0,1,1,0,0.387311382231542,0,1,0.30595345320780487,0.4081020197190759,1,-0.4611642459516525,-0.5705298937831644,0,0,2.0,0,0,1,0,0,1,0,0,0,0,0,0,0,0,0,0,1,0,0,1
1,0,0,0,-0.22327464034736777,0,1,-1.5108448786398618,-0.7764515717874312,1,-0.5799580038036031,-1.109762475828853,0,1,2.0,0,0,0,1,1,0,1,0,1,0,1,0,1,0,1,0,0,1,0,0
0,1,0,0,-1.1188008067964355,0,0,0.5233055824060188,-0.8444637982963615,1,0.8891439310617922,-0.031297311737476054,1,1,0.0,0,0,1,0,0,1,0,1,0,0,0,0,0,0,0,0,0,1,0,0
1,0,1,0,1.5677776925507676,2,0,0.6394479415195682,1.6048758725692842,1,-0.5250746075185049,1.5864004343995892,0,0,3.0,0,1,0,0,0,0,0,1,0,1,0,1,0,1,0,1,1,0,0,0
1,0,0,0,-1.0373893371192475,0,1,0.8103431270723621,-0.7316731994310676,1,0.6264370831067889,-0.031297311737476054,1,0,1.0,0,1,1,0,0,0,0,0,0,1,0,0,0,1,0,0,1,0,0,1
0,0,0,0,-1.1595065416350294,0,1,-1.1873054496806883,-0.9606330690591959,0,0.011631084413189852,-0.5705298937831644,1,1,0.0,1,0,0,0,0,1,0,0,0,0,0,0,0,0,0,0,0,0,1,0
1,0,0,0,-0.9559778674420595,0,0,-0.1669118660402181,-0.7709228359550923,1,0.03005655100948598,-0.5705298937831644,1,1,1.0,0,1,0,0,0,0,0,0,0,0,0,0,0,0,0,1,0,0,1,0
0,0,1,1,1.6084834273893616,2,1,1.4507852787556494,2.381312226166396,1,-0.48834899975034524,2.1256330164452777,0,0,3.0,0,0,1,0,0,1,0,1,0,1,0,1,0,1,0,1,0,0,0,0
0,0,1,0,1.2014260790034217,2,1,0.6643355899010431,1.2510806581554095,1,-0.5044647726104454,1.5864004343995892,0,1,3.0,0,1,0,0,0,1,0,1,0,0,0,1,0,1,0,1,0,1,0,0
1,0,1,1,1.5677776925507676,2,0,-1.3615189883510124,-0.29527603895070137,1,-0.6215204092334923,-1.109762475828853,0,0,3.0,0,1,0,1,1,0,1,0,1,0,1,0,1,0,1,0,1,0,0,0
1,0,0,0,-0.7524491932490895,0,1,0.8302532457775423,-0.4918533129894164,1,0.030824278784331666,-0.031297311737476054,0,1,1.0,0,1,1,0,0,0,0,0,0,0,0,1,0,1,0,0,0,1,0,1
0,0,1,0,-1.2409180113122174,0,1,0.17985603474166512,-0.9561574257663502,1,2.040735593330299,-1.109762475828853,1,1,0.0,0,0,1,0,0,0,0,0,0,0,0,0,0,0,0,0,0,1,0,0
0,0,0,0,0.631545791263106,0,1,1.2915043291142099,1.1613483980194335,1,-0.41567992790040187,1.0471678523539008,0,1,2.0,0,1,1,0,0,0,0,0,0,1,0,1,0,1,0,1,0,1,0,0
0,0,0,0,1.6084834273893616,2,1,1.5868377565743785,2.5858973913908403,1,-0.4818811561677413,2.1256330164452777,0,0,3.0,0,1,1,0,0,1,0,1,0,1,0,1,0,1,0,1,1,0,0,0
1,0,1,1,-0.5489205190561197,0,1,-0.994840968863949,-0.7411729717144117,0,-0.4585062117079281,-0.031297311737476054,0,1,1.0,1,0,0,0,0,1,0,1,0,0,0,0,0,0,0,0,0,0,1,0
0,0,1,0,-0.5896262538947137,0,1,-0.48547376532309666,-0.6101726476870493,1,-0.3548781146256344,-0.5705298937831644,0,1,1.0,0,0,0,0,0,0,0,0,0,0,0,1,0,0,0,0,0,0,1,0
0,0,0,0,0.8757802002946699,2,0,0.5199872292884885,0.8778471106167239,1,-0.49098633109145573,1.5864004343995892,0,1,3.0,0,0,0,0,0,1,0,0,0,1,0,1,0,1,0,1,0,1,0,0
0,0,0,0,0.020959768684196134,0,0,1.4142833944628193,0.5906819387536949,1,-0.29547131563941464,1.0471678523539008,0,1,2.0,0,1,1,0,0,0,0,1,0,1,0,0,0,1,0,1,0,1,0,0
1,0,0,0,-1.0780950719578415,0,0,0.45527934349665417,-0.7968552397401103,1,0.6341486344166227,1.5864004343995892,0,0,0.0,0,0,0,0,0,1,0,0,0,1,0,1,0,1,0,1,1,0,0,0
0,0,1,0,0.9978974048104517,0,1,-0.49874717779321653,0.21196353423848296,0,-0.5606702616769385,1.0471678523539008,0,0,3.0,1,0,0,0,0,1,0,0,0,1,0,1,0,0,0,1,0,0,0,0
1,0,0,0,-0.6303319887333076,1,1,-1.4743429943470319,-0.8484128953194607,1,-0.5285933598198809,-1.109762475828853,0,1,1.0,0,0,0,1,1,0,1,0,1,0,1,0,1,0,1,0,0,0,1,0
0,0,0,0,-1.2816237461508113,0,1,0.3109309828840996,-0.9763197600120621,1,3.6184161706381532,-0.5705298937831644,1,0,0.0,0,0,1,0,0,0,0,1,0,0,0,0,0,0,0,0,1,0,0,1
0,0,1,1,-1.2816237461508113,2,0,-1.4793205240233267,-0.9999924027227513,1,0.5119976616688562,-1.109762475828853,0,1,0.0,0,0,0,1,1,0,1,0,1,0,1,0,1,0,1,0,0,0,1,0
1,0,0,1,0.9978974048104517,2,1,-1.5042081724048018,-0.4952978031706752,1,-0.6208309985161381,-1.109762475828853,0,1,3.0,0,0,0,1,1,0,1,0,1,0,1,0,1,0,1,0,0,0,1,0
1,0,0,0,-1.2816237461508113,0,0,-1.5008898192872717,-1.0002776152855306,1,0.47457093264512956,-1.109762475828853,0,1,0.0,0,0,0,1,1,0,1,0,1,0,1,0,1,0,1,0,0,0,1,1
0,0,1,1,0.26519417771576004,1,1,0.8169798333074222,0.5156271558869041,1,-0.4019342712989877,0.5079352703082123,0,1,2.0,0,1,1,0,0,0,0,1,0,1,0,1,0,0,0,0,0,1,0,1
1,0,0,0,0.020959768684196134,0,0,0.11017061927353564,-0.05624597191367008,1,-0.42858176366045087,-1.109762475828853,0,1,2.0,0,0,1,0,0,0,0,0,0,0,0,0,0,0,0,0,0,1,0,1
1,0,1,1,1.1200146093262338,1,1,1.0111034906829266,1.5413173499252935,1,-0.4796454701312914,0.5079352703082123,0,0,3.0,0,1,1,0,0,1,0,0,0,1,0,0,0,1,0,0,0,0,0,0
1,1,1,0,-0.3453918448631497,0,1,0.9364405455385019,-0.02996253728215435,1,-0.23066380132810396,0.5079352703082123,0,1,1.0,0,0,1,0,0,0,0,0,0,1,0,0,0,1,0,1,0,1,0,1
1,0,0,0,0.020959768684196134,1,0,0.5033954637008385,0.1333765034788092,1,-0.38844540719609266,-0.5705298937831644,0,0,2.0,0,1,1,0,0,1,0,0,0,0,0,0,0,0,0,0,0,0,0,0
0,1,1,0,1.5270719577121736,1,1,1.3479163321122196,2.1483155018035442,1,-0.4885489674323907,1.0471678523539008,0,0,3.0,0,1,1,0,0,0,0,1,0,0,0,1,0,1,0,1,0,0,0,0
1,0,1,0,0.14307697319997809,0,1,0.9978300782128064,0.5006205871991273,1,-0.36406791437716546,-0.031297311737476054,0,0,2.0,0,1,1,0,0,0,0,0,0,0,0,0,0,1,0,1,0,0,0,0
0,0,1,0,1.6084834273893616,1,1,1.4458077490793544,2.503054111617382,1,-0.48858562817409906,1.5864004343995892,0,0,3.0,0,1,1,0,0,0,0,1,0,1,0,1,0,1,0,1,0,0,0,0
0,1,0,0,-1.2816237461508113,0,1,0.473530285643069,-0.9741696960772638,1,3.9005561278939376,-0.5705298937831644,1,1,0.0,0,0,1,0,0,0,0,0,0,0,0,0,0,1,0,0,0,1,0,1
1,0,0,0,-1.2002122764736234,0,1,-0.49045129499939155,-0.9383426103065917,1,0.7840611918797908,-0.5705298937831644,1,1,0.0,0,0,0,0,0,1,0,0,0,0,0,0,0,0,0,0,0,0,1,0
0,0,1,1,-1.2816237461508113,0,0,-1.4909347599346818,-1.000145978718094,1,0.4918448075791572,-1.109762475828853,0,1,0.0,0,0,0,1,1,0,1,0,1,0,1,0,1,0,1,0,0,1,0,0
0,1,1,0,0.9571916699718578,0,1,0.3955489873811141,0.8672284275101684,1,-0.5044840139080607,-0.5705298937831644,0,0,3.0,0,1,1,0,0,0,0,0,0,0,0,1,0,0,0,0,0,0,0,0
1,0,1,0,1.3642490183577978,1,0,1.0077851375653963,1.743774390642845,1,-0.49594583168309786,0.5079352703082123,0,1,3.0,0,1,1,0,0,0,0,1,0,1,0,0,0,0,0,1,0,1,0,0
1,1,0,0,0.9978974048104517,0,1,1.326347036848275,1.5860518434258446,1,-0.4514676040480283,1.0471678523539008,0,0,3.0,0,1,1,0,0,0,0,1,0,0,0,1,0,1,0,1,0,0,0,0
0,1,0,0,1.2014260790034217,1,0,0.6477438243133932,1.1670965281308332,1,-0.5053787342471664,-0.5705298937831644,0,1,3.0,0,1,1,0,0,0,0,0,0,0,0,0,0,1,0,0,0,1,0,0
1,0,0,0,-1.0373893371192475,0,1,-1.5108448786398618,-0.934920059553239,1,-0.38048587658923677,-1.109762475828853,0,1,1.0,0,0,0,1,1,0,1,0,1,0,1,0,1,0,1,0,0,0,1,0
0,0,0,0,-0.3453918448631497,0,1,-0.3577171702981922,-0.4647142406695626,0,-0.4103121006419911,1.0471678523539008,0,0,1.0,1,0,0,0,0,0,0,1,0,1,0,0,0,1,0,1,1,0,0,1
1,0,1,0,1.1200146093262338,2,0,-1.4925939364934466,-0.4568599254791764,1,-0.6220841437676173,-1.109762475828853,0,1,3.0,0,0,0,1,1,0,1,0,1,0,1,0,1,0,1,0,0,0,1,0
0,0,1,1,1.2421318138420157,2,0,-0.045791977250373726,0.7524632801333248,1,-0.5453974013500315,1.0471678523539008,0,1,3.0,0,0,0,0,0,1,0,1,0,1,0,1,0,0,0,0,0,0,1,0
0,0,1,0,0.9164859351332638,0,1,1.2848676228791502,1.4819273185834627,1,-0.44659957648554477,1.0471678523539008,0,0,3.0,0,1,1,0,0,0,0,1,0,1,0,0,0,1,0,1,1,0,0,0
1,0,1,1,1.4456604880349857,2,1,1.5022197520773641,2.2677318078964825,1,-0.4758259834111041,1.5864004343995892,0,1,3.0,0,1,1,0,0,1,0,1,0,1,0,0,0,1,0,1,0,1,0,0
1,1,1,0,-0.38609757970174374,1,1,-1.466047111553207,-0.7960215414796782,1,-0.5601821588890518,-1.109762475828853,0,1,1.0,0,0,0,1,1,0,1,0,1,0,1,0,1,0,1,0,0,1,0,0
1,0,0,1,-0.1825689055087738,0,1,0.33084110158927976,-0.10126567797700077,1,-0.36231852536551806,-0.5705298937831644,0,0,2.0,0,0,1,0,0,1,0,0,0,0,0,0,0,0,0,0,0,0,0,1
0,0,1,0,1.5677776925507676,2,1,0.6460846477546283,1.6103387901179047,1,-0.5247547209456525,2.1256330164452777,0,0,3.0,0,0,0,0,0,1,0,1,0,1,0,1,0,1,0,1,1,0,0,0
1,1,0,0,1.2828375486806096,2,1,-1.4892755833759168,-0.4832311178223166,1,-0.6242246811070672,-1.109762475828853,0,0,3.0,0,0,0,1,1,0,1,0,1,0,1,0,1,0,1,0,0,0,0,0
0,0,0,0,-0.5896262538947137,0,0,0.427073341997649,-0.41278361481580833,1,-0.18820037403414003,-0.031297311737476054,0,1,1.0,0,0,1,0,0,0,0,1,0,1,0,0,0,0,0,0,0,1,0,0
0,0,0,0,-1.0780950719578415,0,1,0.8236165395424823,-0.7664252532343404,1,0.8167581694334859,-0.031297311737476054,1,1,0.0,0,1,1,0,0,0,0,1,0,0,0,0,0,1,0,0,0,1,0,0
1,1,0,0,-0.9559778674420595,0,1,0.667653943018573,-0.6813660912423651,1,0.3196818540700153,-0.5705298937831644,1,1,1.0,0,1,1,0,0,0,0,0,0,0,0,0,0,0,0,1,0,1,0,1
0,0,0,0,-0.5896262538947137,0,1,0.8352307754538371,-0.3012655027690685,1,-0.11364996642412621,-0.031297311737476054,0,1,1.0,0,1,1,0,0,0,0,0,0,0,0,1,0,0,0,1,0,1,0,1
0,0,0,0,1.0793088744876398,1,0,0.4950995809070136,1.0911641681477986,1,-0.5064891976357825,1.5864004343995892,0,0,3.0,0,1,0,0,0,1,0,1,0,1,0,1,0,0,0,1,1,0,0,0
1,0,0,0,-1.2816237461508113,0,1,-1.4842980536996218,-1.0000582210064695,1,0.5033607242018422,-1.109762475828853,0,1,0.0,0,0,0,1,1,0,1,0,1,0,1,0,1,0,1,0,0,0,1,1
0,0,1,1,1.5677776925507676,2,0,1.1786803231181906,2.1326726897064905,1,-0.49908382347425034,1.0471678523539008,0,1,3.0,0,1,1,0,0,1,0,0,0,1,0,1,0,0,0,1,0,1,0,0
0,0,0,0,-0.8338606629262776,0,0,0.4370284013502389,-0.5932573487714411,1,0.032093982411961,-0.5705298937831644,0,0,1.0,0,0,1,0,0,0,0,0,0,0,0,0,0,0,0,1,0,0,0,1
1,0,1,0,-0.6303319887333076,1,1,1.0525829046520514,-0.31201582244306075,1,-0.04140610936573194,0.5079352703082123,0,0,1.0,0,0,1,0,0,0,0,0,0,1,0,0,0,1,0,1,0,0,0,0
1,1,1,0,0.22448844287716607,0,1,-1.3299946337344775,-0.5895495854553091,0,-0.5863697962089076,-1.109762475828853,0,1,2.0,1,0,0,0,0,0,0,0,0,0,0,0,0,0,0,0,0,1,0,0
1,0,1,1,-0.4268033145403377,1,0,-1.4859572302583868,-0.8246744343250534,1,-0.558857411234087,-1.109762475828853,0,1,1.0,0,0,0,1,1,0,1,0,1,0,1,0,1,0,1,0,0,0,1,0
0,0,0,0,-1.0373893371192475,0,0,-1.5141632317573919,-0.9453193483807336,1,-0.3819253661670724,-1.109762475828853,0,1,1.0,0,0,0,1,1,0,1,0,1,0,1,0,1,0,1,0,0,0,1,0
0,0,1,1,1.5677776925507676,2,0,0.20474368312314,1.2837265268796958,1,-0.5460271780403346,1.0471678523539008,0,1,3.0,0,1,0,0,0,1,0,1,0,1,0,1,0,0,0,0,0,0,1,0
0,0,0,0,0.428017117070136,0,1,0.8866652487755522,0.7260920877901847,1,-0.41987554594637544,0.5079352703082123,0,1,2.0,0,0,1,0,0,0,0,1,0,1,0,0,0,1,0,0,0,1,0,0
1,0,0,0,-0.6303319887333076,0,0,-1.3216987509406526,-0.8409534898313845,0,-0.4991637951174634,-1.109762475828853,0,0,1.0,1,0,0,0,0,0,0,0,0,0,0,0,0,0,0,0,1,0,0,0
0,1,1,0,-1.0780950719578415,0,1,0.6444254711958629,-0.8005410636283361,1,0.727921098344201,-0.5705298937831644,1,1,0.0,0,1,1,0,0,0,0,0,0,0,0,0,0,0,0,1,0,1,0,1
0,0,0,0,-0.9559778674420595,0,1,0.7788187724558276,-0.6628930929454234,1,0.3582601747560104,-0.031297311737476054,1,1,1.0,0,0,1,0,0,0,0,0,0,0,0,0,0,1,0,1,0,0,1,0
1,0,0,0,1.2828375486806096,1,1,1.3512346852297499,2.0200795456923513,1,-0.47256891758370695,1.0471678523539008,0,0,3.0,0,1,1,0,0,0,0,1,0,0,0,1,0,1,0,1,1,0,0,1
1,0,1,0,1.6084834273893616,2,1,0.4785078153193637,1.5155385221356181,1,-0.534570418523588,1.5864004343995892,0,0,3.0,0,0,0,0,0,1,0,1,0,0,0,1,0,1,0,1,0,0,0,0
0,0,1,0,-0.1825689055087738,0,0,0.8285940692187774,0.05887020630967115,1,-0.30275343938611254,0.5079352703082123,0,0,2.0,0,0,1,0,0,0,0,1,0,1,0,0,0,0,0,1,1,0,0,0
1,0,0,0,-1.1188008067964355,0,1,0.5199872292884885,-0.8265831645528847,1,0.8872246116246777,-0.5705298937831644,1,1,0.0,0,0,1,0,0,0,0,0,0,0,0,0,0,1,0,0,0,1,0,1
1,0,0,0,1.6084834273893616,2,0,0.642766294637098,1.6225371120337002,1,-0.5267616805397125,1.5864004343995892,0,0,3.0,0,1,0,0,0,1,0,0,0,1,0,1,0,1,0,1,1,0,0,0
0,0,0,0,-1.2816237461508113,0,0,-1.5058673489635668,-1.0003434335692487,1,0.46593399517811585,-1.109762475828853,0,1,0.0,0,0,0,1,1,0,1,0,1,0,1,0,1,0,1,0,0,0,1,0
1,1,1,0,0.7536629957788878,0,1,-1.1773503903280982,-0.36857566758500354,0,-0.5945269038166429,-0.5705298937831644,0,0,3.0,1,0,0,0,0,0,0,1,0,0,0,0,0,0,0,0,1,0,0,0
1,0,0,0,0.1023712383613841,0,0,1.0144218438004564,0.49094529949253424,1,-0.354255177615343,0.5079352703082123,0,1,2.0,0,1,1,0,0,0,0,0,0,1,0,1,0,1,0,0,0,1,0,0
0,0,0,0,-1.2409180113122174,0,1,0.5067138168183688,-0.9448366809667991,1,2.418841522441792,-0.5705298937831644,1,1,0.0,0,0,1,0,0,0,0,0,0,0,0,0,0,1,0,0,0,1,0,1
0,0,0,0,-0.9152721326034655,0,0,-0.6530505977583607,-0.8208130950135786,1,-0.1860239208925321,-1.109762475828853,1,1,1.0,0,0,0,0,0,0,0,0,0,0,0,0,0,0,0,0,0,0,1,0
1,0,1,1,-0.10115743583158582,0,0,0.5681033494926734,0.11885260220496649,1,-0.3549465453695723,-0.031297311737476054,0,0,2.0,0,0,1,0,0,0,0,1,0,1,0,0,0,0,0,0,0,0,0,0
0,0,1,1,0.428017117070136,0,0,-0.4887921184406264,-0.05701385189038381,1,-0.5283607150396246,-0.5705298937831644,0,1,2.0,0,0,0,0,0,0,0,1,0,0,0,0,0,0,0,0,0,0,1,0
0,0,0,0,0.1023712383613841,0,1,1.1720436168831305,0.5389487677510955,1,-0.33906056540485574,0.5079352703082123,0,1,2.0,0,1,1,0,0,0,0,0,0,1,0,0,0,1,0,1,0,1,0,1
0,0,0,0,-0.22327464034736777,1,0,-1.5191407614336867,-0.7889351062660058,1,-0.5809862106449143,-1.109762475828853,0,1,2.0,0,0,0,1,1,0,1,0,1,0,1,0,1,0,1,0,0,0,1,0
0,0,0,0,0.8350744654560759,0,0,0.858459247276547,1.1504445023500982,1,-0.4661088492560526,0.5079352703082123,0,1,3.0,0,1,1,0,0,1,0,1,0,1,0,0,0,0,0,0,0,1,0,0
1,1,1,0,-0.22327464034736777,0,1,0.18649274097672516,-0.15596067174692452,1,-0.36958688407133844,-1.109762475828853,0,1,2.0,0,0,1,0,0,0,0,0,0,0,0,0,0,0,0,0,0,1,0,0
0,0,1,0,1.6084834273893616,1,1,1.4706953974608292,2.549565698778328,1,-0.48740248605533,1.5864004343995892,0,1,3.0,0,1,1,0,0,0,0,1,0,1,0,1,0,1,0,1,0,1,0,1
1,0,0,0,-1.2002122764736234,0,0,-1.3333129868520075,-0.9795448559142599,0,0.052800486339288966,-1.109762475828853,1,1,0.0,1,0,0,0,0,0,0,0,0,0,0,0,0,0,0,0,0,1,0,1
0,0,0,0,0.5094285867473239,0,1,0.7406577116042327,0.7206511096694702,1,-0.4413199578786383,-0.031297311737476054,0,1,2.0,0,1,1,0,0,0,0,0,0,1,0,1,0,0,0,0,0,1,0,1
0,0,1,1,1.4049547531963917,2,0,0.9679649001550363,1.7566747742516358,1,-0.500386890837193,0.5079352703082123,0,0,3.0,0,1,1,0,0,0,0,1,0,0,0,1,0,1,0,0,1,0,0,0
0,0,1,0,0.6722515261016999,0,0,1.1438376153841259,1.1959907546831756,1,-0.43081043223037047,1.0471678523539008,0,1,3.0,0,0,1,0,0,0,0,1,0,1,0,0,0,1,0,1,0,1,0,0
1,0,0,0,-1.2409180113122174,0,1,-1.5025489958460367,-0.9952315468671261,1,0.09454568409652232,-1.109762475828853,0,1,0.0,0,0,0,1,1,0,1,0,1,0,1,0,1,0,1,0,0,1,0,0
1,0,0,0,-1.2816237461508113,0,1,-0.6580281274346557,-0.9891323859092285,1,1.9370923437261334,-1.109762475828853,1,0,0.0,0,0,0,0,0,0,0,0,0,0,0,0,0,0,0,0,0,0,0,1
1,0,0,1,0.22448844287716607,0,1,0.5614666432576133,0.3696202631717648,1,-0.41806024556966437,-0.5705298937831644,0,1,2.0,0,1,1,0,0,0,0,1,0,0,0,0,0,0,0,0,0,0,1,0
0,0,0,0,-1.2002122764736234,0,1,1.0011484313303363,-0.8740381471137932,1,2.078162322354025,0.5079352703082123,1,1,0.0,0,0,1,0,0,0,0,1,0,0,0,0,0,1,0,1,0,1,0,1
1,0,0,0,-0.7931549280876836,0,1,-0.6430955384057709,-0.7469649806816239,0,-0.2850682817155605,0.5079352703082123,0,0,1.0,1,0,0,0,0,1,0,0,0,0,0,1,0,1,0,0,1,0,0,1
0,0,1,0,-0.30468611002455576,0,1,1.0028076078891015,0.04228399881265449,1,-0.23830859828608644,0.5079352703082123,0,1,2.0,0,0,1,0,0,0,0,0,0,0,0,1,0,1,0,1,0,1,0,0
0,0,1,0,0.7129572609402939,1,1,1.309755271260625,1.2872148959167666,1,-0.4240092673543847,1.0471678523539008,0,1,3.0,0,1,1,0,0,1,0,0,0,1,0,0,0,1,0,1,0,0,1,0
1,0,1,1,-1.2409180113122174,2,0,-0.180185278510338,-0.9516598430455984,1,1.6242432754765221,0.5079352703082123,0,1,0.0,0,0,0,0,0,1,0,1,0,0,0,1,0,0,0,0,0,0,1,0
1,1,0,0,-0.6710377235719016,0,1,0.7190884163402875,-0.4468336069260857,1,-0.07311251379256914,-0.5705298937831644,0,1,1.0,0,1,1,0,0,0,0,0,0,0,0,0,0,1,0,0,0,1,0,1
0,1,1,0,1.1200146093262338,2,1,1.495583045842304,1.9170739316731809,1,-0.45208278444420913,2.1256330164452777,0,0,3.0,0,0,1,0,0,1,0,1,0,1,0,1,0,1,0,1,0,0,0,0
1,0,1,1,1.4456604880349857,1,0,1.3545530383472797,2.204107466968773,1,-0.48325291514602414,1.5864004343995892,0,0,3.0,0,0,1,0,0,0,0,1,0,1,0,1,0,1,0,1,1,0,0,0
0,1,0,0,0.428017117070136,0,1,-1.044616265626899,-0.35062921555780835,0,-0.5721997158191643,-0.031297311737476054,0,0,2.0,1,0,0,0,0,1,0,1,0,0,0,0,0,0,0,0,1,0,0,0
1,0,1,1,-0.6303319887333076,0,1,0.05873614595182097,-0.5363245333550946,1,-0.23301816650429738,0.5079352703082123,0,1,1.0,0,1,0,0,0,0,0,1,0,1,0,1,0,0,0,0,0,0,1,0
0,0,1,0,0.9571916699718578,2,0,0.5100321699358986,0.9716162254874234,1,-0.4975138538469618,-0.031297311737476054,0,0,3.0,0,0,1,0,0,1,0,0,0,1,0,0,0,0,0,0,0,0,0,0
0,0,1,1,-1.2816237461508113,0,0,-0.8239457833111549,-0.991326328699839,0,1.6491944281590065,-0.031297311737476054,0,1,0.0,1,0,0,0,0,0,0,0,0,0,0,1,0,1,0,0,0,1,0,1
0,0,1,1,1.6084834273893616,2,1,1.7859389436261777,2.7964500810057453,1,-0.47241601921758913,2.1256330164452777,0,0,3.0,0,1,1,0,0,1,0,1,0,1,0,1,0,1,0,1,0,0,0,0
0,0,0,0,-0.7117434584104956,0,0,-1.4942531130522119,-0.8683119564302993,1,-0.5165176416947042,-1.109762475828853,0,1,1.0,0,0,0,1,1,0,1,0,1,0,1,0,1,0,1,0,0,0,1,0
1,0,0,1,-0.10115743583158582,1,0,-1.3134028681468275,-0.6915459857907986,1,-0.565576375210296,-1.109762475828853,0,0,2.0,0,1,0,1,1,0,1,0,1,0,1,0,1,0,1,0,0,0,0,0
0,0,1,1,-0.4268033145403377,0,0,-0.8538109613689248,-0.6359953543325367,0,-0.46347558007663026,-0.031297311737476054,0,1,1.0,1,0,0,0,0,0,0,1,0,0,0,0,0,1,0,0,0,1,0,0
0,0,0,0,0.631545791263106,2,1,1.2467065620275553,1.1430070362899283,1,-0.41885268043930485,1.5864004343995892,0,0,2.0,0,0,1,0,0,1,0,0,0,1,0,1,0,1,0,1,1,0,0,0
0,1,1,0,-1.1188008067964355,0,1,0.14667250356636527,-0.8590315784260164,1,0.6713011749493327,-1.109762475828853,1,1,0.0,0,0,1,0,0,0,0,0,0,0,0,0,0,0,0,0,0,1,0,0
0,0,0,1,-0.5489205190561197,2,0,-1.4743429943470319,-0.8340425700409609,1,-0.5417087093068278,-1.109762475828853,0,1,1.0,0,0,0,1,1,0,1,0,1,0,1,0,1,0,1,0,0,0,1,0
0,0,0,0,-0.1825689055087738,1,0,-0.3527396406218973,-0.3304230024562842,1,-0.4441212434439017,-0.031297311737476054,0,1,2.0,0,0,0,0,0,1,0,0,0,0,0,1,0,0,0,0,0,0,1,0
1,0,0,0,0.8757802002946699,2,1,0.012279202306401001,0.5324985759467002,1,-0.5230215173327433,0.5079352703082123,0,0,3.0,0,0,0,0,0,1,0,1,0,0,0,0,0,1,0,0,0,0,0,0
1,1,0,0,-0.3453918448631497,0,0,0.16824179883031035,-0.24867669407813106,1,-0.33730118925416774,-1.109762475828853,0,0,1.0,0,0,1,0,0,0,0,0,0,0,0,0,0,0,0,0,1,0,0,0
1,0,0,1,0.26519417771576004,1,0,-1.5125040551986266,-0.6670177053917714,1,-0.6040386080271107,-1.109762475828853,0,0,2.0,0,0,0,1,1,0,1,0,1,0,1,0,1,0,1,0,0,0,0,0
0,0,1,1,-0.1825689055087738,0,1,-1.5058673489635668,-0.7703085319737213,1,-0.5821136926295245,-1.109762475828853,0,0,2.0,0,0,0,1,1,0,1,0,1,0,1,0,1,0,1,0,0,0,0,0
0,1,0,0,-0.5896262538947137,0,1,0.2860433345026247,-0.41241064454140447,1,-0.2139596612164619,-0.5705298937831644,0,1,1.0,0,0,1,0,0,0,0,1,0,0,0,0,0,0,0,0,0,1,0,0
1,0,1,0,0.020959768684196134,0,1,0.9430772517735615,0.34781247183309494,1,-0.34356720271062874,0.5079352703082123,0,1,2.0,0,1,1,0,0,0,0,1,0,1,0,0,0,0,0,1,0,1,0,0
0,0,0,0,0.428017117070136,1,0,0.6693131195773377,0.5980316471022405,1,-0.437018558191509,1.5864004343995892,0,0,2.0,0,1,0,0,0,0,0,1,0,1,0,1,0,1,0,1,1,0,0,0
0,0,1,1,1.5677776925507676,2,0,0.4187774592038241,1.437039249087569,1,-0.5357108360658459,1.0471678523539008,0,0,3.0,0,0,0,0,0,1,0,0,0,1,0,0,0,1,0,1,1,0,0,0
0,0,1,0,-0.8745663977648716,0,1,-0.6928708351687206,-0.7966797243168614,1,-0.23701674866495198,-1.109762475828853,1,1,1.0,0,0,0,0,0,0,0,0,0,0,0,0,0,0,0,0,0,1,0,1
1,0,0,0,-0.6710377235719016,0,1,-0.5136797668221014,-0.6583296919409533,1,-0.3247691623412457,-0.5705298937831644,0,1,1.0,0,0,0,0,0,0,0,0,0,0,0,1,0,0,0,0,0,0,1,0
0,0,0,0,-1.2002122764736234,0,0,0.3706613389996392,-0.8958898173082754,1,1.5311562827764844,-1.109762475828853,1,1,0.0,0,1,1,0,0,0,0,0,0,0,0,0,0,0,0,0,0,1,0,0
1,0,1,0,1.2421318138420157,2,0,0.07698708809823579,0.8489748234922876,1,-0.5387397620525417,0.5079352703082123,0,1,3.0,0,1,0,0,0,0,0,1,0,0,0,1,0,0,0,1,0,0,1,0
0,0,1,1,-0.5896262538947137,0,1,-1.4826388771408567,-0.8325506889433456,1,-0.537011427526522,-1.109762475828853,0,1,1.0,0,0,0,1,1,0,1,0,1,0,1,0,1,0,1,0,0,0,1,0
0,0,1,1,1.2828375486806096,1,1,1.543699166046489,2.1797327625650893,1,-0.4622931765973111,1.5864004343995892,0,1,3.0,0,1,1,0,0,0,0,1,0,1,0,1,0,1,0,1,0,1,0,0
1,0,0,0,0.8350744654560759,1,0,-0.33282952191671733,0.32751850101994634,0,-0.5426683690253848,1.0471678523539008,0,0,3.0,1,0,0,0,0,0,0,0,0,1,0,1,0,1,0,1,1,0,0,0
0,0,0,0,0.590840056424512,2,0,-1.4859572302583868,-0.5498611603731622,1,-0.6114039963670364,-1.109762475828853,0,1,2.0,0,0,0,1,1,0,1,0,1,0,1,0,1,0,1,0,0,0,1,0
1,0,1,1,-0.3453918448631497,0,1,0.1781968581829002,-0.2601510148730247,1,-0.33591927925944554,1.0471678523539008,0,0,1.0,0,0,0,0,0,1,0,1,0,0,0,1,0,0,0,1,1,0,0,0
1,1,1,1,-0.4268033145403377,0,0,-0.82560495986992,-0.6227000610214362,0,-0.4592196978465075,-0.031297311737476054,0,1,1.0,1,0,0,0,0,1,0,0,0,0,0,0,0,0,0,1,0,0,1,1
1,0,1,1,-1.2816237461508113,0,0,-1.4942531130522119,-1.000189857573906,1,0.4860868492678146,-1.109762475828853,0,1,0.0,0,0,0,1,1,0,1,0,1,0,1,0,1,0,1,0,0,0,1,1
0,0,0,0,-0.8338606629262776,0,1,1.127245849796476,-0.5170617156535329,1,0.21634864837492215,1.0471678523539008,0,0,1.0,0,0,1,0,0,1,0,0,0,0,0,1,0,1,0,1,0,0,0,1
1,0,0,0,0.428017117070136,0,1,0.34079616094186965,0.3945873321289141,1,-0.46292937059255035,-0.5705298937831644,0,1,2.0,0,0,1,0,0,1,0,0,0,0,0,0,0,0,0,0,0,1,0,1
1,0,0,0,-0.5082147842175256,0,1,0.7887738318084175,-0.2360176441763075,1,-0.17333647162641366,-0.031297311737476054,0,1,1.0,0,1,1,0,0,0,0,0,0,1,0,0,0,1,0,0,0,1,0,1
1,1,0,0,-0.3453918448631497,0,1,1.2052271480584305,0.06178815022118336,1,-0.1933522314706044,0.5079352703082123,0,1,1.0,0,1,1,0,0,0,0,1,0,0,0,0,0,1,0,1,0,1,0,1
0,0,0,1,0.631545791263106,1,0,-1.4925939364934466,-0.5979085074875357,1,-0.6128606227255604,-1.109762475828853,0,1,2.0,0,0,0,1,1,0,1,0,1,0,1,0,1,0,1,0,0,0,1,0
0,0,1,1,1.2014260790034217,1,1,0.19312944721178524,0.8618313282452661,1,-0.5304212830933229,1.0471678523539008,0,0,3.0,0,0,0,0,0,1,0,0,0,1,0,1,0,1,0,0,0,0,0,0
0,0,0,1,-0.6303319887333076,1,1,-0.30130516730018236,-0.597557476641038,1,-0.3024335528132602,-0.5705298937831644,0,1,1.0,0,1,0,0,0,0,0,0,0,1,0,0,0,0,0,0,0,0,1,1
1,0,1,1,-0.38609757970174374,0,1,-1.1474852122703283,-0.7110940160551396,0,-0.5141184923983114,-0.5705298937831644,0,0,1.0,1,0,0,0,0,0,0,0,0,0,0,1,0,0,0,0,0,0,0,0
0,0,0,0,1.3642490183577978,1,1,0.903257014363202,1.6487766678094034,1,-0.5013600312892855,-0.031297311737476054,0,0,3.0,0,1,1,0,0,0,0,0,0,1,0,0,0,1,0,0,0,0,0,0
0,0,1,1,0.9571916699718578,2,1,-1.3266762806169474,-0.3643852368549371,1,-0.6093394652619826,-1.109762475828853,0,0,3.0,0,1,0,1,1,0,1,0,1,0,1,0,1,0,1,0,1,0,0,0
0,0,1,0,-0.5082147842175256,0,0,0.5797175854040286,-0.31021678935476005,1,-0.20788422149446883,-0.5705298937831644,0,1,1.0,0,1,1,0,0,1,0,0,0,0,0,0,0,0,0,0,0,1,0,1
1,0,1,1,-1.3223294809894055,2,0,-1.4959122896109767,-1.0089217498805365,1,1.6261625949136365,-1.109762475828853,0,1,0.0,0,0,0,1,1,0,1,0,1,0,1,0,1,0,1,0,0,0,1,0
0,0,0,0,-1.0373893371192475,0,1,0.4768486387605988,-0.7793695156989433,1,0.48176838053430776,-0.5705298937831644,1,1,1.0,0,0,1,0,0,0,0,0,0,0,0,0,0,0,0,1,0,1,0,1
1,0,0,0,-0.9152721326034655,0,1,-0.634799655611946,-0.8175221808276626,1,-0.1802659625811896,-1.109762475828853,1,0,1.0,0,0,0,0,0,0,0,0,0,0,0,0,0,0,0,0,1,0,0,0
1,0,0,0,-0.30468611002455576,0,1,0.46689357940800896,-0.1743459123322419,1,-0.30984015730776493,1.5864004343995892,0,1,2.0,0,0,0,0,0,1,0,1,0,0,0,1,0,1,0,1,0,0,1,0
1,1,0,0,-0.5489205190561197,0,1,0.7721820662207676,-0.22972102836725494,1,-0.1518949316289381,-0.031297311737476054,0,1,1.0,0,1,1,0,0,0,0,1,0,0,0,0,0,1,0,0,0,1,0,1
1,0,0,0,-1.2816237461508113,0,0,-0.3527396406218973,-0.9850955311745047,1,2.4668245083696463,-0.5705298937831644,1,1,0.0,0,1,0,0,0,0,0,1,0,0,0,0,0,0,0,0,0,1,0,0
0,0,1,1,0.06166550352279012,2,0,-1.3266762806169474,-0.6165131423519141,1,-0.5776548204790661,-1.109762475828853,0,0,2.0,0,1,0,1,1,0,1,0,1,0,1,0,1,0,1,0,1,0,0,0
0,0,0,0,-0.7117434584104956,0,1,0.4917812277894838,-0.5210546915324443,1,-0.08575038552739077,-0.5705298937831644,0,1,1.0,0,1,1,0,0,0,0,1,0,0,0,0,0,0,0,0,0,1,0,1
1,0,1,1,1.6084834273893616,2,0,1.6465681126899183,2.635677953309796,1,-0.47904161508269566,2.1256330164452777,0,0,3.0,0,1,1,0,0,1,0,1,0,1,0,1,0,1,0,1,0,0,0,0
0,0,1,1,0.8757802002946699,2,0,-0.16359351292268806,0.4276500499834167,1,-0.5341186733509671,-0.031297311737476054,0,0,3.0,0,1,0,0,0,1,0,0,0,0,0,1,0,0,0,0,0,0,0,0
0,0,1,0,0.9164859351332638,2,0,-0.2697808126836477,0.3566101824234437,1,-0.5429425575164011,0.5079352703082123,0,1,3.0,0,0,0,0,0,1,0,1,0,0,0,1,0,0,0,0,0,0,1,0
0,0,0,0,-0.38609757970174374,0,1,1.1206091435614158,-0.02204240380804999,1,-0.18615478358142623,0.5079352703082123,0,0,1.0,0,1,1,0,0,0,0,1,0,0,0,0,0,1,0,1,1,0,0,0
0,1,1,0,1.4456604880349857,0,1,1.1703844403243657,1.9975038743769673,1,-0.4925157176468795,0.5079352703082123,0,1,3.0,0,1,1,0,0,0,0,1,0,0,0,0,0,1,0,1,0,1,0,1
0,0,0,0,-0.1418631706701798,0,1,0.3673429858821094,-0.03689539650048411,1,-0.3680103002479946,-1.109762475828853,0,0,2.0,0,1,1,0,0,0,0,0,0,0,0,0,0,0,0,0,1,0,0,0
0,0,1,1,0.30589991255435406,2,0,-1.4859572302583868,-0.6678294642242975,1,-0.6031503376290804,-1.109762475828853,0,0,2.0,0,0,0,1,1,0,1,0,1,0,1,0,1,0,1,0,0,0,0,0
0,0,1,1,-0.8338606629262776,0,1,0.6494030008721581,-0.6065965209383539,1,0.08878772578517981,-0.031297311737476054,0,1,1.0,0,1,1,0,0,0,0,1,0,1,0,0,0,0,0,0,0,1,0,1
1,0,0,0,-1.1188008067964355,0,0,1.0492645515345211,-0.7894835919636585,1,1.193356061844389,0.5079352703082123,1,1,0.0,0,1,1,0,0,0,0,1,0,1,0,0,0,0,0,1,0,1,0,0
0,0,0,0,-0.9559778674420595,0,0,-0.21336880968563784,-0.7720417467783037,0,0.013934267737726816,1.5864004343995892,0,1,1.0,1,0,0,0,0,1,0,0,0,1,0,1,0,1,0,1,0,0,1,1
1,0,0,0,1.2421318138420157,1,0,1.313073624378155,1.8830458789908098,1,-0.47171352858457005,1.5864004343995892,0,0,3.0,0,1,1,0,0,1,0,1,0,1,0,1,0,1,0,0,1,0,0,0
1,0,0,0,-1.2816237461508113,0,0,-0.4539494107065617,-0.9864338362767773,1,2.2912067798736993,-0.5705298937831644,1,1,0.0,0,0,0,0,0,1,0,0,0,0,0,0,0,0,0,0,0,0,1,0
0,1,1,0,0.428017117070136,0,0,-0.3112602266527725,0.018808810953120435,0,-0.5143584073279507,1.0471678523539008,0,0,2.0,1,0,0,0,0,0,0,1,0,1,0,0,0,1,0,1,1,0,0,1
0,0,1,0,1.5677776925507676,2,0,1.4706953974608292,2.3731288195574187,1,-0.4850088142687463,1.5864004343995892,0,1,3.0,0,1,1,0,0,0,0,1,0,1,0,1,0,1,0,1,0,1,0,0
1,0,0,0,-1.2409180113122174,0,0,-0.626503772818121,-0.9736650892354233,1,1.1079463468928084,-1.109762475828853,1,0,0.0,0,0,0,0,0,0,0,0,0,0,0,0,0,0,0,0,0,0,0,1
0,1,0,0,-0.30468611002455576,0,1,1.2566616213801451,0.15834357243595834,1,-0.2044252282231862,1.0471678523539008,0,1,2.0,0,1,1,0,0,1,0,1,0,0,0,0,0,1,0,1,0,0,1,1
0,0,1,0,-0.3453918448631497,1,0,-1.477661347464562,-0.7970746340191713,1,-0.5657769750482395,-1.109762475828853,0,0,1.0,0,0,0,1,1,0,1,0,1,0,1,0,1,0,1,0,1,0,0,0
1,0,0,0,-1.0780950719578415,0,0,-1.469365464670737,-0.9609621604777875,1,-0.32002731432014014,-1.109762475828853,0,1,0.0,0,0,0,1,1,0,1,0,1,0,1,0,1,0,1,0,0,0,1,0
